/*
 Navicat Premium Data Transfer

 Source Server         : LOCAL-MARIA
 Source Server Type    : MariaDB
 Source Server Version : 110702 (11.7.2-MariaDB)
 Source Host           : 127.0.0.1:3306
 Source Schema         : project_billing_internet

 Target Server Type    : MariaDB
 Target Server Version : 110702 (11.7.2-MariaDB)
 File Encoding         : 65001

 Date: 16/05/2025 21:01:02
*/

SET NAMES utf8mb4;
SET FOREIGN_KEY_CHECKS = 0;

-- ----------------------------
-- Table structure for cache
-- ----------------------------
DROP TABLE IF EXISTS `cache`;
CREATE TABLE `cache`  (
  `key` varchar(255) CHARACTER SET utf8mb4 COLLATE utf8mb4_unicode_ci NOT NULL,
  `value` mediumtext CHARACTER SET utf8mb4 COLLATE utf8mb4_unicode_ci NOT NULL,
  `expiration` int(11) NOT NULL,
  PRIMARY KEY (`key`) USING BTREE
) ENGINE = InnoDB CHARACTER SET = utf8mb4 COLLATE = utf8mb4_unicode_ci ROW_FORMAT = Dynamic;

-- ----------------------------
-- Records of cache
-- ----------------------------
INSERT INTO `cache` VALUES ('dev@mail.com|127.0.0.1', 'i:1;', 1747395738);
INSERT INTO `cache` VALUES ('dev@mail.com|127.0.0.1:timer', 'i:1747395738;', 1747395738);
INSERT INTO `cache` VALUES ('laporan-pembayaran-9e4bcb66-7d48-4aec-8f27-716cebd438b7', 'a:1:{s:5:\"print\";b:1;}', 1741951397);
INSERT INTO `cache` VALUES ('laporan-piutang-9e4bcb66-7d48-4aec-8f27-716cebd438b7', 'a:1:{s:5:\"print\";b:1;}', 1741951605);
INSERT INTO `cache` VALUES ('pelanggan-3c420f9a-f55f-11ef-947b-b8ca3af85f26', 'a:2:{s:4:\"nama\";s:10:\"Yeni Setya\";s:6:\"alamat\";s:20:\"Ds.Karangrejo-Kesesi\";}', 1747397889);
INSERT INTO `cache` VALUES ('pelanggan-3c42b478-f55f-11ef-947b-b8ca3af85f26', 'a:2:{s:4:\"nama\";s:11:\"Anto Warung\";s:6:\"alamat\";s:22:\"Ds. Mulyorejo - Kesesi\";}', 1747397889);
INSERT INTO `cache` VALUES ('pelanggan-3c432f85-f55f-11ef-947b-b8ca3af85f26', 'a:2:{s:4:\"nama\";s:13:\"Ratna Ningsih\";s:6:\"alamat\";s:21:\"Ds. Kalijambe - Sragi\";}', 1747397889);
INSERT INTO `cache` VALUES ('pelanggan-3c4451b6-f55f-11ef-947b-b8ca3af85f26', 'a:2:{s:4:\"nama\";s:11:\"SMP 4 Sragi\";s:6:\"alamat\";s:21:\"Ds. Klunjukan - Sragi\";}', 1747397889);
INSERT INTO `cache` VALUES ('pelanggan-3c46eb62-f55f-11ef-947b-b8ca3af85f26', 'a:2:{s:4:\"nama\";s:4:\"Eroh\";s:6:\"alamat\";s:22:\"Ds. Sumubkidul - Sragi\";}', 1747397889);
INSERT INTO `cache` VALUES ('pelanggan-3c46fed5-f55f-11ef-947b-b8ca3af85f26', 'a:2:{s:4:\"nama\";s:15:\"Letheng/Triyono\";s:6:\"alamat\";s:22:\"Ds. Sumubkidul - Sragi\";}', 1747397889);
INSERT INTO `cache` VALUES ('pelanggan-3c471dc9-f55f-11ef-947b-b8ca3af85f26', 'a:2:{s:4:\"nama\";s:9:\"Sri Hanah\";s:6:\"alamat\";s:22:\"Ds. Sumubkidul - Sragi\";}', 1747397889);
INSERT INTO `cache` VALUES ('pelanggan-3c47844a-f55f-11ef-947b-b8ca3af85f26', 'a:2:{s:4:\"nama\";s:9:\"Pak Supir\";s:6:\"alamat\";s:22:\"Ds. Sumubkidul - Sragi\";}', 1747397889);
INSERT INTO `cache` VALUES ('pelanggan-3c4795d4-f55f-11ef-947b-b8ca3af85f26', 'a:2:{s:4:\"nama\";s:17:\"Mbk Santi / Sicas\";s:6:\"alamat\";s:22:\"Ds. Sumubkidul - Sragi\";}', 1747397889);
INSERT INTO `cache` VALUES ('pelanggan-3c47b72b-f55f-11ef-947b-b8ca3af85f26', 'a:2:{s:4:\"nama\";s:9:\"Eko Kaper\";s:6:\"alamat\";s:22:\"Ds. Sumubkidul - Sragi\";}', 1747397889);
INSERT INTO `cache` VALUES ('pelanggan-3c48ac3b-f55f-11ef-947b-b8ca3af85f26', 'a:2:{s:4:\"nama\";s:8:\"Mbk Dian\";s:6:\"alamat\";s:22:\"Ds. Sumubkidul - Sragi\";}', 1747397889);
INSERT INTO `cache` VALUES ('pelanggan-3c490ac4-f55f-11ef-947b-b8ca3af85f26', 'a:2:{s:4:\"nama\";s:13:\"Eva Risqianah\";s:6:\"alamat\";s:22:\"Ds. Sumubkidul - Sragi\";}', 1747397889);
INSERT INTO `cache` VALUES ('pelanggan-3c492a38-f55f-11ef-947b-b8ca3af85f26', 'a:2:{s:4:\"nama\";s:5:\"Wulan\";s:6:\"alamat\";s:22:\"Ds. Sumubkidul - Sragi\";}', 1747397889);
INSERT INTO `cache` VALUES ('pelanggan-3c4a0f93-f55f-11ef-947b-b8ca3af85f26', 'a:2:{s:4:\"nama\";s:8:\"Mbk Aseh\";s:6:\"alamat\";s:22:\"Ds. Sumubkidul - Sragi\";}', 1747397889);
INSERT INTO `cache` VALUES ('pelanggan-3c4c9895-f55f-11ef-947b-b8ca3af85f26', 'a:2:{s:4:\"nama\";s:14:\"Bu Sri Dawiyah\";s:6:\"alamat\";s:22:\"Ds. Sumubkidul - Sragi\";}', 1747397889);
INSERT INTO `cache` VALUES ('pelanggan-3c4df27d-f55f-11ef-947b-b8ca3af85f26', 'a:2:{s:4:\"nama\";s:7:\"Hartono\";s:6:\"alamat\";s:22:\"Ds. Sumubkidul - Sragi\";}', 1747397889);
INSERT INTO `cache` VALUES ('pelanggan-3c4e3c61-f55f-11ef-947b-b8ca3af85f26', 'a:2:{s:4:\"nama\";s:18:\"Iroh/Pinngire rail\";s:6:\"alamat\";s:22:\"Ds. Sumubkidul - Sragi\";}', 1747397889);
INSERT INTO `cache` VALUES ('pelanggan-3c4e5c99-f55f-11ef-947b-b8ca3af85f26', 'a:2:{s:4:\"nama\";s:5:\"Hesti\";s:6:\"alamat\";s:22:\"Ds. Sumubkidul - Sragi\";}', 1747397889);
INSERT INTO `cache` VALUES ('pelanggan-3caf162b-f55f-11ef-947b-b8ca3af85f26', 'a:2:{s:4:\"nama\";s:5:\"Narko\";s:6:\"alamat\";s:22:\"Ds. Sumubkidul - Sragi\";}', 1747397889);
INSERT INTO `cache` VALUES ('pelanggan-3cb41fb8-f55f-11ef-947b-b8ca3af85f26', 'a:2:{s:4:\"nama\";s:7:\"Daryati\";s:6:\"alamat\";s:22:\"Ds. Sumubkidul - Sragi\";}', 1747397889);
INSERT INTO `cache` VALUES ('pelanggan-3cb8493a-f55f-11ef-947b-b8ca3af85f26', 'a:2:{s:4:\"nama\";s:15:\"Slamet Prasetyo\";s:6:\"alamat\";s:22:\"Ds. Sumubkidul - Sragi\";}', 1747397889);
INSERT INTO `cache` VALUES ('pelanggan-9e51513e-de3f-4048-a96c-a0809e1986e7', 'a:2:{s:4:\"nama\";s:6:\"guntur\";s:6:\"alamat\";s:10:\"pekalongan\";}', 1741951398);
INSERT INTO `cache` VALUES ('pelanggan-9e5b89d6-d50a-4a6f-a09b-d1173c26470c', 'a:2:{s:4:\"nama\";s:12:\"Reza Ryzaldi\";s:6:\"alamat\";s:20:\"Ds. Sumubkidul-Sragi\";}', 1747397889);
INSERT INTO `cache` VALUES ('pelanggan-9e5e1a52-af00-4671-bcdf-002cfe75cc4d', 'a:2:{s:4:\"nama\";s:8:\"Ibu Wati\";s:6:\"alamat\";s:28:\"Dk. Besaran-Mulyorejo-Kesesi\";}', 1747397889);
INSERT INTO `cache` VALUES ('pelanggan-9e5f3d1a-d6fe-4e99-9b86-36311fd022a8', 'a:2:{s:4:\"nama\";s:7:\"Mbk Nia\";s:6:\"alamat\";s:32:\"Dk. Jlubang Ds. Pantirejo-Kesesi\";}', 1747397889);
INSERT INTO `cache` VALUES ('pelanggan-9e5f7176-42b6-4870-952b-b164d43f2669', 'a:2:{s:4:\"nama\";s:5:\"Anwar\";s:6:\"alamat\";s:14:\"Ds. Bulakpelem\";}', 1747397889);
INSERT INTO `cache` VALUES ('pelanggan-9e5fc2e2-edb4-483f-8cc5-f05cd7667e72', 'a:2:{s:4:\"nama\";s:7:\"coba ya\";s:6:\"alamat\";s:40:\"Karangrejo, Kesesi, Kebupaten Pekalongan\";}', 1741951398);
INSERT INTO `cache` VALUES ('pembayaran-gate-9e4bc8c7-6734-4bb1-a18d-170a7430727d', 'a:1:{s:6:\"create\";b:1;}', 1747398305);
INSERT INTO `cache` VALUES ('pembayaran-paket-internet-03441136-f55a-11ef-947b-b8ca3af85f26', 's:12:\"Up to 15Mbps\";', 1747397889);
INSERT INTO `cache` VALUES ('pembayaran-paket-internet-0951c412-f55a-11ef-947b-b8ca3af85f26', 's:12:\"Up to 20Mbps\";', 1747397889);
INSERT INTO `cache` VALUES ('pembayaran-paket-internet-9e4bcbc0-bc8f-4a67-a282-eb2cad3694c7', 's:13:\"UP To 10 Mbps\";', 1741951398);
INSERT INTO `cache` VALUES ('pembayaran-paket-internet-9e52a863-cdbc-4e55-9d91-4158a2110057', 's:21:\"Up to 15mbps Instansi\";', 1747397889);
INSERT INTO `cache` VALUES ('pembayaran-paket-internet-ed525232-f559-11ef-947b-b8ca3af85f26', 's:12:\"Up to 10Mbps\";', 1747397889);
INSERT INTO `cache` VALUES ('pembayaran-paket-internet-fa368320-f559-11ef-947b-b8ca3af85f26', 's:12:\"Up to 12Mbps\";', 1747397889);
INSERT INTO `cache` VALUES ('share-data-', 'a:3:{s:4:\"user\";N;s:11:\"permissions\";N;s:10:\"perusahaan\";a:6:{s:2:\"id\";i:1747395713;s:4:\"nama\";s:20:\"DEVELOPER ABATA TECH\";s:4:\"telp\";s:17:\"+62 877-9905-8312\";s:9:\"koordinat\";a:2:{i:0;d:109.52646521589804;i:1;d:-7.01800386097385;}s:6:\"alamat\";s:0:\"\";s:4:\"logo\";s:0:\"\";}}', 1747395773);
INSERT INTO `cache` VALUES ('share-data-9e379d80-4ec0-4314-b6ba-358a259ec70f', 'a:3:{s:4:\"user\";O:15:\"App\\Models\\User\":33:{s:13:\"\0*\0connection\";s:5:\"mysql\";s:8:\"\0*\0table\";s:5:\"users\";s:13:\"\0*\0primaryKey\";s:2:\"id\";s:10:\"\0*\0keyType\";s:3:\"int\";s:12:\"incrementing\";b:1;s:7:\"\0*\0with\";a:0:{}s:12:\"\0*\0withCount\";a:0:{}s:19:\"preventsLazyLoading\";b:0;s:10:\"\0*\0perPage\";i:15;s:6:\"exists\";b:1;s:18:\"wasRecentlyCreated\";b:0;s:28:\"\0*\0escapeWhenCastingToString\";b:0;s:13:\"\0*\0attributes\";a:10:{s:2:\"id\";s:36:\"9e379d80-4ec0-4314-b6ba-358a259ec70f\";s:13:\"zona_waktu_id\";s:36:\"9e379fe9-42f7-4c54-95f2-e6765aae4a09\";s:4:\"name\";s:9:\"Developer\";s:5:\"email\";s:16:\"dev@abata.web.id\";s:17:\"email_verified_at\";s:19:\"2025-02-15 17:57:07\";s:8:\"password\";s:60:\"$2y$12$81yHzpncpgHemy0xXkR4YeeR5dvxhNosdzS8wsITpHgmeXh7tk/wa\";s:14:\"remember_token\";s:60:\"2nHVvgL4QUQapkdWloiPSXtB1IyHuHCTV8qHxGuk2uC4un70FUeRQhxrwaaL\";s:10:\"deleted_at\";N;s:10:\"created_at\";s:19:\"2025-02-15 17:57:08\";s:10:\"updated_at\";s:19:\"2025-02-15 18:17:05\";}s:11:\"\0*\0original\";a:10:{s:2:\"id\";s:36:\"9e379d80-4ec0-4314-b6ba-358a259ec70f\";s:13:\"zona_waktu_id\";s:36:\"9e379fe9-42f7-4c54-95f2-e6765aae4a09\";s:4:\"name\";s:9:\"Developer\";s:5:\"email\";s:16:\"dev@abata.web.id\";s:17:\"email_verified_at\";s:19:\"2025-02-15 17:57:07\";s:8:\"password\";s:60:\"$2y$12$81yHzpncpgHemy0xXkR4YeeR5dvxhNosdzS8wsITpHgmeXh7tk/wa\";s:14:\"remember_token\";s:60:\"2nHVvgL4QUQapkdWloiPSXtB1IyHuHCTV8qHxGuk2uC4un70FUeRQhxrwaaL\";s:10:\"deleted_at\";N;s:10:\"created_at\";s:19:\"2025-02-15 17:57:08\";s:10:\"updated_at\";s:19:\"2025-02-15 18:17:05\";}s:10:\"\0*\0changes\";a:0:{}s:8:\"\0*\0casts\";a:3:{s:17:\"email_verified_at\";s:8:\"datetime\";s:8:\"password\";s:6:\"hashed\";s:10:\"deleted_at\";s:8:\"datetime\";}s:17:\"\0*\0classCastCache\";a:0:{}s:21:\"\0*\0attributeCastCache\";a:0:{}s:13:\"\0*\0dateFormat\";N;s:10:\"\0*\0appends\";a:0:{}s:19:\"\0*\0dispatchesEvents\";a:0:{}s:14:\"\0*\0observables\";a:0:{}s:12:\"\0*\0relations\";a:2:{s:10:\"perusahaan\";O:39:\"Illuminate\\Database\\Eloquent\\Collection\":2:{s:8:\"\0*\0items\";a:0:{}s:28:\"\0*\0escapeWhenCastingToString\";b:0;}s:5:\"roles\";O:39:\"Illuminate\\Database\\Eloquent\\Collection\":2:{s:8:\"\0*\0items\";a:1:{i:0;O:15:\"App\\Models\\Role\":30:{s:13:\"\0*\0connection\";s:5:\"mysql\";s:8:\"\0*\0table\";s:5:\"roles\";s:13:\"\0*\0primaryKey\";s:4:\"uuid\";s:10:\"\0*\0keyType\";s:3:\"int\";s:12:\"incrementing\";b:1;s:7:\"\0*\0with\";a:0:{}s:12:\"\0*\0withCount\";a:0:{}s:19:\"preventsLazyLoading\";b:0;s:10:\"\0*\0perPage\";i:15;s:6:\"exists\";b:1;s:18:\"wasRecentlyCreated\";b:0;s:28:\"\0*\0escapeWhenCastingToString\";b:0;s:13:\"\0*\0attributes\";a:5:{s:4:\"uuid\";s:36:\"9e379d7c-f6ce-4134-9bc5-4f50ac5997da\";s:4:\"name\";s:9:\"DEVELOPER\";s:10:\"guard_name\";s:3:\"web\";s:10:\"created_at\";s:19:\"2025-02-15 17:57:06\";s:10:\"updated_at\";s:19:\"2025-02-15 17:57:06\";}s:11:\"\0*\0original\";a:8:{s:4:\"uuid\";s:36:\"9e379d7c-f6ce-4134-9bc5-4f50ac5997da\";s:4:\"name\";s:9:\"DEVELOPER\";s:10:\"guard_name\";s:3:\"web\";s:10:\"created_at\";s:19:\"2025-02-15 17:57:06\";s:10:\"updated_at\";s:19:\"2025-02-15 17:57:06\";s:14:\"pivot_model_id\";s:36:\"9e379d80-4ec0-4314-b6ba-358a259ec70f\";s:13:\"pivot_role_id\";s:36:\"9e379d7c-f6ce-4134-9bc5-4f50ac5997da\";s:16:\"pivot_model_type\";s:15:\"App\\Models\\User\";}s:10:\"\0*\0changes\";a:0:{}s:8:\"\0*\0casts\";a:0:{}s:17:\"\0*\0classCastCache\";a:0:{}s:21:\"\0*\0attributeCastCache\";a:0:{}s:13:\"\0*\0dateFormat\";N;s:10:\"\0*\0appends\";a:0:{}s:19:\"\0*\0dispatchesEvents\";a:0:{}s:14:\"\0*\0observables\";a:0:{}s:12:\"\0*\0relations\";a:2:{s:5:\"pivot\";O:49:\"Illuminate\\Database\\Eloquent\\Relations\\MorphPivot\":36:{s:13:\"\0*\0connection\";s:5:\"mysql\";s:8:\"\0*\0table\";s:15:\"model_has_roles\";s:13:\"\0*\0primaryKey\";s:2:\"id\";s:10:\"\0*\0keyType\";s:3:\"int\";s:12:\"incrementing\";b:0;s:7:\"\0*\0with\";a:0:{}s:12:\"\0*\0withCount\";a:0:{}s:19:\"preventsLazyLoading\";b:0;s:10:\"\0*\0perPage\";i:15;s:6:\"exists\";b:1;s:18:\"wasRecentlyCreated\";b:0;s:28:\"\0*\0escapeWhenCastingToString\";b:0;s:13:\"\0*\0attributes\";a:3:{s:10:\"model_type\";s:15:\"App\\Models\\User\";s:8:\"model_id\";s:36:\"9e379d80-4ec0-4314-b6ba-358a259ec70f\";s:7:\"role_id\";s:36:\"9e379d7c-f6ce-4134-9bc5-4f50ac5997da\";}s:11:\"\0*\0original\";a:3:{s:10:\"model_type\";s:15:\"App\\Models\\User\";s:8:\"model_id\";s:36:\"9e379d80-4ec0-4314-b6ba-358a259ec70f\";s:7:\"role_id\";s:36:\"9e379d7c-f6ce-4134-9bc5-4f50ac5997da\";}s:10:\"\0*\0changes\";a:0:{}s:8:\"\0*\0casts\";a:0:{}s:17:\"\0*\0classCastCache\";a:0:{}s:21:\"\0*\0attributeCastCache\";a:0:{}s:13:\"\0*\0dateFormat\";N;s:10:\"\0*\0appends\";a:0:{}s:19:\"\0*\0dispatchesEvents\";a:0:{}s:14:\"\0*\0observables\";a:0:{}s:12:\"\0*\0relations\";a:0:{}s:10:\"\0*\0touches\";a:0:{}s:10:\"timestamps\";b:0;s:13:\"usesUniqueIds\";b:0;s:9:\"\0*\0hidden\";a:0:{}s:10:\"\0*\0visible\";a:0:{}s:11:\"\0*\0fillable\";a:0:{}s:10:\"\0*\0guarded\";a:0:{}s:11:\"pivotParent\";r:2;s:12:\"pivotRelated\";O:15:\"App\\Models\\Role\":30:{s:13:\"\0*\0connection\";s:5:\"mysql\";s:8:\"\0*\0table\";s:5:\"roles\";s:13:\"\0*\0primaryKey\";s:4:\"uuid\";s:10:\"\0*\0keyType\";s:3:\"int\";s:12:\"incrementing\";b:1;s:7:\"\0*\0with\";a:0:{}s:12:\"\0*\0withCount\";a:0:{}s:19:\"preventsLazyLoading\";b:0;s:10:\"\0*\0perPage\";i:15;s:6:\"exists\";b:0;s:18:\"wasRecentlyCreated\";b:0;s:28:\"\0*\0escapeWhenCastingToString\";b:0;s:13:\"\0*\0attributes\";a:1:{s:10:\"guard_name\";s:3:\"web\";}s:11:\"\0*\0original\";a:0:{}s:10:\"\0*\0changes\";a:0:{}s:8:\"\0*\0casts\";a:0:{}s:17:\"\0*\0classCastCache\";a:0:{}s:21:\"\0*\0attributeCastCache\";a:0:{}s:13:\"\0*\0dateFormat\";N;s:10:\"\0*\0appends\";a:0:{}s:19:\"\0*\0dispatchesEvents\";a:0:{}s:14:\"\0*\0observables\";a:0:{}s:12:\"\0*\0relations\";a:0:{}s:10:\"\0*\0touches\";a:0:{}s:10:\"timestamps\";b:1;s:13:\"usesUniqueIds\";b:1;s:9:\"\0*\0hidden\";a:0:{}s:10:\"\0*\0visible\";a:0:{}s:11:\"\0*\0fillable\";a:0:{}s:10:\"\0*\0guarded\";a:1:{i:0;s:4:\"uuid\";}}s:13:\"\0*\0foreignKey\";s:8:\"model_id\";s:13:\"\0*\0relatedKey\";s:7:\"role_id\";s:12:\"\0*\0morphType\";s:10:\"model_type\";s:13:\"\0*\0morphClass\";s:15:\"App\\Models\\User\";}s:11:\"permissions\";O:39:\"Illuminate\\Database\\Eloquent\\Collection\":2:{s:8:\"\0*\0items\";a:25:{i:0;O:21:\"App\\Models\\Permission\":30:{s:13:\"\0*\0connection\";s:5:\"mysql\";s:8:\"\0*\0table\";s:11:\"permissions\";s:13:\"\0*\0primaryKey\";s:4:\"uuid\";s:10:\"\0*\0keyType\";s:3:\"int\";s:12:\"incrementing\";b:1;s:7:\"\0*\0with\";a:0:{}s:12:\"\0*\0withCount\";a:0:{}s:19:\"preventsLazyLoading\";b:0;s:10:\"\0*\0perPage\";i:15;s:6:\"exists\";b:1;s:18:\"wasRecentlyCreated\";b:0;s:28:\"\0*\0escapeWhenCastingToString\";b:0;s:13:\"\0*\0attributes\";a:5:{s:4:\"uuid\";s:36:\"9e379d7c-22d4-4c64-a4cd-f1577ff6f3d2\";s:4:\"name\";s:16:\"zona-waktu-index\";s:10:\"guard_name\";s:3:\"web\";s:10:\"created_at\";s:19:\"2025-02-15 17:57:05\";s:10:\"updated_at\";s:19:\"2025-02-15 17:57:05\";}s:11:\"\0*\0original\";a:7:{s:4:\"uuid\";s:36:\"9e379d7c-22d4-4c64-a4cd-f1577ff6f3d2\";s:4:\"name\";s:16:\"zona-waktu-index\";s:10:\"guard_name\";s:3:\"web\";s:10:\"created_at\";s:19:\"2025-02-15 17:57:05\";s:10:\"updated_at\";s:19:\"2025-02-15 17:57:05\";s:13:\"pivot_role_id\";s:36:\"9e379d7c-f6ce-4134-9bc5-4f50ac5997da\";s:19:\"pivot_permission_id\";s:36:\"9e379d7c-22d4-4c64-a4cd-f1577ff6f3d2\";}s:10:\"\0*\0changes\";a:0:{}s:8:\"\0*\0casts\";a:0:{}s:17:\"\0*\0classCastCache\";a:0:{}s:21:\"\0*\0attributeCastCache\";a:0:{}s:13:\"\0*\0dateFormat\";N;s:10:\"\0*\0appends\";a:0:{}s:19:\"\0*\0dispatchesEvents\";a:0:{}s:14:\"\0*\0observables\";a:0:{}s:12:\"\0*\0relations\";a:1:{s:5:\"pivot\";O:44:\"Illuminate\\Database\\Eloquent\\Relations\\Pivot\":34:{s:13:\"\0*\0connection\";s:5:\"mysql\";s:8:\"\0*\0table\";s:20:\"role_has_permissions\";s:13:\"\0*\0primaryKey\";s:2:\"id\";s:10:\"\0*\0keyType\";s:3:\"int\";s:12:\"incrementing\";b:0;s:7:\"\0*\0with\";a:0:{}s:12:\"\0*\0withCount\";a:0:{}s:19:\"preventsLazyLoading\";b:0;s:10:\"\0*\0perPage\";i:15;s:6:\"exists\";b:1;s:18:\"wasRecentlyCreated\";b:0;s:28:\"\0*\0escapeWhenCastingToString\";b:0;s:13:\"\0*\0attributes\";a:2:{s:7:\"role_id\";s:36:\"9e379d7c-f6ce-4134-9bc5-4f50ac5997da\";s:13:\"permission_id\";s:36:\"9e379d7c-22d4-4c64-a4cd-f1577ff6f3d2\";}s:11:\"\0*\0original\";a:2:{s:7:\"role_id\";s:36:\"9e379d7c-f6ce-4134-9bc5-4f50ac5997da\";s:13:\"permission_id\";s:36:\"9e379d7c-22d4-4c64-a4cd-f1577ff6f3d2\";}s:10:\"\0*\0changes\";a:0:{}s:8:\"\0*\0casts\";a:0:{}s:17:\"\0*\0classCastCache\";a:0:{}s:21:\"\0*\0attributeCastCache\";a:0:{}s:13:\"\0*\0dateFormat\";N;s:10:\"\0*\0appends\";a:0:{}s:19:\"\0*\0dispatchesEvents\";a:0:{}s:14:\"\0*\0observables\";a:0:{}s:12:\"\0*\0relations\";a:0:{}s:10:\"\0*\0touches\";a:0:{}s:10:\"timestamps\";b:0;s:13:\"usesUniqueIds\";b:0;s:9:\"\0*\0hidden\";a:0:{}s:10:\"\0*\0visible\";a:0:{}s:11:\"\0*\0fillable\";a:0:{}s:10:\"\0*\0guarded\";a:0:{}s:11:\"pivotParent\";r:54;s:12:\"pivotRelated\";O:21:\"App\\Models\\Permission\":30:{s:13:\"\0*\0connection\";s:5:\"mysql\";s:8:\"\0*\0table\";s:11:\"permissions\";s:13:\"\0*\0primaryKey\";s:4:\"uuid\";s:10:\"\0*\0keyType\";s:3:\"int\";s:12:\"incrementing\";b:1;s:7:\"\0*\0with\";a:0:{}s:12:\"\0*\0withCount\";a:0:{}s:19:\"preventsLazyLoading\";b:0;s:10:\"\0*\0perPage\";i:15;s:6:\"exists\";b:0;s:18:\"wasRecentlyCreated\";b:0;s:28:\"\0*\0escapeWhenCastingToString\";b:0;s:13:\"\0*\0attributes\";a:1:{s:10:\"guard_name\";s:3:\"web\";}s:11:\"\0*\0original\";a:0:{}s:10:\"\0*\0changes\";a:0:{}s:8:\"\0*\0casts\";a:0:{}s:17:\"\0*\0classCastCache\";a:0:{}s:21:\"\0*\0attributeCastCache\";a:0:{}s:13:\"\0*\0dateFormat\";N;s:10:\"\0*\0appends\";a:0:{}s:19:\"\0*\0dispatchesEvents\";a:0:{}s:14:\"\0*\0observables\";a:0:{}s:12:\"\0*\0relations\";a:0:{}s:10:\"\0*\0touches\";a:0:{}s:10:\"timestamps\";b:1;s:13:\"usesUniqueIds\";b:1;s:9:\"\0*\0hidden\";a:0:{}s:10:\"\0*\0visible\";a:0:{}s:11:\"\0*\0fillable\";a:0:{}s:10:\"\0*\0guarded\";a:1:{i:0;s:4:\"uuid\";}}s:13:\"\0*\0foreignKey\";s:7:\"role_id\";s:13:\"\0*\0relatedKey\";s:13:\"permission_id\";}}s:10:\"\0*\0touches\";a:0:{}s:10:\"timestamps\";b:1;s:13:\"usesUniqueIds\";b:1;s:9:\"\0*\0hidden\";a:0:{}s:10:\"\0*\0visible\";a:0:{}s:11:\"\0*\0fillable\";a:0:{}s:10:\"\0*\0guarded\";a:1:{i:0;s:4:\"uuid\";}}i:1;O:21:\"App\\Models\\Permission\":30:{s:13:\"\0*\0connection\";s:5:\"mysql\";s:8:\"\0*\0table\";s:11:\"permissions\";s:13:\"\0*\0primaryKey\";s:4:\"uuid\";s:10:\"\0*\0keyType\";s:3:\"int\";s:12:\"incrementing\";b:1;s:7:\"\0*\0with\";a:0:{}s:12:\"\0*\0withCount\";a:0:{}s:19:\"preventsLazyLoading\";b:0;s:10:\"\0*\0perPage\";i:15;s:6:\"exists\";b:1;s:18:\"wasRecentlyCreated\";b:0;s:28:\"\0*\0escapeWhenCastingToString\";b:0;s:13:\"\0*\0attributes\";a:5:{s:4:\"uuid\";s:36:\"9e379d7c-3571-405f-8737-602cae2a1976\";s:4:\"name\";s:17:\"zona-waktu-create\";s:10:\"guard_name\";s:3:\"web\";s:10:\"created_at\";s:19:\"2025-02-15 17:57:05\";s:10:\"updated_at\";s:19:\"2025-02-15 17:57:05\";}s:11:\"\0*\0original\";a:7:{s:4:\"uuid\";s:36:\"9e379d7c-3571-405f-8737-602cae2a1976\";s:4:\"name\";s:17:\"zona-waktu-create\";s:10:\"guard_name\";s:3:\"web\";s:10:\"created_at\";s:19:\"2025-02-15 17:57:05\";s:10:\"updated_at\";s:19:\"2025-02-15 17:57:05\";s:13:\"pivot_role_id\";s:36:\"9e379d7c-f6ce-4134-9bc5-4f50ac5997da\";s:19:\"pivot_permission_id\";s:36:\"9e379d7c-3571-405f-8737-602cae2a1976\";}s:10:\"\0*\0changes\";a:0:{}s:8:\"\0*\0casts\";a:0:{}s:17:\"\0*\0classCastCache\";a:0:{}s:21:\"\0*\0attributeCastCache\";a:0:{}s:13:\"\0*\0dateFormat\";N;s:10:\"\0*\0appends\";a:0:{}s:19:\"\0*\0dispatchesEvents\";a:0:{}s:14:\"\0*\0observables\";a:0:{}s:12:\"\0*\0relations\";a:1:{s:5:\"pivot\";O:44:\"Illuminate\\Database\\Eloquent\\Relations\\Pivot\":34:{s:13:\"\0*\0connection\";s:5:\"mysql\";s:8:\"\0*\0table\";s:20:\"role_has_permissions\";s:13:\"\0*\0primaryKey\";s:2:\"id\";s:10:\"\0*\0keyType\";s:3:\"int\";s:12:\"incrementing\";b:0;s:7:\"\0*\0with\";a:0:{}s:12:\"\0*\0withCount\";a:0:{}s:19:\"preventsLazyLoading\";b:0;s:10:\"\0*\0perPage\";i:15;s:6:\"exists\";b:1;s:18:\"wasRecentlyCreated\";b:0;s:28:\"\0*\0escapeWhenCastingToString\";b:0;s:13:\"\0*\0attributes\";a:2:{s:7:\"role_id\";s:36:\"9e379d7c-f6ce-4134-9bc5-4f50ac5997da\";s:13:\"permission_id\";s:36:\"9e379d7c-3571-405f-8737-602cae2a1976\";}s:11:\"\0*\0original\";a:2:{s:7:\"role_id\";s:36:\"9e379d7c-f6ce-4134-9bc5-4f50ac5997da\";s:13:\"permission_id\";s:36:\"9e379d7c-3571-405f-8737-602cae2a1976\";}s:10:\"\0*\0changes\";a:0:{}s:8:\"\0*\0casts\";a:0:{}s:17:\"\0*\0classCastCache\";a:0:{}s:21:\"\0*\0attributeCastCache\";a:0:{}s:13:\"\0*\0dateFormat\";N;s:10:\"\0*\0appends\";a:0:{}s:19:\"\0*\0dispatchesEvents\";a:0:{}s:14:\"\0*\0observables\";a:0:{}s:12:\"\0*\0relations\";a:0:{}s:10:\"\0*\0touches\";a:0:{}s:10:\"timestamps\";b:0;s:13:\"usesUniqueIds\";b:0;s:9:\"\0*\0hidden\";a:0:{}s:10:\"\0*\0visible\";a:0:{}s:11:\"\0*\0fillable\";a:0:{}s:10:\"\0*\0guarded\";a:0:{}s:11:\"pivotParent\";r:54;s:12:\"pivotRelated\";r:240;s:13:\"\0*\0foreignKey\";s:7:\"role_id\";s:13:\"\0*\0relatedKey\";s:13:\"permission_id\";}}s:10:\"\0*\0touches\";a:0:{}s:10:\"timestamps\";b:1;s:13:\"usesUniqueIds\";b:1;s:9:\"\0*\0hidden\";a:0:{}s:10:\"\0*\0visible\";a:0:{}s:11:\"\0*\0fillable\";a:0:{}s:10:\"\0*\0guarded\";a:1:{i:0;s:4:\"uuid\";}}i:2;O:21:\"App\\Models\\Permission\":30:{s:13:\"\0*\0connection\";s:5:\"mysql\";s:8:\"\0*\0table\";s:11:\"permissions\";s:13:\"\0*\0primaryKey\";s:4:\"uuid\";s:10:\"\0*\0keyType\";s:3:\"int\";s:12:\"incrementing\";b:1;s:7:\"\0*\0with\";a:0:{}s:12:\"\0*\0withCount\";a:0:{}s:19:\"preventsLazyLoading\";b:0;s:10:\"\0*\0perPage\";i:15;s:6:\"exists\";b:1;s:18:\"wasRecentlyCreated\";b:0;s:28:\"\0*\0escapeWhenCastingToString\";b:0;s:13:\"\0*\0attributes\";a:5:{s:4:\"uuid\";s:36:\"9e379d7c-3a5c-47c8-9297-dd9df1e3a79e\";s:4:\"name\";s:17:\"zona-waktu-update\";s:10:\"guard_name\";s:3:\"web\";s:10:\"created_at\";s:19:\"2025-02-15 17:57:05\";s:10:\"updated_at\";s:19:\"2025-02-15 17:57:05\";}s:11:\"\0*\0original\";a:7:{s:4:\"uuid\";s:36:\"9e379d7c-3a5c-47c8-9297-dd9df1e3a79e\";s:4:\"name\";s:17:\"zona-waktu-update\";s:10:\"guard_name\";s:3:\"web\";s:10:\"created_at\";s:19:\"2025-02-15 17:57:05\";s:10:\"updated_at\";s:19:\"2025-02-15 17:57:05\";s:13:\"pivot_role_id\";s:36:\"9e379d7c-f6ce-4134-9bc5-4f50ac5997da\";s:19:\"pivot_permission_id\";s:36:\"9e379d7c-3a5c-47c8-9297-dd9df1e3a79e\";}s:10:\"\0*\0changes\";a:0:{}s:8:\"\0*\0casts\";a:0:{}s:17:\"\0*\0classCastCache\";a:0:{}s:21:\"\0*\0attributeCastCache\";a:0:{}s:13:\"\0*\0dateFormat\";N;s:10:\"\0*\0appends\";a:0:{}s:19:\"\0*\0dispatchesEvents\";a:0:{}s:14:\"\0*\0observables\";a:0:{}s:12:\"\0*\0relations\";a:1:{s:5:\"pivot\";O:44:\"Illuminate\\Database\\Eloquent\\Relations\\Pivot\":34:{s:13:\"\0*\0connection\";s:5:\"mysql\";s:8:\"\0*\0table\";s:20:\"role_has_permissions\";s:13:\"\0*\0primaryKey\";s:2:\"id\";s:10:\"\0*\0keyType\";s:3:\"int\";s:12:\"incrementing\";b:0;s:7:\"\0*\0with\";a:0:{}s:12:\"\0*\0withCount\";a:0:{}s:19:\"preventsLazyLoading\";b:0;s:10:\"\0*\0perPage\";i:15;s:6:\"exists\";b:1;s:18:\"wasRecentlyCreated\";b:0;s:28:\"\0*\0escapeWhenCastingToString\";b:0;s:13:\"\0*\0attributes\";a:2:{s:7:\"role_id\";s:36:\"9e379d7c-f6ce-4134-9bc5-4f50ac5997da\";s:13:\"permission_id\";s:36:\"9e379d7c-3a5c-47c8-9297-dd9df1e3a79e\";}s:11:\"\0*\0original\";a:2:{s:7:\"role_id\";s:36:\"9e379d7c-f6ce-4134-9bc5-4f50ac5997da\";s:13:\"permission_id\";s:36:\"9e379d7c-3a5c-47c8-9297-dd9df1e3a79e\";}s:10:\"\0*\0changes\";a:0:{}s:8:\"\0*\0casts\";a:0:{}s:17:\"\0*\0classCastCache\";a:0:{}s:21:\"\0*\0attributeCastCache\";a:0:{}s:13:\"\0*\0dateFormat\";N;s:10:\"\0*\0appends\";a:0:{}s:19:\"\0*\0dispatchesEvents\";a:0:{}s:14:\"\0*\0observables\";a:0:{}s:12:\"\0*\0relations\";a:0:{}s:10:\"\0*\0touches\";a:0:{}s:10:\"timestamps\";b:0;s:13:\"usesUniqueIds\";b:0;s:9:\"\0*\0hidden\";a:0:{}s:10:\"\0*\0visible\";a:0:{}s:11:\"\0*\0fillable\";a:0:{}s:10:\"\0*\0guarded\";a:0:{}s:11:\"pivotParent\";r:54;s:12:\"pivotRelated\";r:240;s:13:\"\0*\0foreignKey\";s:7:\"role_id\";s:13:\"\0*\0relatedKey\";s:13:\"permission_id\";}}s:10:\"\0*\0touches\";a:0:{}s:10:\"timestamps\";b:1;s:13:\"usesUniqueIds\";b:1;s:9:\"\0*\0hidden\";a:0:{}s:10:\"\0*\0visible\";a:0:{}s:11:\"\0*\0fillable\";a:0:{}s:10:\"\0*\0guarded\";a:1:{i:0;s:4:\"uuid\";}}i:3;O:21:\"App\\Models\\Permission\":30:{s:13:\"\0*\0connection\";s:5:\"mysql\";s:8:\"\0*\0table\";s:11:\"permissions\";s:13:\"\0*\0primaryKey\";s:4:\"uuid\";s:10:\"\0*\0keyType\";s:3:\"int\";s:12:\"incrementing\";b:1;s:7:\"\0*\0with\";a:0:{}s:12:\"\0*\0withCount\";a:0:{}s:19:\"preventsLazyLoading\";b:0;s:10:\"\0*\0perPage\";i:15;s:6:\"exists\";b:1;s:18:\"wasRecentlyCreated\";b:0;s:28:\"\0*\0escapeWhenCastingToString\";b:0;s:13:\"\0*\0attributes\";a:5:{s:4:\"uuid\";s:36:\"9e379d7c-3e2c-441e-a2c1-eb8340415081\";s:4:\"name\";s:17:\"zona-waktu-delete\";s:10:\"guard_name\";s:3:\"web\";s:10:\"created_at\";s:19:\"2025-02-15 17:57:05\";s:10:\"updated_at\";s:19:\"2025-02-15 17:57:05\";}s:11:\"\0*\0original\";a:7:{s:4:\"uuid\";s:36:\"9e379d7c-3e2c-441e-a2c1-eb8340415081\";s:4:\"name\";s:17:\"zona-waktu-delete\";s:10:\"guard_name\";s:3:\"web\";s:10:\"created_at\";s:19:\"2025-02-15 17:57:05\";s:10:\"updated_at\";s:19:\"2025-02-15 17:57:05\";s:13:\"pivot_role_id\";s:36:\"9e379d7c-f6ce-4134-9bc5-4f50ac5997da\";s:19:\"pivot_permission_id\";s:36:\"9e379d7c-3e2c-441e-a2c1-eb8340415081\";}s:10:\"\0*\0changes\";a:0:{}s:8:\"\0*\0casts\";a:0:{}s:17:\"\0*\0classCastCache\";a:0:{}s:21:\"\0*\0attributeCastCache\";a:0:{}s:13:\"\0*\0dateFormat\";N;s:10:\"\0*\0appends\";a:0:{}s:19:\"\0*\0dispatchesEvents\";a:0:{}s:14:\"\0*\0observables\";a:0:{}s:12:\"\0*\0relations\";a:1:{s:5:\"pivot\";O:44:\"Illuminate\\Database\\Eloquent\\Relations\\Pivot\":34:{s:13:\"\0*\0connection\";s:5:\"mysql\";s:8:\"\0*\0table\";s:20:\"role_has_permissions\";s:13:\"\0*\0primaryKey\";s:2:\"id\";s:10:\"\0*\0keyType\";s:3:\"int\";s:12:\"incrementing\";b:0;s:7:\"\0*\0with\";a:0:{}s:12:\"\0*\0withCount\";a:0:{}s:19:\"preventsLazyLoading\";b:0;s:10:\"\0*\0perPage\";i:15;s:6:\"exists\";b:1;s:18:\"wasRecentlyCreated\";b:0;s:28:\"\0*\0escapeWhenCastingToString\";b:0;s:13:\"\0*\0attributes\";a:2:{s:7:\"role_id\";s:36:\"9e379d7c-f6ce-4134-9bc5-4f50ac5997da\";s:13:\"permission_id\";s:36:\"9e379d7c-3e2c-441e-a2c1-eb8340415081\";}s:11:\"\0*\0original\";a:2:{s:7:\"role_id\";s:36:\"9e379d7c-f6ce-4134-9bc5-4f50ac5997da\";s:13:\"permission_id\";s:36:\"9e379d7c-3e2c-441e-a2c1-eb8340415081\";}s:10:\"\0*\0changes\";a:0:{}s:8:\"\0*\0casts\";a:0:{}s:17:\"\0*\0classCastCache\";a:0:{}s:21:\"\0*\0attributeCastCache\";a:0:{}s:13:\"\0*\0dateFormat\";N;s:10:\"\0*\0appends\";a:0:{}s:19:\"\0*\0dispatchesEvents\";a:0:{}s:14:\"\0*\0observables\";a:0:{}s:12:\"\0*\0relations\";a:0:{}s:10:\"\0*\0touches\";a:0:{}s:10:\"timestamps\";b:0;s:13:\"usesUniqueIds\";b:0;s:9:\"\0*\0hidden\";a:0:{}s:10:\"\0*\0visible\";a:0:{}s:11:\"\0*\0fillable\";a:0:{}s:10:\"\0*\0guarded\";a:0:{}s:11:\"pivotParent\";r:54;s:12:\"pivotRelated\";r:240;s:13:\"\0*\0foreignKey\";s:7:\"role_id\";s:13:\"\0*\0relatedKey\";s:13:\"permission_id\";}}s:10:\"\0*\0touches\";a:0:{}s:10:\"timestamps\";b:1;s:13:\"usesUniqueIds\";b:1;s:9:\"\0*\0hidden\";a:0:{}s:10:\"\0*\0visible\";a:0:{}s:11:\"\0*\0fillable\";a:0:{}s:10:\"\0*\0guarded\";a:1:{i:0;s:4:\"uuid\";}}i:4;O:21:\"App\\Models\\Permission\":30:{s:13:\"\0*\0connection\";s:5:\"mysql\";s:8:\"\0*\0table\";s:11:\"permissions\";s:13:\"\0*\0primaryKey\";s:4:\"uuid\";s:10:\"\0*\0keyType\";s:3:\"int\";s:12:\"incrementing\";b:1;s:7:\"\0*\0with\";a:0:{}s:12:\"\0*\0withCount\";a:0:{}s:19:\"preventsLazyLoading\";b:0;s:10:\"\0*\0perPage\";i:15;s:6:\"exists\";b:1;s:18:\"wasRecentlyCreated\";b:0;s:28:\"\0*\0escapeWhenCastingToString\";b:0;s:13:\"\0*\0attributes\";a:5:{s:4:\"uuid\";s:36:\"9e379d7c-41db-4560-b343-bb1663436790\";s:4:\"name\";s:16:\"perusahaan-index\";s:10:\"guard_name\";s:3:\"web\";s:10:\"created_at\";s:19:\"2025-02-15 17:57:05\";s:10:\"updated_at\";s:19:\"2025-02-15 17:57:05\";}s:11:\"\0*\0original\";a:7:{s:4:\"uuid\";s:36:\"9e379d7c-41db-4560-b343-bb1663436790\";s:4:\"name\";s:16:\"perusahaan-index\";s:10:\"guard_name\";s:3:\"web\";s:10:\"created_at\";s:19:\"2025-02-15 17:57:05\";s:10:\"updated_at\";s:19:\"2025-02-15 17:57:05\";s:13:\"pivot_role_id\";s:36:\"9e379d7c-f6ce-4134-9bc5-4f50ac5997da\";s:19:\"pivot_permission_id\";s:36:\"9e379d7c-41db-4560-b343-bb1663436790\";}s:10:\"\0*\0changes\";a:0:{}s:8:\"\0*\0casts\";a:0:{}s:17:\"\0*\0classCastCache\";a:0:{}s:21:\"\0*\0attributeCastCache\";a:0:{}s:13:\"\0*\0dateFormat\";N;s:10:\"\0*\0appends\";a:0:{}s:19:\"\0*\0dispatchesEvents\";a:0:{}s:14:\"\0*\0observables\";a:0:{}s:12:\"\0*\0relations\";a:1:{s:5:\"pivot\";O:44:\"Illuminate\\Database\\Eloquent\\Relations\\Pivot\":34:{s:13:\"\0*\0connection\";s:5:\"mysql\";s:8:\"\0*\0table\";s:20:\"role_has_permissions\";s:13:\"\0*\0primaryKey\";s:2:\"id\";s:10:\"\0*\0keyType\";s:3:\"int\";s:12:\"incrementing\";b:0;s:7:\"\0*\0with\";a:0:{}s:12:\"\0*\0withCount\";a:0:{}s:19:\"preventsLazyLoading\";b:0;s:10:\"\0*\0perPage\";i:15;s:6:\"exists\";b:1;s:18:\"wasRecentlyCreated\";b:0;s:28:\"\0*\0escapeWhenCastingToString\";b:0;s:13:\"\0*\0attributes\";a:2:{s:7:\"role_id\";s:36:\"9e379d7c-f6ce-4134-9bc5-4f50ac5997da\";s:13:\"permission_id\";s:36:\"9e379d7c-41db-4560-b343-bb1663436790\";}s:11:\"\0*\0original\";a:2:{s:7:\"role_id\";s:36:\"9e379d7c-f6ce-4134-9bc5-4f50ac5997da\";s:13:\"permission_id\";s:36:\"9e379d7c-41db-4560-b343-bb1663436790\";}s:10:\"\0*\0changes\";a:0:{}s:8:\"\0*\0casts\";a:0:{}s:17:\"\0*\0classCastCache\";a:0:{}s:21:\"\0*\0attributeCastCache\";a:0:{}s:13:\"\0*\0dateFormat\";N;s:10:\"\0*\0appends\";a:0:{}s:19:\"\0*\0dispatchesEvents\";a:0:{}s:14:\"\0*\0observables\";a:0:{}s:12:\"\0*\0relations\";a:0:{}s:10:\"\0*\0touches\";a:0:{}s:10:\"timestamps\";b:0;s:13:\"usesUniqueIds\";b:0;s:9:\"\0*\0hidden\";a:0:{}s:10:\"\0*\0visible\";a:0:{}s:11:\"\0*\0fillable\";a:0:{}s:10:\"\0*\0guarded\";a:0:{}s:11:\"pivotParent\";r:54;s:12:\"pivotRelated\";r:240;s:13:\"\0*\0foreignKey\";s:7:\"role_id\";s:13:\"\0*\0relatedKey\";s:13:\"permission_id\";}}s:10:\"\0*\0touches\";a:0:{}s:10:\"timestamps\";b:1;s:13:\"usesUniqueIds\";b:1;s:9:\"\0*\0hidden\";a:0:{}s:10:\"\0*\0visible\";a:0:{}s:11:\"\0*\0fillable\";a:0:{}s:10:\"\0*\0guarded\";a:1:{i:0;s:4:\"uuid\";}}i:5;O:21:\"App\\Models\\Permission\":30:{s:13:\"\0*\0connection\";s:5:\"mysql\";s:8:\"\0*\0table\";s:11:\"permissions\";s:13:\"\0*\0primaryKey\";s:4:\"uuid\";s:10:\"\0*\0keyType\";s:3:\"int\";s:12:\"incrementing\";b:1;s:7:\"\0*\0with\";a:0:{}s:12:\"\0*\0withCount\";a:0:{}s:19:\"preventsLazyLoading\";b:0;s:10:\"\0*\0perPage\";i:15;s:6:\"exists\";b:1;s:18:\"wasRecentlyCreated\";b:0;s:28:\"\0*\0escapeWhenCastingToString\";b:0;s:13:\"\0*\0attributes\";a:5:{s:4:\"uuid\";s:36:\"9e379d7c-4636-4753-b0a7-a4839ad4cb10\";s:4:\"name\";s:17:\"perusahaan-create\";s:10:\"guard_name\";s:3:\"web\";s:10:\"created_at\";s:19:\"2025-02-15 17:57:05\";s:10:\"updated_at\";s:19:\"2025-02-15 17:57:05\";}s:11:\"\0*\0original\";a:7:{s:4:\"uuid\";s:36:\"9e379d7c-4636-4753-b0a7-a4839ad4cb10\";s:4:\"name\";s:17:\"perusahaan-create\";s:10:\"guard_name\";s:3:\"web\";s:10:\"created_at\";s:19:\"2025-02-15 17:57:05\";s:10:\"updated_at\";s:19:\"2025-02-15 17:57:05\";s:13:\"pivot_role_id\";s:36:\"9e379d7c-f6ce-4134-9bc5-4f50ac5997da\";s:19:\"pivot_permission_id\";s:36:\"9e379d7c-4636-4753-b0a7-a4839ad4cb10\";}s:10:\"\0*\0changes\";a:0:{}s:8:\"\0*\0casts\";a:0:{}s:17:\"\0*\0classCastCache\";a:0:{}s:21:\"\0*\0attributeCastCache\";a:0:{}s:13:\"\0*\0dateFormat\";N;s:10:\"\0*\0appends\";a:0:{}s:19:\"\0*\0dispatchesEvents\";a:0:{}s:14:\"\0*\0observables\";a:0:{}s:12:\"\0*\0relations\";a:1:{s:5:\"pivot\";O:44:\"Illuminate\\Database\\Eloquent\\Relations\\Pivot\":34:{s:13:\"\0*\0connection\";s:5:\"mysql\";s:8:\"\0*\0table\";s:20:\"role_has_permissions\";s:13:\"\0*\0primaryKey\";s:2:\"id\";s:10:\"\0*\0keyType\";s:3:\"int\";s:12:\"incrementing\";b:0;s:7:\"\0*\0with\";a:0:{}s:12:\"\0*\0withCount\";a:0:{}s:19:\"preventsLazyLoading\";b:0;s:10:\"\0*\0perPage\";i:15;s:6:\"exists\";b:1;s:18:\"wasRecentlyCreated\";b:0;s:28:\"\0*\0escapeWhenCastingToString\";b:0;s:13:\"\0*\0attributes\";a:2:{s:7:\"role_id\";s:36:\"9e379d7c-f6ce-4134-9bc5-4f50ac5997da\";s:13:\"permission_id\";s:36:\"9e379d7c-4636-4753-b0a7-a4839ad4cb10\";}s:11:\"\0*\0original\";a:2:{s:7:\"role_id\";s:36:\"9e379d7c-f6ce-4134-9bc5-4f50ac5997da\";s:13:\"permission_id\";s:36:\"9e379d7c-4636-4753-b0a7-a4839ad4cb10\";}s:10:\"\0*\0changes\";a:0:{}s:8:\"\0*\0casts\";a:0:{}s:17:\"\0*\0classCastCache\";a:0:{}s:21:\"\0*\0attributeCastCache\";a:0:{}s:13:\"\0*\0dateFormat\";N;s:10:\"\0*\0appends\";a:0:{}s:19:\"\0*\0dispatchesEvents\";a:0:{}s:14:\"\0*\0observables\";a:0:{}s:12:\"\0*\0relations\";a:0:{}s:10:\"\0*\0touches\";a:0:{}s:10:\"timestamps\";b:0;s:13:\"usesUniqueIds\";b:0;s:9:\"\0*\0hidden\";a:0:{}s:10:\"\0*\0visible\";a:0:{}s:11:\"\0*\0fillable\";a:0:{}s:10:\"\0*\0guarded\";a:0:{}s:11:\"pivotParent\";r:54;s:12:\"pivotRelated\";r:240;s:13:\"\0*\0foreignKey\";s:7:\"role_id\";s:13:\"\0*\0relatedKey\";s:13:\"permission_id\";}}s:10:\"\0*\0touches\";a:0:{}s:10:\"timestamps\";b:1;s:13:\"usesUniqueIds\";b:1;s:9:\"\0*\0hidden\";a:0:{}s:10:\"\0*\0visible\";a:0:{}s:11:\"\0*\0fillable\";a:0:{}s:10:\"\0*\0guarded\";a:1:{i:0;s:4:\"uuid\";}}i:6;O:21:\"App\\Models\\Permission\":30:{s:13:\"\0*\0connection\";s:5:\"mysql\";s:8:\"\0*\0table\";s:11:\"permissions\";s:13:\"\0*\0primaryKey\";s:4:\"uuid\";s:10:\"\0*\0keyType\";s:3:\"int\";s:12:\"incrementing\";b:1;s:7:\"\0*\0with\";a:0:{}s:12:\"\0*\0withCount\";a:0:{}s:19:\"preventsLazyLoading\";b:0;s:10:\"\0*\0perPage\";i:15;s:6:\"exists\";b:1;s:18:\"wasRecentlyCreated\";b:0;s:28:\"\0*\0escapeWhenCastingToString\";b:0;s:13:\"\0*\0attributes\";a:5:{s:4:\"uuid\";s:36:\"9e379d7c-4988-4fd4-baa4-b213d5ddbcbd\";s:4:\"name\";s:17:\"perusahaan-update\";s:10:\"guard_name\";s:3:\"web\";s:10:\"created_at\";s:19:\"2025-02-15 17:57:05\";s:10:\"updated_at\";s:19:\"2025-02-15 17:57:05\";}s:11:\"\0*\0original\";a:7:{s:4:\"uuid\";s:36:\"9e379d7c-4988-4fd4-baa4-b213d5ddbcbd\";s:4:\"name\";s:17:\"perusahaan-update\";s:10:\"guard_name\";s:3:\"web\";s:10:\"created_at\";s:19:\"2025-02-15 17:57:05\";s:10:\"updated_at\";s:19:\"2025-02-15 17:57:05\";s:13:\"pivot_role_id\";s:36:\"9e379d7c-f6ce-4134-9bc5-4f50ac5997da\";s:19:\"pivot_permission_id\";s:36:\"9e379d7c-4988-4fd4-baa4-b213d5ddbcbd\";}s:10:\"\0*\0changes\";a:0:{}s:8:\"\0*\0casts\";a:0:{}s:17:\"\0*\0classCastCache\";a:0:{}s:21:\"\0*\0attributeCastCache\";a:0:{}s:13:\"\0*\0dateFormat\";N;s:10:\"\0*\0appends\";a:0:{}s:19:\"\0*\0dispatchesEvents\";a:0:{}s:14:\"\0*\0observables\";a:0:{}s:12:\"\0*\0relations\";a:1:{s:5:\"pivot\";O:44:\"Illuminate\\Database\\Eloquent\\Relations\\Pivot\":34:{s:13:\"\0*\0connection\";s:5:\"mysql\";s:8:\"\0*\0table\";s:20:\"role_has_permissions\";s:13:\"\0*\0primaryKey\";s:2:\"id\";s:10:\"\0*\0keyType\";s:3:\"int\";s:12:\"incrementing\";b:0;s:7:\"\0*\0with\";a:0:{}s:12:\"\0*\0withCount\";a:0:{}s:19:\"preventsLazyLoading\";b:0;s:10:\"\0*\0perPage\";i:15;s:6:\"exists\";b:1;s:18:\"wasRecentlyCreated\";b:0;s:28:\"\0*\0escapeWhenCastingToString\";b:0;s:13:\"\0*\0attributes\";a:2:{s:7:\"role_id\";s:36:\"9e379d7c-f6ce-4134-9bc5-4f50ac5997da\";s:13:\"permission_id\";s:36:\"9e379d7c-4988-4fd4-baa4-b213d5ddbcbd\";}s:11:\"\0*\0original\";a:2:{s:7:\"role_id\";s:36:\"9e379d7c-f6ce-4134-9bc5-4f50ac5997da\";s:13:\"permission_id\";s:36:\"9e379d7c-4988-4fd4-baa4-b213d5ddbcbd\";}s:10:\"\0*\0changes\";a:0:{}s:8:\"\0*\0casts\";a:0:{}s:17:\"\0*\0classCastCache\";a:0:{}s:21:\"\0*\0attributeCastCache\";a:0:{}s:13:\"\0*\0dateFormat\";N;s:10:\"\0*\0appends\";a:0:{}s:19:\"\0*\0dispatchesEvents\";a:0:{}s:14:\"\0*\0observables\";a:0:{}s:12:\"\0*\0relations\";a:0:{}s:10:\"\0*\0touches\";a:0:{}s:10:\"timestamps\";b:0;s:13:\"usesUniqueIds\";b:0;s:9:\"\0*\0hidden\";a:0:{}s:10:\"\0*\0visible\";a:0:{}s:11:\"\0*\0fillable\";a:0:{}s:10:\"\0*\0guarded\";a:0:{}s:11:\"pivotParent\";r:54;s:12:\"pivotRelated\";r:240;s:13:\"\0*\0foreignKey\";s:7:\"role_id\";s:13:\"\0*\0relatedKey\";s:13:\"permission_id\";}}s:10:\"\0*\0touches\";a:0:{}s:10:\"timestamps\";b:1;s:13:\"usesUniqueIds\";b:1;s:9:\"\0*\0hidden\";a:0:{}s:10:\"\0*\0visible\";a:0:{}s:11:\"\0*\0fillable\";a:0:{}s:10:\"\0*\0guarded\";a:1:{i:0;s:4:\"uuid\";}}i:7;O:21:\"App\\Models\\Permission\":30:{s:13:\"\0*\0connection\";s:5:\"mysql\";s:8:\"\0*\0table\";s:11:\"permissions\";s:13:\"\0*\0primaryKey\";s:4:\"uuid\";s:10:\"\0*\0keyType\";s:3:\"int\";s:12:\"incrementing\";b:1;s:7:\"\0*\0with\";a:0:{}s:12:\"\0*\0withCount\";a:0:{}s:19:\"preventsLazyLoading\";b:0;s:10:\"\0*\0perPage\";i:15;s:6:\"exists\";b:1;s:18:\"wasRecentlyCreated\";b:0;s:28:\"\0*\0escapeWhenCastingToString\";b:0;s:13:\"\0*\0attributes\";a:5:{s:4:\"uuid\";s:36:\"9e379d7c-4d58-4bea-a4a7-a5eddd0a1f10\";s:4:\"name\";s:17:\"perusahaan-delete\";s:10:\"guard_name\";s:3:\"web\";s:10:\"created_at\";s:19:\"2025-02-15 17:57:05\";s:10:\"updated_at\";s:19:\"2025-02-15 17:57:05\";}s:11:\"\0*\0original\";a:7:{s:4:\"uuid\";s:36:\"9e379d7c-4d58-4bea-a4a7-a5eddd0a1f10\";s:4:\"name\";s:17:\"perusahaan-delete\";s:10:\"guard_name\";s:3:\"web\";s:10:\"created_at\";s:19:\"2025-02-15 17:57:05\";s:10:\"updated_at\";s:19:\"2025-02-15 17:57:05\";s:13:\"pivot_role_id\";s:36:\"9e379d7c-f6ce-4134-9bc5-4f50ac5997da\";s:19:\"pivot_permission_id\";s:36:\"9e379d7c-4d58-4bea-a4a7-a5eddd0a1f10\";}s:10:\"\0*\0changes\";a:0:{}s:8:\"\0*\0casts\";a:0:{}s:17:\"\0*\0classCastCache\";a:0:{}s:21:\"\0*\0attributeCastCache\";a:0:{}s:13:\"\0*\0dateFormat\";N;s:10:\"\0*\0appends\";a:0:{}s:19:\"\0*\0dispatchesEvents\";a:0:{}s:14:\"\0*\0observables\";a:0:{}s:12:\"\0*\0relations\";a:1:{s:5:\"pivot\";O:44:\"Illuminate\\Database\\Eloquent\\Relations\\Pivot\":34:{s:13:\"\0*\0connection\";s:5:\"mysql\";s:8:\"\0*\0table\";s:20:\"role_has_permissions\";s:13:\"\0*\0primaryKey\";s:2:\"id\";s:10:\"\0*\0keyType\";s:3:\"int\";s:12:\"incrementing\";b:0;s:7:\"\0*\0with\";a:0:{}s:12:\"\0*\0withCount\";a:0:{}s:19:\"preventsLazyLoading\";b:0;s:10:\"\0*\0perPage\";i:15;s:6:\"exists\";b:1;s:18:\"wasRecentlyCreated\";b:0;s:28:\"\0*\0escapeWhenCastingToString\";b:0;s:13:\"\0*\0attributes\";a:2:{s:7:\"role_id\";s:36:\"9e379d7c-f6ce-4134-9bc5-4f50ac5997da\";s:13:\"permission_id\";s:36:\"9e379d7c-4d58-4bea-a4a7-a5eddd0a1f10\";}s:11:\"\0*\0original\";a:2:{s:7:\"role_id\";s:36:\"9e379d7c-f6ce-4134-9bc5-4f50ac5997da\";s:13:\"permission_id\";s:36:\"9e379d7c-4d58-4bea-a4a7-a5eddd0a1f10\";}s:10:\"\0*\0changes\";a:0:{}s:8:\"\0*\0casts\";a:0:{}s:17:\"\0*\0classCastCache\";a:0:{}s:21:\"\0*\0attributeCastCache\";a:0:{}s:13:\"\0*\0dateFormat\";N;s:10:\"\0*\0appends\";a:0:{}s:19:\"\0*\0dispatchesEvents\";a:0:{}s:14:\"\0*\0observables\";a:0:{}s:12:\"\0*\0relations\";a:0:{}s:10:\"\0*\0touches\";a:0:{}s:10:\"timestamps\";b:0;s:13:\"usesUniqueIds\";b:0;s:9:\"\0*\0hidden\";a:0:{}s:10:\"\0*\0visible\";a:0:{}s:11:\"\0*\0fillable\";a:0:{}s:10:\"\0*\0guarded\";a:0:{}s:11:\"pivotParent\";r:54;s:12:\"pivotRelated\";r:240;s:13:\"\0*\0foreignKey\";s:7:\"role_id\";s:13:\"\0*\0relatedKey\";s:13:\"permission_id\";}}s:10:\"\0*\0touches\";a:0:{}s:10:\"timestamps\";b:1;s:13:\"usesUniqueIds\";b:1;s:9:\"\0*\0hidden\";a:0:{}s:10:\"\0*\0visible\";a:0:{}s:11:\"\0*\0fillable\";a:0:{}s:10:\"\0*\0guarded\";a:1:{i:0;s:4:\"uuid\";}}i:8;O:21:\"App\\Models\\Permission\":30:{s:13:\"\0*\0connection\";s:5:\"mysql\";s:8:\"\0*\0table\";s:11:\"permissions\";s:13:\"\0*\0primaryKey\";s:4:\"uuid\";s:10:\"\0*\0keyType\";s:3:\"int\";s:12:\"incrementing\";b:1;s:7:\"\0*\0with\";a:0:{}s:12:\"\0*\0withCount\";a:0:{}s:19:\"preventsLazyLoading\";b:0;s:10:\"\0*\0perPage\";i:15;s:6:\"exists\";b:1;s:18:\"wasRecentlyCreated\";b:0;s:28:\"\0*\0escapeWhenCastingToString\";b:0;s:13:\"\0*\0attributes\";a:5:{s:4:\"uuid\";s:36:\"9e379d7c-7ea0-4902-8755-792e3b6a783a\";s:4:\"name\";s:13:\"pemilik-index\";s:10:\"guard_name\";s:3:\"web\";s:10:\"created_at\";s:19:\"2025-02-15 17:57:05\";s:10:\"updated_at\";s:19:\"2025-02-15 17:57:05\";}s:11:\"\0*\0original\";a:7:{s:4:\"uuid\";s:36:\"9e379d7c-7ea0-4902-8755-792e3b6a783a\";s:4:\"name\";s:13:\"pemilik-index\";s:10:\"guard_name\";s:3:\"web\";s:10:\"created_at\";s:19:\"2025-02-15 17:57:05\";s:10:\"updated_at\";s:19:\"2025-02-15 17:57:05\";s:13:\"pivot_role_id\";s:36:\"9e379d7c-f6ce-4134-9bc5-4f50ac5997da\";s:19:\"pivot_permission_id\";s:36:\"9e379d7c-7ea0-4902-8755-792e3b6a783a\";}s:10:\"\0*\0changes\";a:0:{}s:8:\"\0*\0casts\";a:0:{}s:17:\"\0*\0classCastCache\";a:0:{}s:21:\"\0*\0attributeCastCache\";a:0:{}s:13:\"\0*\0dateFormat\";N;s:10:\"\0*\0appends\";a:0:{}s:19:\"\0*\0dispatchesEvents\";a:0:{}s:14:\"\0*\0observables\";a:0:{}s:12:\"\0*\0relations\";a:1:{s:5:\"pivot\";O:44:\"Illuminate\\Database\\Eloquent\\Relations\\Pivot\":34:{s:13:\"\0*\0connection\";s:5:\"mysql\";s:8:\"\0*\0table\";s:20:\"role_has_permissions\";s:13:\"\0*\0primaryKey\";s:2:\"id\";s:10:\"\0*\0keyType\";s:3:\"int\";s:12:\"incrementing\";b:0;s:7:\"\0*\0with\";a:0:{}s:12:\"\0*\0withCount\";a:0:{}s:19:\"preventsLazyLoading\";b:0;s:10:\"\0*\0perPage\";i:15;s:6:\"exists\";b:1;s:18:\"wasRecentlyCreated\";b:0;s:28:\"\0*\0escapeWhenCastingToString\";b:0;s:13:\"\0*\0attributes\";a:2:{s:7:\"role_id\";s:36:\"9e379d7c-f6ce-4134-9bc5-4f50ac5997da\";s:13:\"permission_id\";s:36:\"9e379d7c-7ea0-4902-8755-792e3b6a783a\";}s:11:\"\0*\0original\";a:2:{s:7:\"role_id\";s:36:\"9e379d7c-f6ce-4134-9bc5-4f50ac5997da\";s:13:\"permission_id\";s:36:\"9e379d7c-7ea0-4902-8755-792e3b6a783a\";}s:10:\"\0*\0changes\";a:0:{}s:8:\"\0*\0casts\";a:0:{}s:17:\"\0*\0classCastCache\";a:0:{}s:21:\"\0*\0attributeCastCache\";a:0:{}s:13:\"\0*\0dateFormat\";N;s:10:\"\0*\0appends\";a:0:{}s:19:\"\0*\0dispatchesEvents\";a:0:{}s:14:\"\0*\0observables\";a:0:{}s:12:\"\0*\0relations\";a:0:{}s:10:\"\0*\0touches\";a:0:{}s:10:\"timestamps\";b:0;s:13:\"usesUniqueIds\";b:0;s:9:\"\0*\0hidden\";a:0:{}s:10:\"\0*\0visible\";a:0:{}s:11:\"\0*\0fillable\";a:0:{}s:10:\"\0*\0guarded\";a:0:{}s:11:\"pivotParent\";r:54;s:12:\"pivotRelated\";r:240;s:13:\"\0*\0foreignKey\";s:7:\"role_id\";s:13:\"\0*\0relatedKey\";s:13:\"permission_id\";}}s:10:\"\0*\0touches\";a:0:{}s:10:\"timestamps\";b:1;s:13:\"usesUniqueIds\";b:1;s:9:\"\0*\0hidden\";a:0:{}s:10:\"\0*\0visible\";a:0:{}s:11:\"\0*\0fillable\";a:0:{}s:10:\"\0*\0guarded\";a:1:{i:0;s:4:\"uuid\";}}i:9;O:21:\"App\\Models\\Permission\":30:{s:13:\"\0*\0connection\";s:5:\"mysql\";s:8:\"\0*\0table\";s:11:\"permissions\";s:13:\"\0*\0primaryKey\";s:4:\"uuid\";s:10:\"\0*\0keyType\";s:3:\"int\";s:12:\"incrementing\";b:1;s:7:\"\0*\0with\";a:0:{}s:12:\"\0*\0withCount\";a:0:{}s:19:\"preventsLazyLoading\";b:0;s:10:\"\0*\0perPage\";i:15;s:6:\"exists\";b:1;s:18:\"wasRecentlyCreated\";b:0;s:28:\"\0*\0escapeWhenCastingToString\";b:0;s:13:\"\0*\0attributes\";a:5:{s:4:\"uuid\";s:36:\"9e379d7c-8204-4dc8-91f2-a1236664f3bc\";s:4:\"name\";s:14:\"pemilik-create\";s:10:\"guard_name\";s:3:\"web\";s:10:\"created_at\";s:19:\"2025-02-15 17:57:05\";s:10:\"updated_at\";s:19:\"2025-02-15 17:57:05\";}s:11:\"\0*\0original\";a:7:{s:4:\"uuid\";s:36:\"9e379d7c-8204-4dc8-91f2-a1236664f3bc\";s:4:\"name\";s:14:\"pemilik-create\";s:10:\"guard_name\";s:3:\"web\";s:10:\"created_at\";s:19:\"2025-02-15 17:57:05\";s:10:\"updated_at\";s:19:\"2025-02-15 17:57:05\";s:13:\"pivot_role_id\";s:36:\"9e379d7c-f6ce-4134-9bc5-4f50ac5997da\";s:19:\"pivot_permission_id\";s:36:\"9e379d7c-8204-4dc8-91f2-a1236664f3bc\";}s:10:\"\0*\0changes\";a:0:{}s:8:\"\0*\0casts\";a:0:{}s:17:\"\0*\0classCastCache\";a:0:{}s:21:\"\0*\0attributeCastCache\";a:0:{}s:13:\"\0*\0dateFormat\";N;s:10:\"\0*\0appends\";a:0:{}s:19:\"\0*\0dispatchesEvents\";a:0:{}s:14:\"\0*\0observables\";a:0:{}s:12:\"\0*\0relations\";a:1:{s:5:\"pivot\";O:44:\"Illuminate\\Database\\Eloquent\\Relations\\Pivot\":34:{s:13:\"\0*\0connection\";s:5:\"mysql\";s:8:\"\0*\0table\";s:20:\"role_has_permissions\";s:13:\"\0*\0primaryKey\";s:2:\"id\";s:10:\"\0*\0keyType\";s:3:\"int\";s:12:\"incrementing\";b:0;s:7:\"\0*\0with\";a:0:{}s:12:\"\0*\0withCount\";a:0:{}s:19:\"preventsLazyLoading\";b:0;s:10:\"\0*\0perPage\";i:15;s:6:\"exists\";b:1;s:18:\"wasRecentlyCreated\";b:0;s:28:\"\0*\0escapeWhenCastingToString\";b:0;s:13:\"\0*\0attributes\";a:2:{s:7:\"role_id\";s:36:\"9e379d7c-f6ce-4134-9bc5-4f50ac5997da\";s:13:\"permission_id\";s:36:\"9e379d7c-8204-4dc8-91f2-a1236664f3bc\";}s:11:\"\0*\0original\";a:2:{s:7:\"role_id\";s:36:\"9e379d7c-f6ce-4134-9bc5-4f50ac5997da\";s:13:\"permission_id\";s:36:\"9e379d7c-8204-4dc8-91f2-a1236664f3bc\";}s:10:\"\0*\0changes\";a:0:{}s:8:\"\0*\0casts\";a:0:{}s:17:\"\0*\0classCastCache\";a:0:{}s:21:\"\0*\0attributeCastCache\";a:0:{}s:13:\"\0*\0dateFormat\";N;s:10:\"\0*\0appends\";a:0:{}s:19:\"\0*\0dispatchesEvents\";a:0:{}s:14:\"\0*\0observables\";a:0:{}s:12:\"\0*\0relations\";a:0:{}s:10:\"\0*\0touches\";a:0:{}s:10:\"timestamps\";b:0;s:13:\"usesUniqueIds\";b:0;s:9:\"\0*\0hidden\";a:0:{}s:10:\"\0*\0visible\";a:0:{}s:11:\"\0*\0fillable\";a:0:{}s:10:\"\0*\0guarded\";a:0:{}s:11:\"pivotParent\";r:54;s:12:\"pivotRelated\";r:240;s:13:\"\0*\0foreignKey\";s:7:\"role_id\";s:13:\"\0*\0relatedKey\";s:13:\"permission_id\";}}s:10:\"\0*\0touches\";a:0:{}s:10:\"timestamps\";b:1;s:13:\"usesUniqueIds\";b:1;s:9:\"\0*\0hidden\";a:0:{}s:10:\"\0*\0visible\";a:0:{}s:11:\"\0*\0fillable\";a:0:{}s:10:\"\0*\0guarded\";a:1:{i:0;s:4:\"uuid\";}}i:10;O:21:\"App\\Models\\Permission\":30:{s:13:\"\0*\0connection\";s:5:\"mysql\";s:8:\"\0*\0table\";s:11:\"permissions\";s:13:\"\0*\0primaryKey\";s:4:\"uuid\";s:10:\"\0*\0keyType\";s:3:\"int\";s:12:\"incrementing\";b:1;s:7:\"\0*\0with\";a:0:{}s:12:\"\0*\0withCount\";a:0:{}s:19:\"preventsLazyLoading\";b:0;s:10:\"\0*\0perPage\";i:15;s:6:\"exists\";b:1;s:18:\"wasRecentlyCreated\";b:0;s:28:\"\0*\0escapeWhenCastingToString\";b:0;s:13:\"\0*\0attributes\";a:5:{s:4:\"uuid\";s:36:\"9e379d7c-8723-4a53-9360-479c3635ed18\";s:4:\"name\";s:14:\"pemilik-update\";s:10:\"guard_name\";s:3:\"web\";s:10:\"created_at\";s:19:\"2025-02-15 17:57:05\";s:10:\"updated_at\";s:19:\"2025-02-15 17:57:05\";}s:11:\"\0*\0original\";a:7:{s:4:\"uuid\";s:36:\"9e379d7c-8723-4a53-9360-479c3635ed18\";s:4:\"name\";s:14:\"pemilik-update\";s:10:\"guard_name\";s:3:\"web\";s:10:\"created_at\";s:19:\"2025-02-15 17:57:05\";s:10:\"updated_at\";s:19:\"2025-02-15 17:57:05\";s:13:\"pivot_role_id\";s:36:\"9e379d7c-f6ce-4134-9bc5-4f50ac5997da\";s:19:\"pivot_permission_id\";s:36:\"9e379d7c-8723-4a53-9360-479c3635ed18\";}s:10:\"\0*\0changes\";a:0:{}s:8:\"\0*\0casts\";a:0:{}s:17:\"\0*\0classCastCache\";a:0:{}s:21:\"\0*\0attributeCastCache\";a:0:{}s:13:\"\0*\0dateFormat\";N;s:10:\"\0*\0appends\";a:0:{}s:19:\"\0*\0dispatchesEvents\";a:0:{}s:14:\"\0*\0observables\";a:0:{}s:12:\"\0*\0relations\";a:1:{s:5:\"pivot\";O:44:\"Illuminate\\Database\\Eloquent\\Relations\\Pivot\":34:{s:13:\"\0*\0connection\";s:5:\"mysql\";s:8:\"\0*\0table\";s:20:\"role_has_permissions\";s:13:\"\0*\0primaryKey\";s:2:\"id\";s:10:\"\0*\0keyType\";s:3:\"int\";s:12:\"incrementing\";b:0;s:7:\"\0*\0with\";a:0:{}s:12:\"\0*\0withCount\";a:0:{}s:19:\"preventsLazyLoading\";b:0;s:10:\"\0*\0perPage\";i:15;s:6:\"exists\";b:1;s:18:\"wasRecentlyCreated\";b:0;s:28:\"\0*\0escapeWhenCastingToString\";b:0;s:13:\"\0*\0attributes\";a:2:{s:7:\"role_id\";s:36:\"9e379d7c-f6ce-4134-9bc5-4f50ac5997da\";s:13:\"permission_id\";s:36:\"9e379d7c-8723-4a53-9360-479c3635ed18\";}s:11:\"\0*\0original\";a:2:{s:7:\"role_id\";s:36:\"9e379d7c-f6ce-4134-9bc5-4f50ac5997da\";s:13:\"permission_id\";s:36:\"9e379d7c-8723-4a53-9360-479c3635ed18\";}s:10:\"\0*\0changes\";a:0:{}s:8:\"\0*\0casts\";a:0:{}s:17:\"\0*\0classCastCache\";a:0:{}s:21:\"\0*\0attributeCastCache\";a:0:{}s:13:\"\0*\0dateFormat\";N;s:10:\"\0*\0appends\";a:0:{}s:19:\"\0*\0dispatchesEvents\";a:0:{}s:14:\"\0*\0observables\";a:0:{}s:12:\"\0*\0relations\";a:0:{}s:10:\"\0*\0touches\";a:0:{}s:10:\"timestamps\";b:0;s:13:\"usesUniqueIds\";b:0;s:9:\"\0*\0hidden\";a:0:{}s:10:\"\0*\0visible\";a:0:{}s:11:\"\0*\0fillable\";a:0:{}s:10:\"\0*\0guarded\";a:0:{}s:11:\"pivotParent\";r:54;s:12:\"pivotRelated\";r:240;s:13:\"\0*\0foreignKey\";s:7:\"role_id\";s:13:\"\0*\0relatedKey\";s:13:\"permission_id\";}}s:10:\"\0*\0touches\";a:0:{}s:10:\"timestamps\";b:1;s:13:\"usesUniqueIds\";b:1;s:9:\"\0*\0hidden\";a:0:{}s:10:\"\0*\0visible\";a:0:{}s:11:\"\0*\0fillable\";a:0:{}s:10:\"\0*\0guarded\";a:1:{i:0;s:4:\"uuid\";}}i:11;O:21:\"App\\Models\\Permission\":30:{s:13:\"\0*\0connection\";s:5:\"mysql\";s:8:\"\0*\0table\";s:11:\"permissions\";s:13:\"\0*\0primaryKey\";s:4:\"uuid\";s:10:\"\0*\0keyType\";s:3:\"int\";s:12:\"incrementing\";b:1;s:7:\"\0*\0with\";a:0:{}s:12:\"\0*\0withCount\";a:0:{}s:19:\"preventsLazyLoading\";b:0;s:10:\"\0*\0perPage\";i:15;s:6:\"exists\";b:1;s:18:\"wasRecentlyCreated\";b:0;s:28:\"\0*\0escapeWhenCastingToString\";b:0;s:13:\"\0*\0attributes\";a:5:{s:4:\"uuid\";s:36:\"9e379d7c-8c32-431e-bea8-584026657dda\";s:4:\"name\";s:14:\"pemilik-delete\";s:10:\"guard_name\";s:3:\"web\";s:10:\"created_at\";s:19:\"2025-02-15 17:57:05\";s:10:\"updated_at\";s:19:\"2025-02-15 17:57:05\";}s:11:\"\0*\0original\";a:7:{s:4:\"uuid\";s:36:\"9e379d7c-8c32-431e-bea8-584026657dda\";s:4:\"name\";s:14:\"pemilik-delete\";s:10:\"guard_name\";s:3:\"web\";s:10:\"created_at\";s:19:\"2025-02-15 17:57:05\";s:10:\"updated_at\";s:19:\"2025-02-15 17:57:05\";s:13:\"pivot_role_id\";s:36:\"9e379d7c-f6ce-4134-9bc5-4f50ac5997da\";s:19:\"pivot_permission_id\";s:36:\"9e379d7c-8c32-431e-bea8-584026657dda\";}s:10:\"\0*\0changes\";a:0:{}s:8:\"\0*\0casts\";a:0:{}s:17:\"\0*\0classCastCache\";a:0:{}s:21:\"\0*\0attributeCastCache\";a:0:{}s:13:\"\0*\0dateFormat\";N;s:10:\"\0*\0appends\";a:0:{}s:19:\"\0*\0dispatchesEvents\";a:0:{}s:14:\"\0*\0observables\";a:0:{}s:12:\"\0*\0relations\";a:1:{s:5:\"pivot\";O:44:\"Illuminate\\Database\\Eloquent\\Relations\\Pivot\":34:{s:13:\"\0*\0connection\";s:5:\"mysql\";s:8:\"\0*\0table\";s:20:\"role_has_permissions\";s:13:\"\0*\0primaryKey\";s:2:\"id\";s:10:\"\0*\0keyType\";s:3:\"int\";s:12:\"incrementing\";b:0;s:7:\"\0*\0with\";a:0:{}s:12:\"\0*\0withCount\";a:0:{}s:19:\"preventsLazyLoading\";b:0;s:10:\"\0*\0perPage\";i:15;s:6:\"exists\";b:1;s:18:\"wasRecentlyCreated\";b:0;s:28:\"\0*\0escapeWhenCastingToString\";b:0;s:13:\"\0*\0attributes\";a:2:{s:7:\"role_id\";s:36:\"9e379d7c-f6ce-4134-9bc5-4f50ac5997da\";s:13:\"permission_id\";s:36:\"9e379d7c-8c32-431e-bea8-584026657dda\";}s:11:\"\0*\0original\";a:2:{s:7:\"role_id\";s:36:\"9e379d7c-f6ce-4134-9bc5-4f50ac5997da\";s:13:\"permission_id\";s:36:\"9e379d7c-8c32-431e-bea8-584026657dda\";}s:10:\"\0*\0changes\";a:0:{}s:8:\"\0*\0casts\";a:0:{}s:17:\"\0*\0classCastCache\";a:0:{}s:21:\"\0*\0attributeCastCache\";a:0:{}s:13:\"\0*\0dateFormat\";N;s:10:\"\0*\0appends\";a:0:{}s:19:\"\0*\0dispatchesEvents\";a:0:{}s:14:\"\0*\0observables\";a:0:{}s:12:\"\0*\0relations\";a:0:{}s:10:\"\0*\0touches\";a:0:{}s:10:\"timestamps\";b:0;s:13:\"usesUniqueIds\";b:0;s:9:\"\0*\0hidden\";a:0:{}s:10:\"\0*\0visible\";a:0:{}s:11:\"\0*\0fillable\";a:0:{}s:10:\"\0*\0guarded\";a:0:{}s:11:\"pivotParent\";r:54;s:12:\"pivotRelated\";r:240;s:13:\"\0*\0foreignKey\";s:7:\"role_id\";s:13:\"\0*\0relatedKey\";s:13:\"permission_id\";}}s:10:\"\0*\0touches\";a:0:{}s:10:\"timestamps\";b:1;s:13:\"usesUniqueIds\";b:1;s:9:\"\0*\0hidden\";a:0:{}s:10:\"\0*\0visible\";a:0:{}s:11:\"\0*\0fillable\";a:0:{}s:10:\"\0*\0guarded\";a:1:{i:0;s:4:\"uuid\";}}i:12;O:21:\"App\\Models\\Permission\":30:{s:13:\"\0*\0connection\";s:5:\"mysql\";s:8:\"\0*\0table\";s:11:\"permissions\";s:13:\"\0*\0primaryKey\";s:4:\"uuid\";s:10:\"\0*\0keyType\";s:3:\"int\";s:12:\"incrementing\";b:1;s:7:\"\0*\0with\";a:0:{}s:12:\"\0*\0withCount\";a:0:{}s:19:\"preventsLazyLoading\";b:0;s:10:\"\0*\0perPage\";i:15;s:6:\"exists\";b:1;s:18:\"wasRecentlyCreated\";b:0;s:28:\"\0*\0escapeWhenCastingToString\";b:0;s:13:\"\0*\0attributes\";a:5:{s:4:\"uuid\";s:36:\"9e379d7c-bb69-4487-bdf3-bc5e3a11eade\";s:4:\"name\";s:14:\"pengguna-index\";s:10:\"guard_name\";s:3:\"web\";s:10:\"created_at\";s:19:\"2025-02-15 17:57:05\";s:10:\"updated_at\";s:19:\"2025-02-15 17:57:05\";}s:11:\"\0*\0original\";a:7:{s:4:\"uuid\";s:36:\"9e379d7c-bb69-4487-bdf3-bc5e3a11eade\";s:4:\"name\";s:14:\"pengguna-index\";s:10:\"guard_name\";s:3:\"web\";s:10:\"created_at\";s:19:\"2025-02-15 17:57:05\";s:10:\"updated_at\";s:19:\"2025-02-15 17:57:05\";s:13:\"pivot_role_id\";s:36:\"9e379d7c-f6ce-4134-9bc5-4f50ac5997da\";s:19:\"pivot_permission_id\";s:36:\"9e379d7c-bb69-4487-bdf3-bc5e3a11eade\";}s:10:\"\0*\0changes\";a:0:{}s:8:\"\0*\0casts\";a:0:{}s:17:\"\0*\0classCastCache\";a:0:{}s:21:\"\0*\0attributeCastCache\";a:0:{}s:13:\"\0*\0dateFormat\";N;s:10:\"\0*\0appends\";a:0:{}s:19:\"\0*\0dispatchesEvents\";a:0:{}s:14:\"\0*\0observables\";a:0:{}s:12:\"\0*\0relations\";a:1:{s:5:\"pivot\";O:44:\"Illuminate\\Database\\Eloquent\\Relations\\Pivot\":34:{s:13:\"\0*\0connection\";s:5:\"mysql\";s:8:\"\0*\0table\";s:20:\"role_has_permissions\";s:13:\"\0*\0primaryKey\";s:2:\"id\";s:10:\"\0*\0keyType\";s:3:\"int\";s:12:\"incrementing\";b:0;s:7:\"\0*\0with\";a:0:{}s:12:\"\0*\0withCount\";a:0:{}s:19:\"preventsLazyLoading\";b:0;s:10:\"\0*\0perPage\";i:15;s:6:\"exists\";b:1;s:18:\"wasRecentlyCreated\";b:0;s:28:\"\0*\0escapeWhenCastingToString\";b:0;s:13:\"\0*\0attributes\";a:2:{s:7:\"role_id\";s:36:\"9e379d7c-f6ce-4134-9bc5-4f50ac5997da\";s:13:\"permission_id\";s:36:\"9e379d7c-bb69-4487-bdf3-bc5e3a11eade\";}s:11:\"\0*\0original\";a:2:{s:7:\"role_id\";s:36:\"9e379d7c-f6ce-4134-9bc5-4f50ac5997da\";s:13:\"permission_id\";s:36:\"9e379d7c-bb69-4487-bdf3-bc5e3a11eade\";}s:10:\"\0*\0changes\";a:0:{}s:8:\"\0*\0casts\";a:0:{}s:17:\"\0*\0classCastCache\";a:0:{}s:21:\"\0*\0attributeCastCache\";a:0:{}s:13:\"\0*\0dateFormat\";N;s:10:\"\0*\0appends\";a:0:{}s:19:\"\0*\0dispatchesEvents\";a:0:{}s:14:\"\0*\0observables\";a:0:{}s:12:\"\0*\0relations\";a:0:{}s:10:\"\0*\0touches\";a:0:{}s:10:\"timestamps\";b:0;s:13:\"usesUniqueIds\";b:0;s:9:\"\0*\0hidden\";a:0:{}s:10:\"\0*\0visible\";a:0:{}s:11:\"\0*\0fillable\";a:0:{}s:10:\"\0*\0guarded\";a:0:{}s:11:\"pivotParent\";r:54;s:12:\"pivotRelated\";r:240;s:13:\"\0*\0foreignKey\";s:7:\"role_id\";s:13:\"\0*\0relatedKey\";s:13:\"permission_id\";}}s:10:\"\0*\0touches\";a:0:{}s:10:\"timestamps\";b:1;s:13:\"usesUniqueIds\";b:1;s:9:\"\0*\0hidden\";a:0:{}s:10:\"\0*\0visible\";a:0:{}s:11:\"\0*\0fillable\";a:0:{}s:10:\"\0*\0guarded\";a:1:{i:0;s:4:\"uuid\";}}i:13;O:21:\"App\\Models\\Permission\":30:{s:13:\"\0*\0connection\";s:5:\"mysql\";s:8:\"\0*\0table\";s:11:\"permissions\";s:13:\"\0*\0primaryKey\";s:4:\"uuid\";s:10:\"\0*\0keyType\";s:3:\"int\";s:12:\"incrementing\";b:1;s:7:\"\0*\0with\";a:0:{}s:12:\"\0*\0withCount\";a:0:{}s:19:\"preventsLazyLoading\";b:0;s:10:\"\0*\0perPage\";i:15;s:6:\"exists\";b:1;s:18:\"wasRecentlyCreated\";b:0;s:28:\"\0*\0escapeWhenCastingToString\";b:0;s:13:\"\0*\0attributes\";a:5:{s:4:\"uuid\";s:36:\"9e379d7c-c015-46bd-836d-853f4f8bed0f\";s:4:\"name\";s:15:\"pengguna-create\";s:10:\"guard_name\";s:3:\"web\";s:10:\"created_at\";s:19:\"2025-02-15 17:57:05\";s:10:\"updated_at\";s:19:\"2025-02-15 17:57:05\";}s:11:\"\0*\0original\";a:7:{s:4:\"uuid\";s:36:\"9e379d7c-c015-46bd-836d-853f4f8bed0f\";s:4:\"name\";s:15:\"pengguna-create\";s:10:\"guard_name\";s:3:\"web\";s:10:\"created_at\";s:19:\"2025-02-15 17:57:05\";s:10:\"updated_at\";s:19:\"2025-02-15 17:57:05\";s:13:\"pivot_role_id\";s:36:\"9e379d7c-f6ce-4134-9bc5-4f50ac5997da\";s:19:\"pivot_permission_id\";s:36:\"9e379d7c-c015-46bd-836d-853f4f8bed0f\";}s:10:\"\0*\0changes\";a:0:{}s:8:\"\0*\0casts\";a:0:{}s:17:\"\0*\0classCastCache\";a:0:{}s:21:\"\0*\0attributeCastCache\";a:0:{}s:13:\"\0*\0dateFormat\";N;s:10:\"\0*\0appends\";a:0:{}s:19:\"\0*\0dispatchesEvents\";a:0:{}s:14:\"\0*\0observables\";a:0:{}s:12:\"\0*\0relations\";a:1:{s:5:\"pivot\";O:44:\"Illuminate\\Database\\Eloquent\\Relations\\Pivot\":34:{s:13:\"\0*\0connection\";s:5:\"mysql\";s:8:\"\0*\0table\";s:20:\"role_has_permissions\";s:13:\"\0*\0primaryKey\";s:2:\"id\";s:10:\"\0*\0keyType\";s:3:\"int\";s:12:\"incrementing\";b:0;s:7:\"\0*\0with\";a:0:{}s:12:\"\0*\0withCount\";a:0:{}s:19:\"preventsLazyLoading\";b:0;s:10:\"\0*\0perPage\";i:15;s:6:\"exists\";b:1;s:18:\"wasRecentlyCreated\";b:0;s:28:\"\0*\0escapeWhenCastingToString\";b:0;s:13:\"\0*\0attributes\";a:2:{s:7:\"role_id\";s:36:\"9e379d7c-f6ce-4134-9bc5-4f50ac5997da\";s:13:\"permission_id\";s:36:\"9e379d7c-c015-46bd-836d-853f4f8bed0f\";}s:11:\"\0*\0original\";a:2:{s:7:\"role_id\";s:36:\"9e379d7c-f6ce-4134-9bc5-4f50ac5997da\";s:13:\"permission_id\";s:36:\"9e379d7c-c015-46bd-836d-853f4f8bed0f\";}s:10:\"\0*\0changes\";a:0:{}s:8:\"\0*\0casts\";a:0:{}s:17:\"\0*\0classCastCache\";a:0:{}s:21:\"\0*\0attributeCastCache\";a:0:{}s:13:\"\0*\0dateFormat\";N;s:10:\"\0*\0appends\";a:0:{}s:19:\"\0*\0dispatchesEvents\";a:0:{}s:14:\"\0*\0observables\";a:0:{}s:12:\"\0*\0relations\";a:0:{}s:10:\"\0*\0touches\";a:0:{}s:10:\"timestamps\";b:0;s:13:\"usesUniqueIds\";b:0;s:9:\"\0*\0hidden\";a:0:{}s:10:\"\0*\0visible\";a:0:{}s:11:\"\0*\0fillable\";a:0:{}s:10:\"\0*\0guarded\";a:0:{}s:11:\"pivotParent\";r:54;s:12:\"pivotRelated\";r:240;s:13:\"\0*\0foreignKey\";s:7:\"role_id\";s:13:\"\0*\0relatedKey\";s:13:\"permission_id\";}}s:10:\"\0*\0touches\";a:0:{}s:10:\"timestamps\";b:1;s:13:\"usesUniqueIds\";b:1;s:9:\"\0*\0hidden\";a:0:{}s:10:\"\0*\0visible\";a:0:{}s:11:\"\0*\0fillable\";a:0:{}s:10:\"\0*\0guarded\";a:1:{i:0;s:4:\"uuid\";}}i:14;O:21:\"App\\Models\\Permission\":30:{s:13:\"\0*\0connection\";s:5:\"mysql\";s:8:\"\0*\0table\";s:11:\"permissions\";s:13:\"\0*\0primaryKey\";s:4:\"uuid\";s:10:\"\0*\0keyType\";s:3:\"int\";s:12:\"incrementing\";b:1;s:7:\"\0*\0with\";a:0:{}s:12:\"\0*\0withCount\";a:0:{}s:19:\"preventsLazyLoading\";b:0;s:10:\"\0*\0perPage\";i:15;s:6:\"exists\";b:1;s:18:\"wasRecentlyCreated\";b:0;s:28:\"\0*\0escapeWhenCastingToString\";b:0;s:13:\"\0*\0attributes\";a:5:{s:4:\"uuid\";s:36:\"9e379d7c-c4db-4311-8392-0ad98cf90ebd\";s:4:\"name\";s:15:\"pengguna-update\";s:10:\"guard_name\";s:3:\"web\";s:10:\"created_at\";s:19:\"2025-02-15 17:57:05\";s:10:\"updated_at\";s:19:\"2025-02-15 17:57:05\";}s:11:\"\0*\0original\";a:7:{s:4:\"uuid\";s:36:\"9e379d7c-c4db-4311-8392-0ad98cf90ebd\";s:4:\"name\";s:15:\"pengguna-update\";s:10:\"guard_name\";s:3:\"web\";s:10:\"created_at\";s:19:\"2025-02-15 17:57:05\";s:10:\"updated_at\";s:19:\"2025-02-15 17:57:05\";s:13:\"pivot_role_id\";s:36:\"9e379d7c-f6ce-4134-9bc5-4f50ac5997da\";s:19:\"pivot_permission_id\";s:36:\"9e379d7c-c4db-4311-8392-0ad98cf90ebd\";}s:10:\"\0*\0changes\";a:0:{}s:8:\"\0*\0casts\";a:0:{}s:17:\"\0*\0classCastCache\";a:0:{}s:21:\"\0*\0attributeCastCache\";a:0:{}s:13:\"\0*\0dateFormat\";N;s:10:\"\0*\0appends\";a:0:{}s:19:\"\0*\0dispatchesEvents\";a:0:{}s:14:\"\0*\0observables\";a:0:{}s:12:\"\0*\0relations\";a:1:{s:5:\"pivot\";O:44:\"Illuminate\\Database\\Eloquent\\Relations\\Pivot\":34:{s:13:\"\0*\0connection\";s:5:\"mysql\";s:8:\"\0*\0table\";s:20:\"role_has_permissions\";s:13:\"\0*\0primaryKey\";s:2:\"id\";s:10:\"\0*\0keyType\";s:3:\"int\";s:12:\"incrementing\";b:0;s:7:\"\0*\0with\";a:0:{}s:12:\"\0*\0withCount\";a:0:{}s:19:\"preventsLazyLoading\";b:0;s:10:\"\0*\0perPage\";i:15;s:6:\"exists\";b:1;s:18:\"wasRecentlyCreated\";b:0;s:28:\"\0*\0escapeWhenCastingToString\";b:0;s:13:\"\0*\0attributes\";a:2:{s:7:\"role_id\";s:36:\"9e379d7c-f6ce-4134-9bc5-4f50ac5997da\";s:13:\"permission_id\";s:36:\"9e379d7c-c4db-4311-8392-0ad98cf90ebd\";}s:11:\"\0*\0original\";a:2:{s:7:\"role_id\";s:36:\"9e379d7c-f6ce-4134-9bc5-4f50ac5997da\";s:13:\"permission_id\";s:36:\"9e379d7c-c4db-4311-8392-0ad98cf90ebd\";}s:10:\"\0*\0changes\";a:0:{}s:8:\"\0*\0casts\";a:0:{}s:17:\"\0*\0classCastCache\";a:0:{}s:21:\"\0*\0attributeCastCache\";a:0:{}s:13:\"\0*\0dateFormat\";N;s:10:\"\0*\0appends\";a:0:{}s:19:\"\0*\0dispatchesEvents\";a:0:{}s:14:\"\0*\0observables\";a:0:{}s:12:\"\0*\0relations\";a:0:{}s:10:\"\0*\0touches\";a:0:{}s:10:\"timestamps\";b:0;s:13:\"usesUniqueIds\";b:0;s:9:\"\0*\0hidden\";a:0:{}s:10:\"\0*\0visible\";a:0:{}s:11:\"\0*\0fillable\";a:0:{}s:10:\"\0*\0guarded\";a:0:{}s:11:\"pivotParent\";r:54;s:12:\"pivotRelated\";r:240;s:13:\"\0*\0foreignKey\";s:7:\"role_id\";s:13:\"\0*\0relatedKey\";s:13:\"permission_id\";}}s:10:\"\0*\0touches\";a:0:{}s:10:\"timestamps\";b:1;s:13:\"usesUniqueIds\";b:1;s:9:\"\0*\0hidden\";a:0:{}s:10:\"\0*\0visible\";a:0:{}s:11:\"\0*\0fillable\";a:0:{}s:10:\"\0*\0guarded\";a:1:{i:0;s:4:\"uuid\";}}i:15;O:21:\"App\\Models\\Permission\":30:{s:13:\"\0*\0connection\";s:5:\"mysql\";s:8:\"\0*\0table\";s:11:\"permissions\";s:13:\"\0*\0primaryKey\";s:4:\"uuid\";s:10:\"\0*\0keyType\";s:3:\"int\";s:12:\"incrementing\";b:1;s:7:\"\0*\0with\";a:0:{}s:12:\"\0*\0withCount\";a:0:{}s:19:\"preventsLazyLoading\";b:0;s:10:\"\0*\0perPage\";i:15;s:6:\"exists\";b:1;s:18:\"wasRecentlyCreated\";b:0;s:28:\"\0*\0escapeWhenCastingToString\";b:0;s:13:\"\0*\0attributes\";a:5:{s:4:\"uuid\";s:36:\"9e379d7c-cd88-422f-92f1-eb672ba71f31\";s:4:\"name\";s:15:\"pengguna-delete\";s:10:\"guard_name\";s:3:\"web\";s:10:\"created_at\";s:19:\"2025-02-15 17:57:05\";s:10:\"updated_at\";s:19:\"2025-02-15 17:57:05\";}s:11:\"\0*\0original\";a:7:{s:4:\"uuid\";s:36:\"9e379d7c-cd88-422f-92f1-eb672ba71f31\";s:4:\"name\";s:15:\"pengguna-delete\";s:10:\"guard_name\";s:3:\"web\";s:10:\"created_at\";s:19:\"2025-02-15 17:57:05\";s:10:\"updated_at\";s:19:\"2025-02-15 17:57:05\";s:13:\"pivot_role_id\";s:36:\"9e379d7c-f6ce-4134-9bc5-4f50ac5997da\";s:19:\"pivot_permission_id\";s:36:\"9e379d7c-cd88-422f-92f1-eb672ba71f31\";}s:10:\"\0*\0changes\";a:0:{}s:8:\"\0*\0casts\";a:0:{}s:17:\"\0*\0classCastCache\";a:0:{}s:21:\"\0*\0attributeCastCache\";a:0:{}s:13:\"\0*\0dateFormat\";N;s:10:\"\0*\0appends\";a:0:{}s:19:\"\0*\0dispatchesEvents\";a:0:{}s:14:\"\0*\0observables\";a:0:{}s:12:\"\0*\0relations\";a:1:{s:5:\"pivot\";O:44:\"Illuminate\\Database\\Eloquent\\Relations\\Pivot\":34:{s:13:\"\0*\0connection\";s:5:\"mysql\";s:8:\"\0*\0table\";s:20:\"role_has_permissions\";s:13:\"\0*\0primaryKey\";s:2:\"id\";s:10:\"\0*\0keyType\";s:3:\"int\";s:12:\"incrementing\";b:0;s:7:\"\0*\0with\";a:0:{}s:12:\"\0*\0withCount\";a:0:{}s:19:\"preventsLazyLoading\";b:0;s:10:\"\0*\0perPage\";i:15;s:6:\"exists\";b:1;s:18:\"wasRecentlyCreated\";b:0;s:28:\"\0*\0escapeWhenCastingToString\";b:0;s:13:\"\0*\0attributes\";a:2:{s:7:\"role_id\";s:36:\"9e379d7c-f6ce-4134-9bc5-4f50ac5997da\";s:13:\"permission_id\";s:36:\"9e379d7c-cd88-422f-92f1-eb672ba71f31\";}s:11:\"\0*\0original\";a:2:{s:7:\"role_id\";s:36:\"9e379d7c-f6ce-4134-9bc5-4f50ac5997da\";s:13:\"permission_id\";s:36:\"9e379d7c-cd88-422f-92f1-eb672ba71f31\";}s:10:\"\0*\0changes\";a:0:{}s:8:\"\0*\0casts\";a:0:{}s:17:\"\0*\0classCastCache\";a:0:{}s:21:\"\0*\0attributeCastCache\";a:0:{}s:13:\"\0*\0dateFormat\";N;s:10:\"\0*\0appends\";a:0:{}s:19:\"\0*\0dispatchesEvents\";a:0:{}s:14:\"\0*\0observables\";a:0:{}s:12:\"\0*\0relations\";a:0:{}s:10:\"\0*\0touches\";a:0:{}s:10:\"timestamps\";b:0;s:13:\"usesUniqueIds\";b:0;s:9:\"\0*\0hidden\";a:0:{}s:10:\"\0*\0visible\";a:0:{}s:11:\"\0*\0fillable\";a:0:{}s:10:\"\0*\0guarded\";a:0:{}s:11:\"pivotParent\";r:54;s:12:\"pivotRelated\";r:240;s:13:\"\0*\0foreignKey\";s:7:\"role_id\";s:13:\"\0*\0relatedKey\";s:13:\"permission_id\";}}s:10:\"\0*\0touches\";a:0:{}s:10:\"timestamps\";b:1;s:13:\"usesUniqueIds\";b:1;s:9:\"\0*\0hidden\";a:0:{}s:10:\"\0*\0visible\";a:0:{}s:11:\"\0*\0fillable\";a:0:{}s:10:\"\0*\0guarded\";a:1:{i:0;s:4:\"uuid\";}}i:16;O:21:\"App\\Models\\Permission\":30:{s:13:\"\0*\0connection\";s:5:\"mysql\";s:8:\"\0*\0table\";s:11:\"permissions\";s:13:\"\0*\0primaryKey\";s:4:\"uuid\";s:10:\"\0*\0keyType\";s:3:\"int\";s:12:\"incrementing\";b:1;s:7:\"\0*\0with\";a:0:{}s:12:\"\0*\0withCount\";a:0:{}s:19:\"preventsLazyLoading\";b:0;s:10:\"\0*\0perPage\";i:15;s:6:\"exists\";b:1;s:18:\"wasRecentlyCreated\";b:0;s:28:\"\0*\0escapeWhenCastingToString\";b:0;s:13:\"\0*\0attributes\";a:5:{s:4:\"uuid\";s:36:\"9e379d7c-d237-4986-a21c-e33923a6831f\";s:4:\"name\";s:10:\"role-index\";s:10:\"guard_name\";s:3:\"web\";s:10:\"created_at\";s:19:\"2025-02-15 17:57:05\";s:10:\"updated_at\";s:19:\"2025-02-15 17:57:05\";}s:11:\"\0*\0original\";a:7:{s:4:\"uuid\";s:36:\"9e379d7c-d237-4986-a21c-e33923a6831f\";s:4:\"name\";s:10:\"role-index\";s:10:\"guard_name\";s:3:\"web\";s:10:\"created_at\";s:19:\"2025-02-15 17:57:05\";s:10:\"updated_at\";s:19:\"2025-02-15 17:57:05\";s:13:\"pivot_role_id\";s:36:\"9e379d7c-f6ce-4134-9bc5-4f50ac5997da\";s:19:\"pivot_permission_id\";s:36:\"9e379d7c-d237-4986-a21c-e33923a6831f\";}s:10:\"\0*\0changes\";a:0:{}s:8:\"\0*\0casts\";a:0:{}s:17:\"\0*\0classCastCache\";a:0:{}s:21:\"\0*\0attributeCastCache\";a:0:{}s:13:\"\0*\0dateFormat\";N;s:10:\"\0*\0appends\";a:0:{}s:19:\"\0*\0dispatchesEvents\";a:0:{}s:14:\"\0*\0observables\";a:0:{}s:12:\"\0*\0relations\";a:1:{s:5:\"pivot\";O:44:\"Illuminate\\Database\\Eloquent\\Relations\\Pivot\":34:{s:13:\"\0*\0connection\";s:5:\"mysql\";s:8:\"\0*\0table\";s:20:\"role_has_permissions\";s:13:\"\0*\0primaryKey\";s:2:\"id\";s:10:\"\0*\0keyType\";s:3:\"int\";s:12:\"incrementing\";b:0;s:7:\"\0*\0with\";a:0:{}s:12:\"\0*\0withCount\";a:0:{}s:19:\"preventsLazyLoading\";b:0;s:10:\"\0*\0perPage\";i:15;s:6:\"exists\";b:1;s:18:\"wasRecentlyCreated\";b:0;s:28:\"\0*\0escapeWhenCastingToString\";b:0;s:13:\"\0*\0attributes\";a:2:{s:7:\"role_id\";s:36:\"9e379d7c-f6ce-4134-9bc5-4f50ac5997da\";s:13:\"permission_id\";s:36:\"9e379d7c-d237-4986-a21c-e33923a6831f\";}s:11:\"\0*\0original\";a:2:{s:7:\"role_id\";s:36:\"9e379d7c-f6ce-4134-9bc5-4f50ac5997da\";s:13:\"permission_id\";s:36:\"9e379d7c-d237-4986-a21c-e33923a6831f\";}s:10:\"\0*\0changes\";a:0:{}s:8:\"\0*\0casts\";a:0:{}s:17:\"\0*\0classCastCache\";a:0:{}s:21:\"\0*\0attributeCastCache\";a:0:{}s:13:\"\0*\0dateFormat\";N;s:10:\"\0*\0appends\";a:0:{}s:19:\"\0*\0dispatchesEvents\";a:0:{}s:14:\"\0*\0observables\";a:0:{}s:12:\"\0*\0relations\";a:0:{}s:10:\"\0*\0touches\";a:0:{}s:10:\"timestamps\";b:0;s:13:\"usesUniqueIds\";b:0;s:9:\"\0*\0hidden\";a:0:{}s:10:\"\0*\0visible\";a:0:{}s:11:\"\0*\0fillable\";a:0:{}s:10:\"\0*\0guarded\";a:0:{}s:11:\"pivotParent\";r:54;s:12:\"pivotRelated\";r:240;s:13:\"\0*\0foreignKey\";s:7:\"role_id\";s:13:\"\0*\0relatedKey\";s:13:\"permission_id\";}}s:10:\"\0*\0touches\";a:0:{}s:10:\"timestamps\";b:1;s:13:\"usesUniqueIds\";b:1;s:9:\"\0*\0hidden\";a:0:{}s:10:\"\0*\0visible\";a:0:{}s:11:\"\0*\0fillable\";a:0:{}s:10:\"\0*\0guarded\";a:1:{i:0;s:4:\"uuid\";}}i:17;O:21:\"App\\Models\\Permission\":30:{s:13:\"\0*\0connection\";s:5:\"mysql\";s:8:\"\0*\0table\";s:11:\"permissions\";s:13:\"\0*\0primaryKey\";s:4:\"uuid\";s:10:\"\0*\0keyType\";s:3:\"int\";s:12:\"incrementing\";b:1;s:7:\"\0*\0with\";a:0:{}s:12:\"\0*\0withCount\";a:0:{}s:19:\"preventsLazyLoading\";b:0;s:10:\"\0*\0perPage\";i:15;s:6:\"exists\";b:1;s:18:\"wasRecentlyCreated\";b:0;s:28:\"\0*\0escapeWhenCastingToString\";b:0;s:13:\"\0*\0attributes\";a:5:{s:4:\"uuid\";s:36:\"9e379d7c-d64a-4b5e-9c0b-3d03afba4461\";s:4:\"name\";s:11:\"role-create\";s:10:\"guard_name\";s:3:\"web\";s:10:\"created_at\";s:19:\"2025-02-15 17:57:05\";s:10:\"updated_at\";s:19:\"2025-02-15 17:57:05\";}s:11:\"\0*\0original\";a:7:{s:4:\"uuid\";s:36:\"9e379d7c-d64a-4b5e-9c0b-3d03afba4461\";s:4:\"name\";s:11:\"role-create\";s:10:\"guard_name\";s:3:\"web\";s:10:\"created_at\";s:19:\"2025-02-15 17:57:05\";s:10:\"updated_at\";s:19:\"2025-02-15 17:57:05\";s:13:\"pivot_role_id\";s:36:\"9e379d7c-f6ce-4134-9bc5-4f50ac5997da\";s:19:\"pivot_permission_id\";s:36:\"9e379d7c-d64a-4b5e-9c0b-3d03afba4461\";}s:10:\"\0*\0changes\";a:0:{}s:8:\"\0*\0casts\";a:0:{}s:17:\"\0*\0classCastCache\";a:0:{}s:21:\"\0*\0attributeCastCache\";a:0:{}s:13:\"\0*\0dateFormat\";N;s:10:\"\0*\0appends\";a:0:{}s:19:\"\0*\0dispatchesEvents\";a:0:{}s:14:\"\0*\0observables\";a:0:{}s:12:\"\0*\0relations\";a:1:{s:5:\"pivot\";O:44:\"Illuminate\\Database\\Eloquent\\Relations\\Pivot\":34:{s:13:\"\0*\0connection\";s:5:\"mysql\";s:8:\"\0*\0table\";s:20:\"role_has_permissions\";s:13:\"\0*\0primaryKey\";s:2:\"id\";s:10:\"\0*\0keyType\";s:3:\"int\";s:12:\"incrementing\";b:0;s:7:\"\0*\0with\";a:0:{}s:12:\"\0*\0withCount\";a:0:{}s:19:\"preventsLazyLoading\";b:0;s:10:\"\0*\0perPage\";i:15;s:6:\"exists\";b:1;s:18:\"wasRecentlyCreated\";b:0;s:28:\"\0*\0escapeWhenCastingToString\";b:0;s:13:\"\0*\0attributes\";a:2:{s:7:\"role_id\";s:36:\"9e379d7c-f6ce-4134-9bc5-4f50ac5997da\";s:13:\"permission_id\";s:36:\"9e379d7c-d64a-4b5e-9c0b-3d03afba4461\";}s:11:\"\0*\0original\";a:2:{s:7:\"role_id\";s:36:\"9e379d7c-f6ce-4134-9bc5-4f50ac5997da\";s:13:\"permission_id\";s:36:\"9e379d7c-d64a-4b5e-9c0b-3d03afba4461\";}s:10:\"\0*\0changes\";a:0:{}s:8:\"\0*\0casts\";a:0:{}s:17:\"\0*\0classCastCache\";a:0:{}s:21:\"\0*\0attributeCastCache\";a:0:{}s:13:\"\0*\0dateFormat\";N;s:10:\"\0*\0appends\";a:0:{}s:19:\"\0*\0dispatchesEvents\";a:0:{}s:14:\"\0*\0observables\";a:0:{}s:12:\"\0*\0relations\";a:0:{}s:10:\"\0*\0touches\";a:0:{}s:10:\"timestamps\";b:0;s:13:\"usesUniqueIds\";b:0;s:9:\"\0*\0hidden\";a:0:{}s:10:\"\0*\0visible\";a:0:{}s:11:\"\0*\0fillable\";a:0:{}s:10:\"\0*\0guarded\";a:0:{}s:11:\"pivotParent\";r:54;s:12:\"pivotRelated\";r:240;s:13:\"\0*\0foreignKey\";s:7:\"role_id\";s:13:\"\0*\0relatedKey\";s:13:\"permission_id\";}}s:10:\"\0*\0touches\";a:0:{}s:10:\"timestamps\";b:1;s:13:\"usesUniqueIds\";b:1;s:9:\"\0*\0hidden\";a:0:{}s:10:\"\0*\0visible\";a:0:{}s:11:\"\0*\0fillable\";a:0:{}s:10:\"\0*\0guarded\";a:1:{i:0;s:4:\"uuid\";}}i:18;O:21:\"App\\Models\\Permission\":30:{s:13:\"\0*\0connection\";s:5:\"mysql\";s:8:\"\0*\0table\";s:11:\"permissions\";s:13:\"\0*\0primaryKey\";s:4:\"uuid\";s:10:\"\0*\0keyType\";s:3:\"int\";s:12:\"incrementing\";b:1;s:7:\"\0*\0with\";a:0:{}s:12:\"\0*\0withCount\";a:0:{}s:19:\"preventsLazyLoading\";b:0;s:10:\"\0*\0perPage\";i:15;s:6:\"exists\";b:1;s:18:\"wasRecentlyCreated\";b:0;s:28:\"\0*\0escapeWhenCastingToString\";b:0;s:13:\"\0*\0attributes\";a:5:{s:4:\"uuid\";s:36:\"9e379d7c-dbcb-4217-957e-547626f53e6d\";s:4:\"name\";s:11:\"role-update\";s:10:\"guard_name\";s:3:\"web\";s:10:\"created_at\";s:19:\"2025-02-15 17:57:05\";s:10:\"updated_at\";s:19:\"2025-02-15 17:57:05\";}s:11:\"\0*\0original\";a:7:{s:4:\"uuid\";s:36:\"9e379d7c-dbcb-4217-957e-547626f53e6d\";s:4:\"name\";s:11:\"role-update\";s:10:\"guard_name\";s:3:\"web\";s:10:\"created_at\";s:19:\"2025-02-15 17:57:05\";s:10:\"updated_at\";s:19:\"2025-02-15 17:57:05\";s:13:\"pivot_role_id\";s:36:\"9e379d7c-f6ce-4134-9bc5-4f50ac5997da\";s:19:\"pivot_permission_id\";s:36:\"9e379d7c-dbcb-4217-957e-547626f53e6d\";}s:10:\"\0*\0changes\";a:0:{}s:8:\"\0*\0casts\";a:0:{}s:17:\"\0*\0classCastCache\";a:0:{}s:21:\"\0*\0attributeCastCache\";a:0:{}s:13:\"\0*\0dateFormat\";N;s:10:\"\0*\0appends\";a:0:{}s:19:\"\0*\0dispatchesEvents\";a:0:{}s:14:\"\0*\0observables\";a:0:{}s:12:\"\0*\0relations\";a:1:{s:5:\"pivot\";O:44:\"Illuminate\\Database\\Eloquent\\Relations\\Pivot\":34:{s:13:\"\0*\0connection\";s:5:\"mysql\";s:8:\"\0*\0table\";s:20:\"role_has_permissions\";s:13:\"\0*\0primaryKey\";s:2:\"id\";s:10:\"\0*\0keyType\";s:3:\"int\";s:12:\"incrementing\";b:0;s:7:\"\0*\0with\";a:0:{}s:12:\"\0*\0withCount\";a:0:{}s:19:\"preventsLazyLoading\";b:0;s:10:\"\0*\0perPage\";i:15;s:6:\"exists\";b:1;s:18:\"wasRecentlyCreated\";b:0;s:28:\"\0*\0escapeWhenCastingToString\";b:0;s:13:\"\0*\0attributes\";a:2:{s:7:\"role_id\";s:36:\"9e379d7c-f6ce-4134-9bc5-4f50ac5997da\";s:13:\"permission_id\";s:36:\"9e379d7c-dbcb-4217-957e-547626f53e6d\";}s:11:\"\0*\0original\";a:2:{s:7:\"role_id\";s:36:\"9e379d7c-f6ce-4134-9bc5-4f50ac5997da\";s:13:\"permission_id\";s:36:\"9e379d7c-dbcb-4217-957e-547626f53e6d\";}s:10:\"\0*\0changes\";a:0:{}s:8:\"\0*\0casts\";a:0:{}s:17:\"\0*\0classCastCache\";a:0:{}s:21:\"\0*\0attributeCastCache\";a:0:{}s:13:\"\0*\0dateFormat\";N;s:10:\"\0*\0appends\";a:0:{}s:19:\"\0*\0dispatchesEvents\";a:0:{}s:14:\"\0*\0observables\";a:0:{}s:12:\"\0*\0relations\";a:0:{}s:10:\"\0*\0touches\";a:0:{}s:10:\"timestamps\";b:0;s:13:\"usesUniqueIds\";b:0;s:9:\"\0*\0hidden\";a:0:{}s:10:\"\0*\0visible\";a:0:{}s:11:\"\0*\0fillable\";a:0:{}s:10:\"\0*\0guarded\";a:0:{}s:11:\"pivotParent\";r:54;s:12:\"pivotRelated\";r:240;s:13:\"\0*\0foreignKey\";s:7:\"role_id\";s:13:\"\0*\0relatedKey\";s:13:\"permission_id\";}}s:10:\"\0*\0touches\";a:0:{}s:10:\"timestamps\";b:1;s:13:\"usesUniqueIds\";b:1;s:9:\"\0*\0hidden\";a:0:{}s:10:\"\0*\0visible\";a:0:{}s:11:\"\0*\0fillable\";a:0:{}s:10:\"\0*\0guarded\";a:1:{i:0;s:4:\"uuid\";}}i:19;O:21:\"App\\Models\\Permission\":30:{s:13:\"\0*\0connection\";s:5:\"mysql\";s:8:\"\0*\0table\";s:11:\"permissions\";s:13:\"\0*\0primaryKey\";s:4:\"uuid\";s:10:\"\0*\0keyType\";s:3:\"int\";s:12:\"incrementing\";b:1;s:7:\"\0*\0with\";a:0:{}s:12:\"\0*\0withCount\";a:0:{}s:19:\"preventsLazyLoading\";b:0;s:10:\"\0*\0perPage\";i:15;s:6:\"exists\";b:1;s:18:\"wasRecentlyCreated\";b:0;s:28:\"\0*\0escapeWhenCastingToString\";b:0;s:13:\"\0*\0attributes\";a:5:{s:4:\"uuid\";s:36:\"9e379d7c-e067-485e-b882-9f0534fdc64e\";s:4:\"name\";s:11:\"role-delete\";s:10:\"guard_name\";s:3:\"web\";s:10:\"created_at\";s:19:\"2025-02-15 17:57:05\";s:10:\"updated_at\";s:19:\"2025-02-15 17:57:05\";}s:11:\"\0*\0original\";a:7:{s:4:\"uuid\";s:36:\"9e379d7c-e067-485e-b882-9f0534fdc64e\";s:4:\"name\";s:11:\"role-delete\";s:10:\"guard_name\";s:3:\"web\";s:10:\"created_at\";s:19:\"2025-02-15 17:57:05\";s:10:\"updated_at\";s:19:\"2025-02-15 17:57:05\";s:13:\"pivot_role_id\";s:36:\"9e379d7c-f6ce-4134-9bc5-4f50ac5997da\";s:19:\"pivot_permission_id\";s:36:\"9e379d7c-e067-485e-b882-9f0534fdc64e\";}s:10:\"\0*\0changes\";a:0:{}s:8:\"\0*\0casts\";a:0:{}s:17:\"\0*\0classCastCache\";a:0:{}s:21:\"\0*\0attributeCastCache\";a:0:{}s:13:\"\0*\0dateFormat\";N;s:10:\"\0*\0appends\";a:0:{}s:19:\"\0*\0dispatchesEvents\";a:0:{}s:14:\"\0*\0observables\";a:0:{}s:12:\"\0*\0relations\";a:1:{s:5:\"pivot\";O:44:\"Illuminate\\Database\\Eloquent\\Relations\\Pivot\":34:{s:13:\"\0*\0connection\";s:5:\"mysql\";s:8:\"\0*\0table\";s:20:\"role_has_permissions\";s:13:\"\0*\0primaryKey\";s:2:\"id\";s:10:\"\0*\0keyType\";s:3:\"int\";s:12:\"incrementing\";b:0;s:7:\"\0*\0with\";a:0:{}s:12:\"\0*\0withCount\";a:0:{}s:19:\"preventsLazyLoading\";b:0;s:10:\"\0*\0perPage\";i:15;s:6:\"exists\";b:1;s:18:\"wasRecentlyCreated\";b:0;s:28:\"\0*\0escapeWhenCastingToString\";b:0;s:13:\"\0*\0attributes\";a:2:{s:7:\"role_id\";s:36:\"9e379d7c-f6ce-4134-9bc5-4f50ac5997da\";s:13:\"permission_id\";s:36:\"9e379d7c-e067-485e-b882-9f0534fdc64e\";}s:11:\"\0*\0original\";a:2:{s:7:\"role_id\";s:36:\"9e379d7c-f6ce-4134-9bc5-4f50ac5997da\";s:13:\"permission_id\";s:36:\"9e379d7c-e067-485e-b882-9f0534fdc64e\";}s:10:\"\0*\0changes\";a:0:{}s:8:\"\0*\0casts\";a:0:{}s:17:\"\0*\0classCastCache\";a:0:{}s:21:\"\0*\0attributeCastCache\";a:0:{}s:13:\"\0*\0dateFormat\";N;s:10:\"\0*\0appends\";a:0:{}s:19:\"\0*\0dispatchesEvents\";a:0:{}s:14:\"\0*\0observables\";a:0:{}s:12:\"\0*\0relations\";a:0:{}s:10:\"\0*\0touches\";a:0:{}s:10:\"timestamps\";b:0;s:13:\"usesUniqueIds\";b:0;s:9:\"\0*\0hidden\";a:0:{}s:10:\"\0*\0visible\";a:0:{}s:11:\"\0*\0fillable\";a:0:{}s:10:\"\0*\0guarded\";a:0:{}s:11:\"pivotParent\";r:54;s:12:\"pivotRelated\";r:240;s:13:\"\0*\0foreignKey\";s:7:\"role_id\";s:13:\"\0*\0relatedKey\";s:13:\"permission_id\";}}s:10:\"\0*\0touches\";a:0:{}s:10:\"timestamps\";b:1;s:13:\"usesUniqueIds\";b:1;s:9:\"\0*\0hidden\";a:0:{}s:10:\"\0*\0visible\";a:0:{}s:11:\"\0*\0fillable\";a:0:{}s:10:\"\0*\0guarded\";a:1:{i:0;s:4:\"uuid\";}}i:20;O:21:\"App\\Models\\Permission\":30:{s:13:\"\0*\0connection\";s:5:\"mysql\";s:8:\"\0*\0table\";s:11:\"permissions\";s:13:\"\0*\0primaryKey\";s:4:\"uuid\";s:10:\"\0*\0keyType\";s:3:\"int\";s:12:\"incrementing\";b:1;s:7:\"\0*\0with\";a:0:{}s:12:\"\0*\0withCount\";a:0:{}s:19:\"preventsLazyLoading\";b:0;s:10:\"\0*\0perPage\";i:15;s:6:\"exists\";b:1;s:18:\"wasRecentlyCreated\";b:0;s:28:\"\0*\0escapeWhenCastingToString\";b:0;s:13:\"\0*\0attributes\";a:5:{s:4:\"uuid\";s:36:\"9e379d7c-e4e0-4c50-89f6-c29a91798d6d\";s:4:\"name\";s:16:\"permission-index\";s:10:\"guard_name\";s:3:\"web\";s:10:\"created_at\";s:19:\"2025-02-15 17:57:05\";s:10:\"updated_at\";s:19:\"2025-02-15 17:57:05\";}s:11:\"\0*\0original\";a:7:{s:4:\"uuid\";s:36:\"9e379d7c-e4e0-4c50-89f6-c29a91798d6d\";s:4:\"name\";s:16:\"permission-index\";s:10:\"guard_name\";s:3:\"web\";s:10:\"created_at\";s:19:\"2025-02-15 17:57:05\";s:10:\"updated_at\";s:19:\"2025-02-15 17:57:05\";s:13:\"pivot_role_id\";s:36:\"9e379d7c-f6ce-4134-9bc5-4f50ac5997da\";s:19:\"pivot_permission_id\";s:36:\"9e379d7c-e4e0-4c50-89f6-c29a91798d6d\";}s:10:\"\0*\0changes\";a:0:{}s:8:\"\0*\0casts\";a:0:{}s:17:\"\0*\0classCastCache\";a:0:{}s:21:\"\0*\0attributeCastCache\";a:0:{}s:13:\"\0*\0dateFormat\";N;s:10:\"\0*\0appends\";a:0:{}s:19:\"\0*\0dispatchesEvents\";a:0:{}s:14:\"\0*\0observables\";a:0:{}s:12:\"\0*\0relations\";a:1:{s:5:\"pivot\";O:44:\"Illuminate\\Database\\Eloquent\\Relations\\Pivot\":34:{s:13:\"\0*\0connection\";s:5:\"mysql\";s:8:\"\0*\0table\";s:20:\"role_has_permissions\";s:13:\"\0*\0primaryKey\";s:2:\"id\";s:10:\"\0*\0keyType\";s:3:\"int\";s:12:\"incrementing\";b:0;s:7:\"\0*\0with\";a:0:{}s:12:\"\0*\0withCount\";a:0:{}s:19:\"preventsLazyLoading\";b:0;s:10:\"\0*\0perPage\";i:15;s:6:\"exists\";b:1;s:18:\"wasRecentlyCreated\";b:0;s:28:\"\0*\0escapeWhenCastingToString\";b:0;s:13:\"\0*\0attributes\";a:2:{s:7:\"role_id\";s:36:\"9e379d7c-f6ce-4134-9bc5-4f50ac5997da\";s:13:\"permission_id\";s:36:\"9e379d7c-e4e0-4c50-89f6-c29a91798d6d\";}s:11:\"\0*\0original\";a:2:{s:7:\"role_id\";s:36:\"9e379d7c-f6ce-4134-9bc5-4f50ac5997da\";s:13:\"permission_id\";s:36:\"9e379d7c-e4e0-4c50-89f6-c29a91798d6d\";}s:10:\"\0*\0changes\";a:0:{}s:8:\"\0*\0casts\";a:0:{}s:17:\"\0*\0classCastCache\";a:0:{}s:21:\"\0*\0attributeCastCache\";a:0:{}s:13:\"\0*\0dateFormat\";N;s:10:\"\0*\0appends\";a:0:{}s:19:\"\0*\0dispatchesEvents\";a:0:{}s:14:\"\0*\0observables\";a:0:{}s:12:\"\0*\0relations\";a:0:{}s:10:\"\0*\0touches\";a:0:{}s:10:\"timestamps\";b:0;s:13:\"usesUniqueIds\";b:0;s:9:\"\0*\0hidden\";a:0:{}s:10:\"\0*\0visible\";a:0:{}s:11:\"\0*\0fillable\";a:0:{}s:10:\"\0*\0guarded\";a:0:{}s:11:\"pivotParent\";r:54;s:12:\"pivotRelated\";r:240;s:13:\"\0*\0foreignKey\";s:7:\"role_id\";s:13:\"\0*\0relatedKey\";s:13:\"permission_id\";}}s:10:\"\0*\0touches\";a:0:{}s:10:\"timestamps\";b:1;s:13:\"usesUniqueIds\";b:1;s:9:\"\0*\0hidden\";a:0:{}s:10:\"\0*\0visible\";a:0:{}s:11:\"\0*\0fillable\";a:0:{}s:10:\"\0*\0guarded\";a:1:{i:0;s:4:\"uuid\";}}i:21;O:21:\"App\\Models\\Permission\":30:{s:13:\"\0*\0connection\";s:5:\"mysql\";s:8:\"\0*\0table\";s:11:\"permissions\";s:13:\"\0*\0primaryKey\";s:4:\"uuid\";s:10:\"\0*\0keyType\";s:3:\"int\";s:12:\"incrementing\";b:1;s:7:\"\0*\0with\";a:0:{}s:12:\"\0*\0withCount\";a:0:{}s:19:\"preventsLazyLoading\";b:0;s:10:\"\0*\0perPage\";i:15;s:6:\"exists\";b:1;s:18:\"wasRecentlyCreated\";b:0;s:28:\"\0*\0escapeWhenCastingToString\";b:0;s:13:\"\0*\0attributes\";a:5:{s:4:\"uuid\";s:36:\"9e379d7c-ea2c-4fa5-b731-c94fd6df0dfa\";s:4:\"name\";s:17:\"permission-create\";s:10:\"guard_name\";s:3:\"web\";s:10:\"created_at\";s:19:\"2025-02-15 17:57:05\";s:10:\"updated_at\";s:19:\"2025-02-15 17:57:05\";}s:11:\"\0*\0original\";a:7:{s:4:\"uuid\";s:36:\"9e379d7c-ea2c-4fa5-b731-c94fd6df0dfa\";s:4:\"name\";s:17:\"permission-create\";s:10:\"guard_name\";s:3:\"web\";s:10:\"created_at\";s:19:\"2025-02-15 17:57:05\";s:10:\"updated_at\";s:19:\"2025-02-15 17:57:05\";s:13:\"pivot_role_id\";s:36:\"9e379d7c-f6ce-4134-9bc5-4f50ac5997da\";s:19:\"pivot_permission_id\";s:36:\"9e379d7c-ea2c-4fa5-b731-c94fd6df0dfa\";}s:10:\"\0*\0changes\";a:0:{}s:8:\"\0*\0casts\";a:0:{}s:17:\"\0*\0classCastCache\";a:0:{}s:21:\"\0*\0attributeCastCache\";a:0:{}s:13:\"\0*\0dateFormat\";N;s:10:\"\0*\0appends\";a:0:{}s:19:\"\0*\0dispatchesEvents\";a:0:{}s:14:\"\0*\0observables\";a:0:{}s:12:\"\0*\0relations\";a:1:{s:5:\"pivot\";O:44:\"Illuminate\\Database\\Eloquent\\Relations\\Pivot\":34:{s:13:\"\0*\0connection\";s:5:\"mysql\";s:8:\"\0*\0table\";s:20:\"role_has_permissions\";s:13:\"\0*\0primaryKey\";s:2:\"id\";s:10:\"\0*\0keyType\";s:3:\"int\";s:12:\"incrementing\";b:0;s:7:\"\0*\0with\";a:0:{}s:12:\"\0*\0withCount\";a:0:{}s:19:\"preventsLazyLoading\";b:0;s:10:\"\0*\0perPage\";i:15;s:6:\"exists\";b:1;s:18:\"wasRecentlyCreated\";b:0;s:28:\"\0*\0escapeWhenCastingToString\";b:0;s:13:\"\0*\0attributes\";a:2:{s:7:\"role_id\";s:36:\"9e379d7c-f6ce-4134-9bc5-4f50ac5997da\";s:13:\"permission_id\";s:36:\"9e379d7c-ea2c-4fa5-b731-c94fd6df0dfa\";}s:11:\"\0*\0original\";a:2:{s:7:\"role_id\";s:36:\"9e379d7c-f6ce-4134-9bc5-4f50ac5997da\";s:13:\"permission_id\";s:36:\"9e379d7c-ea2c-4fa5-b731-c94fd6df0dfa\";}s:10:\"\0*\0changes\";a:0:{}s:8:\"\0*\0casts\";a:0:{}s:17:\"\0*\0classCastCache\";a:0:{}s:21:\"\0*\0attributeCastCache\";a:0:{}s:13:\"\0*\0dateFormat\";N;s:10:\"\0*\0appends\";a:0:{}s:19:\"\0*\0dispatchesEvents\";a:0:{}s:14:\"\0*\0observables\";a:0:{}s:12:\"\0*\0relations\";a:0:{}s:10:\"\0*\0touches\";a:0:{}s:10:\"timestamps\";b:0;s:13:\"usesUniqueIds\";b:0;s:9:\"\0*\0hidden\";a:0:{}s:10:\"\0*\0visible\";a:0:{}s:11:\"\0*\0fillable\";a:0:{}s:10:\"\0*\0guarded\";a:0:{}s:11:\"pivotParent\";r:54;s:12:\"pivotRelated\";r:240;s:13:\"\0*\0foreignKey\";s:7:\"role_id\";s:13:\"\0*\0relatedKey\";s:13:\"permission_id\";}}s:10:\"\0*\0touches\";a:0:{}s:10:\"timestamps\";b:1;s:13:\"usesUniqueIds\";b:1;s:9:\"\0*\0hidden\";a:0:{}s:10:\"\0*\0visible\";a:0:{}s:11:\"\0*\0fillable\";a:0:{}s:10:\"\0*\0guarded\";a:1:{i:0;s:4:\"uuid\";}}i:22;O:21:\"App\\Models\\Permission\":30:{s:13:\"\0*\0connection\";s:5:\"mysql\";s:8:\"\0*\0table\";s:11:\"permissions\";s:13:\"\0*\0primaryKey\";s:4:\"uuid\";s:10:\"\0*\0keyType\";s:3:\"int\";s:12:\"incrementing\";b:1;s:7:\"\0*\0with\";a:0:{}s:12:\"\0*\0withCount\";a:0:{}s:19:\"preventsLazyLoading\";b:0;s:10:\"\0*\0perPage\";i:15;s:6:\"exists\";b:1;s:18:\"wasRecentlyCreated\";b:0;s:28:\"\0*\0escapeWhenCastingToString\";b:0;s:13:\"\0*\0attributes\";a:5:{s:4:\"uuid\";s:36:\"9e379d7c-efcc-472b-8624-f769b7b6f900\";s:4:\"name\";s:17:\"permission-update\";s:10:\"guard_name\";s:3:\"web\";s:10:\"created_at\";s:19:\"2025-02-15 17:57:06\";s:10:\"updated_at\";s:19:\"2025-02-15 17:57:06\";}s:11:\"\0*\0original\";a:7:{s:4:\"uuid\";s:36:\"9e379d7c-efcc-472b-8624-f769b7b6f900\";s:4:\"name\";s:17:\"permission-update\";s:10:\"guard_name\";s:3:\"web\";s:10:\"created_at\";s:19:\"2025-02-15 17:57:06\";s:10:\"updated_at\";s:19:\"2025-02-15 17:57:06\";s:13:\"pivot_role_id\";s:36:\"9e379d7c-f6ce-4134-9bc5-4f50ac5997da\";s:19:\"pivot_permission_id\";s:36:\"9e379d7c-efcc-472b-8624-f769b7b6f900\";}s:10:\"\0*\0changes\";a:0:{}s:8:\"\0*\0casts\";a:0:{}s:17:\"\0*\0classCastCache\";a:0:{}s:21:\"\0*\0attributeCastCache\";a:0:{}s:13:\"\0*\0dateFormat\";N;s:10:\"\0*\0appends\";a:0:{}s:19:\"\0*\0dispatchesEvents\";a:0:{}s:14:\"\0*\0observables\";a:0:{}s:12:\"\0*\0relations\";a:1:{s:5:\"pivot\";O:44:\"Illuminate\\Database\\Eloquent\\Relations\\Pivot\":34:{s:13:\"\0*\0connection\";s:5:\"mysql\";s:8:\"\0*\0table\";s:20:\"role_has_permissions\";s:13:\"\0*\0primaryKey\";s:2:\"id\";s:10:\"\0*\0keyType\";s:3:\"int\";s:12:\"incrementing\";b:0;s:7:\"\0*\0with\";a:0:{}s:12:\"\0*\0withCount\";a:0:{}s:19:\"preventsLazyLoading\";b:0;s:10:\"\0*\0perPage\";i:15;s:6:\"exists\";b:1;s:18:\"wasRecentlyCreated\";b:0;s:28:\"\0*\0escapeWhenCastingToString\";b:0;s:13:\"\0*\0attributes\";a:2:{s:7:\"role_id\";s:36:\"9e379d7c-f6ce-4134-9bc5-4f50ac5997da\";s:13:\"permission_id\";s:36:\"9e379d7c-efcc-472b-8624-f769b7b6f900\";}s:11:\"\0*\0original\";a:2:{s:7:\"role_id\";s:36:\"9e379d7c-f6ce-4134-9bc5-4f50ac5997da\";s:13:\"permission_id\";s:36:\"9e379d7c-efcc-472b-8624-f769b7b6f900\";}s:10:\"\0*\0changes\";a:0:{}s:8:\"\0*\0casts\";a:0:{}s:17:\"\0*\0classCastCache\";a:0:{}s:21:\"\0*\0attributeCastCache\";a:0:{}s:13:\"\0*\0dateFormat\";N;s:10:\"\0*\0appends\";a:0:{}s:19:\"\0*\0dispatchesEvents\";a:0:{}s:14:\"\0*\0observables\";a:0:{}s:12:\"\0*\0relations\";a:0:{}s:10:\"\0*\0touches\";a:0:{}s:10:\"timestamps\";b:0;s:13:\"usesUniqueIds\";b:0;s:9:\"\0*\0hidden\";a:0:{}s:10:\"\0*\0visible\";a:0:{}s:11:\"\0*\0fillable\";a:0:{}s:10:\"\0*\0guarded\";a:0:{}s:11:\"pivotParent\";r:54;s:12:\"pivotRelated\";r:240;s:13:\"\0*\0foreignKey\";s:7:\"role_id\";s:13:\"\0*\0relatedKey\";s:13:\"permission_id\";}}s:10:\"\0*\0touches\";a:0:{}s:10:\"timestamps\";b:1;s:13:\"usesUniqueIds\";b:1;s:9:\"\0*\0hidden\";a:0:{}s:10:\"\0*\0visible\";a:0:{}s:11:\"\0*\0fillable\";a:0:{}s:10:\"\0*\0guarded\";a:1:{i:0;s:4:\"uuid\";}}i:23;O:21:\"App\\Models\\Permission\":30:{s:13:\"\0*\0connection\";s:5:\"mysql\";s:8:\"\0*\0table\";s:11:\"permissions\";s:13:\"\0*\0primaryKey\";s:4:\"uuid\";s:10:\"\0*\0keyType\";s:3:\"int\";s:12:\"incrementing\";b:1;s:7:\"\0*\0with\";a:0:{}s:12:\"\0*\0withCount\";a:0:{}s:19:\"preventsLazyLoading\";b:0;s:10:\"\0*\0perPage\";i:15;s:6:\"exists\";b:1;s:18:\"wasRecentlyCreated\";b:0;s:28:\"\0*\0escapeWhenCastingToString\";b:0;s:13:\"\0*\0attributes\";a:5:{s:4:\"uuid\";s:36:\"9e379d7c-f510-4f2a-a819-c721e88b01a1\";s:4:\"name\";s:17:\"permission-delete\";s:10:\"guard_name\";s:3:\"web\";s:10:\"created_at\";s:19:\"2025-02-15 17:57:06\";s:10:\"updated_at\";s:19:\"2025-02-15 17:57:06\";}s:11:\"\0*\0original\";a:7:{s:4:\"uuid\";s:36:\"9e379d7c-f510-4f2a-a819-c721e88b01a1\";s:4:\"name\";s:17:\"permission-delete\";s:10:\"guard_name\";s:3:\"web\";s:10:\"created_at\";s:19:\"2025-02-15 17:57:06\";s:10:\"updated_at\";s:19:\"2025-02-15 17:57:06\";s:13:\"pivot_role_id\";s:36:\"9e379d7c-f6ce-4134-9bc5-4f50ac5997da\";s:19:\"pivot_permission_id\";s:36:\"9e379d7c-f510-4f2a-a819-c721e88b01a1\";}s:10:\"\0*\0changes\";a:0:{}s:8:\"\0*\0casts\";a:0:{}s:17:\"\0*\0classCastCache\";a:0:{}s:21:\"\0*\0attributeCastCache\";a:0:{}s:13:\"\0*\0dateFormat\";N;s:10:\"\0*\0appends\";a:0:{}s:19:\"\0*\0dispatchesEvents\";a:0:{}s:14:\"\0*\0observables\";a:0:{}s:12:\"\0*\0relations\";a:1:{s:5:\"pivot\";O:44:\"Illuminate\\Database\\Eloquent\\Relations\\Pivot\":34:{s:13:\"\0*\0connection\";s:5:\"mysql\";s:8:\"\0*\0table\";s:20:\"role_has_permissions\";s:13:\"\0*\0primaryKey\";s:2:\"id\";s:10:\"\0*\0keyType\";s:3:\"int\";s:12:\"incrementing\";b:0;s:7:\"\0*\0with\";a:0:{}s:12:\"\0*\0withCount\";a:0:{}s:19:\"preventsLazyLoading\";b:0;s:10:\"\0*\0perPage\";i:15;s:6:\"exists\";b:1;s:18:\"wasRecentlyCreated\";b:0;s:28:\"\0*\0escapeWhenCastingToString\";b:0;s:13:\"\0*\0attributes\";a:2:{s:7:\"role_id\";s:36:\"9e379d7c-f6ce-4134-9bc5-4f50ac5997da\";s:13:\"permission_id\";s:36:\"9e379d7c-f510-4f2a-a819-c721e88b01a1\";}s:11:\"\0*\0original\";a:2:{s:7:\"role_id\";s:36:\"9e379d7c-f6ce-4134-9bc5-4f50ac5997da\";s:13:\"permission_id\";s:36:\"9e379d7c-f510-4f2a-a819-c721e88b01a1\";}s:10:\"\0*\0changes\";a:0:{}s:8:\"\0*\0casts\";a:0:{}s:17:\"\0*\0classCastCache\";a:0:{}s:21:\"\0*\0attributeCastCache\";a:0:{}s:13:\"\0*\0dateFormat\";N;s:10:\"\0*\0appends\";a:0:{}s:19:\"\0*\0dispatchesEvents\";a:0:{}s:14:\"\0*\0observables\";a:0:{}s:12:\"\0*\0relations\";a:0:{}s:10:\"\0*\0touches\";a:0:{}s:10:\"timestamps\";b:0;s:13:\"usesUniqueIds\";b:0;s:9:\"\0*\0hidden\";a:0:{}s:10:\"\0*\0visible\";a:0:{}s:11:\"\0*\0fillable\";a:0:{}s:10:\"\0*\0guarded\";a:0:{}s:11:\"pivotParent\";r:54;s:12:\"pivotRelated\";r:240;s:13:\"\0*\0foreignKey\";s:7:\"role_id\";s:13:\"\0*\0relatedKey\";s:13:\"permission_id\";}}s:10:\"\0*\0touches\";a:0:{}s:10:\"timestamps\";b:1;s:13:\"usesUniqueIds\";b:1;s:9:\"\0*\0hidden\";a:0:{}s:10:\"\0*\0visible\";a:0:{}s:11:\"\0*\0fillable\";a:0:{}s:10:\"\0*\0guarded\";a:1:{i:0;s:4:\"uuid\";}}i:24;O:21:\"App\\Models\\Permission\":30:{s:13:\"\0*\0connection\";s:5:\"mysql\";s:8:\"\0*\0table\";s:11:\"permissions\";s:13:\"\0*\0primaryKey\";s:4:\"uuid\";s:10:\"\0*\0keyType\";s:3:\"int\";s:12:\"incrementing\";b:1;s:7:\"\0*\0with\";a:0:{}s:12:\"\0*\0withCount\";a:0:{}s:19:\"preventsLazyLoading\";b:0;s:10:\"\0*\0perPage\";i:15;s:6:\"exists\";b:1;s:18:\"wasRecentlyCreated\";b:0;s:28:\"\0*\0escapeWhenCastingToString\";b:0;s:13:\"\0*\0attributes\";a:5:{s:4:\"uuid\";s:36:\"9e522638-67f9-47a0-83d9-ab9cfba07b73\";s:4:\"name\";s:14:\"aplikasi-index\";s:10:\"guard_name\";s:3:\"web\";s:10:\"created_at\";s:19:\"2025-02-28 22:30:57\";s:10:\"updated_at\";s:19:\"2025-02-28 22:30:57\";}s:11:\"\0*\0original\";a:7:{s:4:\"uuid\";s:36:\"9e522638-67f9-47a0-83d9-ab9cfba07b73\";s:4:\"name\";s:14:\"aplikasi-index\";s:10:\"guard_name\";s:3:\"web\";s:10:\"created_at\";s:19:\"2025-02-28 22:30:57\";s:10:\"updated_at\";s:19:\"2025-02-28 22:30:57\";s:13:\"pivot_role_id\";s:36:\"9e379d7c-f6ce-4134-9bc5-4f50ac5997da\";s:19:\"pivot_permission_id\";s:36:\"9e522638-67f9-47a0-83d9-ab9cfba07b73\";}s:10:\"\0*\0changes\";a:0:{}s:8:\"\0*\0casts\";a:0:{}s:17:\"\0*\0classCastCache\";a:0:{}s:21:\"\0*\0attributeCastCache\";a:0:{}s:13:\"\0*\0dateFormat\";N;s:10:\"\0*\0appends\";a:0:{}s:19:\"\0*\0dispatchesEvents\";a:0:{}s:14:\"\0*\0observables\";a:0:{}s:12:\"\0*\0relations\";a:1:{s:5:\"pivot\";O:44:\"Illuminate\\Database\\Eloquent\\Relations\\Pivot\":34:{s:13:\"\0*\0connection\";s:5:\"mysql\";s:8:\"\0*\0table\";s:20:\"role_has_permissions\";s:13:\"\0*\0primaryKey\";s:2:\"id\";s:10:\"\0*\0keyType\";s:3:\"int\";s:12:\"incrementing\";b:0;s:7:\"\0*\0with\";a:0:{}s:12:\"\0*\0withCount\";a:0:{}s:19:\"preventsLazyLoading\";b:0;s:10:\"\0*\0perPage\";i:15;s:6:\"exists\";b:1;s:18:\"wasRecentlyCreated\";b:0;s:28:\"\0*\0escapeWhenCastingToString\";b:0;s:13:\"\0*\0attributes\";a:2:{s:7:\"role_id\";s:36:\"9e379d7c-f6ce-4134-9bc5-4f50ac5997da\";s:13:\"permission_id\";s:36:\"9e522638-67f9-47a0-83d9-ab9cfba07b73\";}s:11:\"\0*\0original\";a:2:{s:7:\"role_id\";s:36:\"9e379d7c-f6ce-4134-9bc5-4f50ac5997da\";s:13:\"permission_id\";s:36:\"9e522638-67f9-47a0-83d9-ab9cfba07b73\";}s:10:\"\0*\0changes\";a:0:{}s:8:\"\0*\0casts\";a:0:{}s:17:\"\0*\0classCastCache\";a:0:{}s:21:\"\0*\0attributeCastCache\";a:0:{}s:13:\"\0*\0dateFormat\";N;s:10:\"\0*\0appends\";a:0:{}s:19:\"\0*\0dispatchesEvents\";a:0:{}s:14:\"\0*\0observables\";a:0:{}s:12:\"\0*\0relations\";a:0:{}s:10:\"\0*\0touches\";a:0:{}s:10:\"timestamps\";b:0;s:13:\"usesUniqueIds\";b:0;s:9:\"\0*\0hidden\";a:0:{}s:10:\"\0*\0visible\";a:0:{}s:11:\"\0*\0fillable\";a:0:{}s:10:\"\0*\0guarded\";a:0:{}s:11:\"pivotParent\";r:54;s:12:\"pivotRelated\";r:240;s:13:\"\0*\0foreignKey\";s:7:\"role_id\";s:13:\"\0*\0relatedKey\";s:13:\"permission_id\";}}s:10:\"\0*\0touches\";a:0:{}s:10:\"timestamps\";b:1;s:13:\"usesUniqueIds\";b:1;s:9:\"\0*\0hidden\";a:0:{}s:10:\"\0*\0visible\";a:0:{}s:11:\"\0*\0fillable\";a:0:{}s:10:\"\0*\0guarded\";a:1:{i:0;s:4:\"uuid\";}}}s:28:\"\0*\0escapeWhenCastingToString\";b:0;}}s:10:\"\0*\0touches\";a:0:{}s:10:\"timestamps\";b:1;s:13:\"usesUniqueIds\";b:1;s:9:\"\0*\0hidden\";a:0:{}s:10:\"\0*\0visible\";a:0:{}s:11:\"\0*\0fillable\";a:0:{}s:10:\"\0*\0guarded\";a:1:{i:0;s:4:\"uuid\";}}}s:28:\"\0*\0escapeWhenCastingToString\";b:0;}}s:10:\"\0*\0touches\";a:0:{}s:10:\"timestamps\";b:1;s:13:\"usesUniqueIds\";b:1;s:9:\"\0*\0hidden\";a:2:{i:0;s:8:\"password\";i:1;s:14:\"remember_token\";}s:10:\"\0*\0visible\";a:0:{}s:11:\"\0*\0fillable\";a:4:{i:0;s:13:\"zona_waktu_id\";i:1;s:4:\"name\";i:2;s:5:\"email\";i:3;s:8:\"password\";}s:10:\"\0*\0guarded\";a:1:{i:0;s:1:\"*\";}s:19:\"\0*\0authPasswordName\";s:8:\"password\";s:20:\"\0*\0rememberTokenName\";s:14:\"remember_token\";s:16:\"\0*\0forceDeleting\";b:0;}s:11:\"permissions\";O:29:\"Illuminate\\Support\\Collection\":2:{s:8:\"\0*\0items\";a:25:{i:0;s:16:\"zona-waktu-index\";i:1;s:17:\"zona-waktu-create\";i:2;s:17:\"zona-waktu-update\";i:3;s:17:\"zona-waktu-delete\";i:4;s:16:\"perusahaan-index\";i:5;s:17:\"perusahaan-create\";i:6;s:17:\"perusahaan-update\";i:7;s:17:\"perusahaan-delete\";i:8;s:13:\"pemilik-index\";i:9;s:14:\"pemilik-create\";i:10;s:14:\"pemilik-update\";i:11;s:14:\"pemilik-delete\";i:12;s:14:\"pengguna-index\";i:13;s:15:\"pengguna-create\";i:14;s:15:\"pengguna-update\";i:15;s:15:\"pengguna-delete\";i:16;s:10:\"role-index\";i:17;s:11:\"role-create\";i:18;s:11:\"role-update\";i:19;s:11:\"role-delete\";i:20;s:16:\"permission-index\";i:21;s:17:\"permission-create\";i:22;s:17:\"permission-update\";i:23;s:17:\"permission-delete\";i:24;s:14:\"aplikasi-index\";}s:28:\"\0*\0escapeWhenCastingToString\";b:0;}s:10:\"perusahaan\";a:6:{s:2:\"id\";i:1747395705;s:4:\"nama\";s:20:\"DEVELOPER ABATA TECH\";s:4:\"telp\";s:17:\"+62 877-9905-8312\";s:9:\"koordinat\";a:2:{i:0;d:109.52646521589804;i:1;d:-7.01800386097385;}s:6:\"alamat\";s:0:\"\";s:4:\"logo\";s:0:\"\";}}', 1747395765);
INSERT INTO `cache` VALUES ('share-data-9e4bc8c7-6734-4bb1-a18d-170a7430727d', 'a:3:{s:4:\"user\";O:15:\"App\\Models\\User\":33:{s:13:\"\0*\0connection\";s:5:\"mysql\";s:8:\"\0*\0table\";s:5:\"users\";s:13:\"\0*\0primaryKey\";s:2:\"id\";s:10:\"\0*\0keyType\";s:3:\"int\";s:12:\"incrementing\";b:1;s:7:\"\0*\0with\";a:0:{}s:12:\"\0*\0withCount\";a:0:{}s:19:\"preventsLazyLoading\";b:0;s:10:\"\0*\0perPage\";i:15;s:6:\"exists\";b:1;s:18:\"wasRecentlyCreated\";b:0;s:28:\"\0*\0escapeWhenCastingToString\";b:0;s:13:\"\0*\0attributes\";a:10:{s:2:\"id\";s:36:\"9e4bc8c7-6734-4bb1-a18d-170a7430727d\";s:13:\"zona_waktu_id\";s:36:\"9e379fe9-42f7-4c54-95f2-e6765aae4a09\";s:4:\"name\";s:3:\"GUN\";s:5:\"email\";s:28:\"wahyuhandayani1987@gmail.com\";s:17:\"email_verified_at\";s:19:\"2025-02-25 18:38:08\";s:8:\"password\";s:60:\"$2y$12$81yHzpncpgHemy0xXkR4YeeR5dvxhNosdzS8wsITpHgmeXh7tk/wa\";s:14:\"remember_token\";s:60:\"dSI6JwteZtQZsRTPa5k5vBbTWqzUTjWuyIy4yHu9PzAHlOmn4r3Vct77oFiQ\";s:10:\"deleted_at\";N;s:10:\"created_at\";s:19:\"2025-02-25 18:34:42\";s:10:\"updated_at\";s:19:\"2025-03-01 19:12:58\";}s:11:\"\0*\0original\";a:10:{s:2:\"id\";s:36:\"9e4bc8c7-6734-4bb1-a18d-170a7430727d\";s:13:\"zona_waktu_id\";s:36:\"9e379fe9-42f7-4c54-95f2-e6765aae4a09\";s:4:\"name\";s:3:\"GUN\";s:5:\"email\";s:28:\"wahyuhandayani1987@gmail.com\";s:17:\"email_verified_at\";s:19:\"2025-02-25 18:38:08\";s:8:\"password\";s:60:\"$2y$12$81yHzpncpgHemy0xXkR4YeeR5dvxhNosdzS8wsITpHgmeXh7tk/wa\";s:14:\"remember_token\";s:60:\"dSI6JwteZtQZsRTPa5k5vBbTWqzUTjWuyIy4yHu9PzAHlOmn4r3Vct77oFiQ\";s:10:\"deleted_at\";N;s:10:\"created_at\";s:19:\"2025-02-25 18:34:42\";s:10:\"updated_at\";s:19:\"2025-03-01 19:12:58\";}s:10:\"\0*\0changes\";a:0:{}s:8:\"\0*\0casts\";a:3:{s:17:\"email_verified_at\";s:8:\"datetime\";s:8:\"password\";s:6:\"hashed\";s:10:\"deleted_at\";s:8:\"datetime\";}s:17:\"\0*\0classCastCache\";a:0:{}s:21:\"\0*\0attributeCastCache\";a:0:{}s:13:\"\0*\0dateFormat\";N;s:10:\"\0*\0appends\";a:0:{}s:19:\"\0*\0dispatchesEvents\";a:0:{}s:14:\"\0*\0observables\";a:0:{}s:12:\"\0*\0relations\";a:2:{s:10:\"perusahaan\";O:39:\"Illuminate\\Database\\Eloquent\\Collection\":2:{s:8:\"\0*\0items\";a:1:{i:0;O:21:\"App\\Models\\Perusahaan\":31:{s:13:\"\0*\0connection\";s:5:\"mysql\";s:8:\"\0*\0table\";s:11:\"perusahaans\";s:13:\"\0*\0primaryKey\";s:2:\"id\";s:10:\"\0*\0keyType\";s:3:\"int\";s:12:\"incrementing\";b:1;s:7:\"\0*\0with\";a:0:{}s:12:\"\0*\0withCount\";a:0:{}s:19:\"preventsLazyLoading\";b:0;s:10:\"\0*\0perPage\";i:15;s:6:\"exists\";b:1;s:18:\"wasRecentlyCreated\";b:0;s:28:\"\0*\0escapeWhenCastingToString\";b:0;s:13:\"\0*\0attributes\";a:10:{s:2:\"id\";s:36:\"9e37a0c9-2ccc-45ba-8853-c9b92b95c97f\";s:4:\"nama\";s:20:\"LJN MITRA SUMUBKIDUL\";s:4:\"telp\";s:13:\"6282324624106\";s:6:\"alamat\";s:29:\"Sumubkidul, Sragi, Pekalongan\";s:9:\"koordinat\";s:38:\"-6.968510543620823, 109.53814902251267\";s:4:\"logo\";s:56:\"logo/4CC7FFE2-9A98-ABD7-496A-919C887BAA66-1740405994.png\";s:8:\"token_wa\";s:23:\"Veoy7wo8ZrhCJzTjxXBGkkk\";s:10:\"deleted_at\";N;s:10:\"created_at\";s:19:\"2025-02-15 18:06:19\";s:10:\"updated_at\";s:19:\"2025-03-08 10:29:21\";}s:11:\"\0*\0original\";a:12:{s:2:\"id\";s:36:\"9e37a0c9-2ccc-45ba-8853-c9b92b95c97f\";s:4:\"nama\";s:20:\"LJN MITRA SUMUBKIDUL\";s:4:\"telp\";s:13:\"6282324624106\";s:6:\"alamat\";s:29:\"Sumubkidul, Sragi, Pekalongan\";s:9:\"koordinat\";s:38:\"-6.968510543620823, 109.53814902251267\";s:4:\"logo\";s:56:\"logo/4CC7FFE2-9A98-ABD7-496A-919C887BAA66-1740405994.png\";s:8:\"token_wa\";s:23:\"Veoy7wo8ZrhCJzTjxXBGkkk\";s:10:\"deleted_at\";N;s:10:\"created_at\";s:19:\"2025-02-15 18:06:19\";s:10:\"updated_at\";s:19:\"2025-03-08 10:29:21\";s:13:\"pivot_user_id\";s:36:\"9e4bc8c7-6734-4bb1-a18d-170a7430727d\";s:19:\"pivot_perusahaan_id\";s:36:\"9e37a0c9-2ccc-45ba-8853-c9b92b95c97f\";}s:10:\"\0*\0changes\";a:0:{}s:8:\"\0*\0casts\";a:1:{s:10:\"deleted_at\";s:8:\"datetime\";}s:17:\"\0*\0classCastCache\";a:0:{}s:21:\"\0*\0attributeCastCache\";a:0:{}s:13:\"\0*\0dateFormat\";N;s:10:\"\0*\0appends\";a:0:{}s:19:\"\0*\0dispatchesEvents\";a:0:{}s:14:\"\0*\0observables\";a:0:{}s:12:\"\0*\0relations\";a:1:{s:5:\"pivot\";O:44:\"Illuminate\\Database\\Eloquent\\Relations\\Pivot\":34:{s:13:\"\0*\0connection\";s:5:\"mysql\";s:8:\"\0*\0table\";s:16:\"user_perusahaans\";s:13:\"\0*\0primaryKey\";s:2:\"id\";s:10:\"\0*\0keyType\";s:3:\"int\";s:12:\"incrementing\";b:0;s:7:\"\0*\0with\";a:0:{}s:12:\"\0*\0withCount\";a:0:{}s:19:\"preventsLazyLoading\";b:0;s:10:\"\0*\0perPage\";i:15;s:6:\"exists\";b:1;s:18:\"wasRecentlyCreated\";b:0;s:28:\"\0*\0escapeWhenCastingToString\";b:0;s:13:\"\0*\0attributes\";a:2:{s:7:\"user_id\";s:36:\"9e4bc8c7-6734-4bb1-a18d-170a7430727d\";s:13:\"perusahaan_id\";s:36:\"9e37a0c9-2ccc-45ba-8853-c9b92b95c97f\";}s:11:\"\0*\0original\";a:2:{s:7:\"user_id\";s:36:\"9e4bc8c7-6734-4bb1-a18d-170a7430727d\";s:13:\"perusahaan_id\";s:36:\"9e37a0c9-2ccc-45ba-8853-c9b92b95c97f\";}s:10:\"\0*\0changes\";a:0:{}s:8:\"\0*\0casts\";a:0:{}s:17:\"\0*\0classCastCache\";a:0:{}s:21:\"\0*\0attributeCastCache\";a:0:{}s:13:\"\0*\0dateFormat\";N;s:10:\"\0*\0appends\";a:0:{}s:19:\"\0*\0dispatchesEvents\";a:0:{}s:14:\"\0*\0observables\";a:0:{}s:12:\"\0*\0relations\";a:0:{}s:10:\"\0*\0touches\";a:0:{}s:10:\"timestamps\";b:0;s:13:\"usesUniqueIds\";b:0;s:9:\"\0*\0hidden\";a:0:{}s:10:\"\0*\0visible\";a:0:{}s:11:\"\0*\0fillable\";a:0:{}s:10:\"\0*\0guarded\";a:0:{}s:11:\"pivotParent\";r:2;s:12:\"pivotRelated\";O:21:\"App\\Models\\Perusahaan\":31:{s:13:\"\0*\0connection\";s:5:\"mysql\";s:8:\"\0*\0table\";N;s:13:\"\0*\0primaryKey\";s:2:\"id\";s:10:\"\0*\0keyType\";s:3:\"int\";s:12:\"incrementing\";b:1;s:7:\"\0*\0with\";a:0:{}s:12:\"\0*\0withCount\";a:0:{}s:19:\"preventsLazyLoading\";b:0;s:10:\"\0*\0perPage\";i:15;s:6:\"exists\";b:0;s:18:\"wasRecentlyCreated\";b:0;s:28:\"\0*\0escapeWhenCastingToString\";b:0;s:13:\"\0*\0attributes\";a:0:{}s:11:\"\0*\0original\";a:0:{}s:10:\"\0*\0changes\";a:0:{}s:8:\"\0*\0casts\";a:1:{s:10:\"deleted_at\";s:8:\"datetime\";}s:17:\"\0*\0classCastCache\";a:0:{}s:21:\"\0*\0attributeCastCache\";a:0:{}s:13:\"\0*\0dateFormat\";N;s:10:\"\0*\0appends\";a:0:{}s:19:\"\0*\0dispatchesEvents\";a:0:{}s:14:\"\0*\0observables\";a:0:{}s:12:\"\0*\0relations\";a:0:{}s:10:\"\0*\0touches\";a:0:{}s:10:\"timestamps\";b:1;s:13:\"usesUniqueIds\";b:1;s:9:\"\0*\0hidden\";a:0:{}s:10:\"\0*\0visible\";a:0:{}s:11:\"\0*\0fillable\";a:6:{i:0;s:4:\"nama\";i:1;s:4:\"telp\";i:2;s:6:\"alamat\";i:3;s:9:\"koordinat\";i:4;s:4:\"logo\";i:5;s:8:\"token_wa\";}s:10:\"\0*\0guarded\";a:1:{i:0;s:1:\"*\";}s:16:\"\0*\0forceDeleting\";b:0;}s:13:\"\0*\0foreignKey\";s:7:\"user_id\";s:13:\"\0*\0relatedKey\";s:13:\"perusahaan_id\";}}s:10:\"\0*\0touches\";a:0:{}s:10:\"timestamps\";b:1;s:13:\"usesUniqueIds\";b:1;s:9:\"\0*\0hidden\";a:0:{}s:10:\"\0*\0visible\";a:0:{}s:11:\"\0*\0fillable\";a:6:{i:0;s:4:\"nama\";i:1;s:4:\"telp\";i:2;s:6:\"alamat\";i:3;s:9:\"koordinat\";i:4;s:4:\"logo\";i:5;s:8:\"token_wa\";}s:10:\"\0*\0guarded\";a:1:{i:0;s:1:\"*\";}s:16:\"\0*\0forceDeleting\";b:0;}}s:28:\"\0*\0escapeWhenCastingToString\";b:0;}s:5:\"roles\";O:39:\"Illuminate\\Database\\Eloquent\\Collection\":2:{s:8:\"\0*\0items\";a:1:{i:0;O:15:\"App\\Models\\Role\":30:{s:13:\"\0*\0connection\";s:5:\"mysql\";s:8:\"\0*\0table\";s:5:\"roles\";s:13:\"\0*\0primaryKey\";s:4:\"uuid\";s:10:\"\0*\0keyType\";s:3:\"int\";s:12:\"incrementing\";b:1;s:7:\"\0*\0with\";a:0:{}s:12:\"\0*\0withCount\";a:0:{}s:19:\"preventsLazyLoading\";b:0;s:10:\"\0*\0perPage\";i:15;s:6:\"exists\";b:1;s:18:\"wasRecentlyCreated\";b:0;s:28:\"\0*\0escapeWhenCastingToString\";b:0;s:13:\"\0*\0attributes\";a:5:{s:4:\"uuid\";s:36:\"9e379d80-513c-4b03-943d-f3fcbd1fcc92\";s:4:\"name\";s:7:\"PEMILIK\";s:10:\"guard_name\";s:3:\"web\";s:10:\"created_at\";s:19:\"2025-02-15 17:57:08\";s:10:\"updated_at\";s:19:\"2025-02-15 17:57:08\";}s:11:\"\0*\0original\";a:8:{s:4:\"uuid\";s:36:\"9e379d80-513c-4b03-943d-f3fcbd1fcc92\";s:4:\"name\";s:7:\"PEMILIK\";s:10:\"guard_name\";s:3:\"web\";s:10:\"created_at\";s:19:\"2025-02-15 17:57:08\";s:10:\"updated_at\";s:19:\"2025-02-15 17:57:08\";s:14:\"pivot_model_id\";s:36:\"9e4bc8c7-6734-4bb1-a18d-170a7430727d\";s:13:\"pivot_role_id\";s:36:\"9e379d80-513c-4b03-943d-f3fcbd1fcc92\";s:16:\"pivot_model_type\";s:15:\"App\\Models\\User\";}s:10:\"\0*\0changes\";a:0:{}s:8:\"\0*\0casts\";a:0:{}s:17:\"\0*\0classCastCache\";a:0:{}s:21:\"\0*\0attributeCastCache\";a:0:{}s:13:\"\0*\0dateFormat\";N;s:10:\"\0*\0appends\";a:0:{}s:19:\"\0*\0dispatchesEvents\";a:0:{}s:14:\"\0*\0observables\";a:0:{}s:12:\"\0*\0relations\";a:2:{s:5:\"pivot\";O:49:\"Illuminate\\Database\\Eloquent\\Relations\\MorphPivot\":36:{s:13:\"\0*\0connection\";s:5:\"mysql\";s:8:\"\0*\0table\";s:15:\"model_has_roles\";s:13:\"\0*\0primaryKey\";s:2:\"id\";s:10:\"\0*\0keyType\";s:3:\"int\";s:12:\"incrementing\";b:0;s:7:\"\0*\0with\";a:0:{}s:12:\"\0*\0withCount\";a:0:{}s:19:\"preventsLazyLoading\";b:0;s:10:\"\0*\0perPage\";i:15;s:6:\"exists\";b:1;s:18:\"wasRecentlyCreated\";b:0;s:28:\"\0*\0escapeWhenCastingToString\";b:0;s:13:\"\0*\0attributes\";a:3:{s:10:\"model_type\";s:15:\"App\\Models\\User\";s:8:\"model_id\";s:36:\"9e4bc8c7-6734-4bb1-a18d-170a7430727d\";s:7:\"role_id\";s:36:\"9e379d80-513c-4b03-943d-f3fcbd1fcc92\";}s:11:\"\0*\0original\";a:3:{s:10:\"model_type\";s:15:\"App\\Models\\User\";s:8:\"model_id\";s:36:\"9e4bc8c7-6734-4bb1-a18d-170a7430727d\";s:7:\"role_id\";s:36:\"9e379d80-513c-4b03-943d-f3fcbd1fcc92\";}s:10:\"\0*\0changes\";a:0:{}s:8:\"\0*\0casts\";a:0:{}s:17:\"\0*\0classCastCache\";a:0:{}s:21:\"\0*\0attributeCastCache\";a:0:{}s:13:\"\0*\0dateFormat\";N;s:10:\"\0*\0appends\";a:0:{}s:19:\"\0*\0dispatchesEvents\";a:0:{}s:14:\"\0*\0observables\";a:0:{}s:12:\"\0*\0relations\";a:0:{}s:10:\"\0*\0touches\";a:0:{}s:10:\"timestamps\";b:0;s:13:\"usesUniqueIds\";b:0;s:9:\"\0*\0hidden\";a:0:{}s:10:\"\0*\0visible\";a:0:{}s:11:\"\0*\0fillable\";a:0:{}s:10:\"\0*\0guarded\";a:0:{}s:11:\"pivotParent\";r:2;s:12:\"pivotRelated\";O:15:\"App\\Models\\Role\":30:{s:13:\"\0*\0connection\";s:5:\"mysql\";s:8:\"\0*\0table\";s:5:\"roles\";s:13:\"\0*\0primaryKey\";s:4:\"uuid\";s:10:\"\0*\0keyType\";s:3:\"int\";s:12:\"incrementing\";b:1;s:7:\"\0*\0with\";a:0:{}s:12:\"\0*\0withCount\";a:0:{}s:19:\"preventsLazyLoading\";b:0;s:10:\"\0*\0perPage\";i:15;s:6:\"exists\";b:0;s:18:\"wasRecentlyCreated\";b:0;s:28:\"\0*\0escapeWhenCastingToString\";b:0;s:13:\"\0*\0attributes\";a:1:{s:10:\"guard_name\";s:3:\"web\";}s:11:\"\0*\0original\";a:0:{}s:10:\"\0*\0changes\";a:0:{}s:8:\"\0*\0casts\";a:0:{}s:17:\"\0*\0classCastCache\";a:0:{}s:21:\"\0*\0attributeCastCache\";a:0:{}s:13:\"\0*\0dateFormat\";N;s:10:\"\0*\0appends\";a:0:{}s:19:\"\0*\0dispatchesEvents\";a:0:{}s:14:\"\0*\0observables\";a:0:{}s:12:\"\0*\0relations\";a:0:{}s:10:\"\0*\0touches\";a:0:{}s:10:\"timestamps\";b:1;s:13:\"usesUniqueIds\";b:1;s:9:\"\0*\0hidden\";a:0:{}s:10:\"\0*\0visible\";a:0:{}s:11:\"\0*\0fillable\";a:0:{}s:10:\"\0*\0guarded\";a:1:{i:0;s:4:\"uuid\";}}s:13:\"\0*\0foreignKey\";s:8:\"model_id\";s:13:\"\0*\0relatedKey\";s:7:\"role_id\";s:12:\"\0*\0morphType\";s:10:\"model_type\";s:13:\"\0*\0morphClass\";s:15:\"App\\Models\\User\";}s:11:\"permissions\";O:39:\"Illuminate\\Database\\Eloquent\\Collection\":2:{s:8:\"\0*\0items\";a:23:{i:0;O:21:\"App\\Models\\Permission\":30:{s:13:\"\0*\0connection\";s:5:\"mysql\";s:8:\"\0*\0table\";s:11:\"permissions\";s:13:\"\0*\0primaryKey\";s:4:\"uuid\";s:10:\"\0*\0keyType\";s:3:\"int\";s:12:\"incrementing\";b:1;s:7:\"\0*\0with\";a:0:{}s:12:\"\0*\0withCount\";a:0:{}s:19:\"preventsLazyLoading\";b:0;s:10:\"\0*\0perPage\";i:15;s:6:\"exists\";b:1;s:18:\"wasRecentlyCreated\";b:0;s:28:\"\0*\0escapeWhenCastingToString\";b:0;s:13:\"\0*\0attributes\";a:5:{s:4:\"uuid\";s:36:\"9e379d7c-50a2-4793-955c-46c4568a2f8e\";s:4:\"name\";s:20:\"paket-internet-index\";s:10:\"guard_name\";s:3:\"web\";s:10:\"created_at\";s:19:\"2025-02-15 17:57:05\";s:10:\"updated_at\";s:19:\"2025-02-15 17:57:05\";}s:11:\"\0*\0original\";a:7:{s:4:\"uuid\";s:36:\"9e379d7c-50a2-4793-955c-46c4568a2f8e\";s:4:\"name\";s:20:\"paket-internet-index\";s:10:\"guard_name\";s:3:\"web\";s:10:\"created_at\";s:19:\"2025-02-15 17:57:05\";s:10:\"updated_at\";s:19:\"2025-02-15 17:57:05\";s:13:\"pivot_role_id\";s:36:\"9e379d80-513c-4b03-943d-f3fcbd1fcc92\";s:19:\"pivot_permission_id\";s:36:\"9e379d7c-50a2-4793-955c-46c4568a2f8e\";}s:10:\"\0*\0changes\";a:0:{}s:8:\"\0*\0casts\";a:0:{}s:17:\"\0*\0classCastCache\";a:0:{}s:21:\"\0*\0attributeCastCache\";a:0:{}s:13:\"\0*\0dateFormat\";N;s:10:\"\0*\0appends\";a:0:{}s:19:\"\0*\0dispatchesEvents\";a:0:{}s:14:\"\0*\0observables\";a:0:{}s:12:\"\0*\0relations\";a:1:{s:5:\"pivot\";O:44:\"Illuminate\\Database\\Eloquent\\Relations\\Pivot\":34:{s:13:\"\0*\0connection\";s:5:\"mysql\";s:8:\"\0*\0table\";s:20:\"role_has_permissions\";s:13:\"\0*\0primaryKey\";s:2:\"id\";s:10:\"\0*\0keyType\";s:3:\"int\";s:12:\"incrementing\";b:0;s:7:\"\0*\0with\";a:0:{}s:12:\"\0*\0withCount\";a:0:{}s:19:\"preventsLazyLoading\";b:0;s:10:\"\0*\0perPage\";i:15;s:6:\"exists\";b:1;s:18:\"wasRecentlyCreated\";b:0;s:28:\"\0*\0escapeWhenCastingToString\";b:0;s:13:\"\0*\0attributes\";a:2:{s:7:\"role_id\";s:36:\"9e379d80-513c-4b03-943d-f3fcbd1fcc92\";s:13:\"permission_id\";s:36:\"9e379d7c-50a2-4793-955c-46c4568a2f8e\";}s:11:\"\0*\0original\";a:2:{s:7:\"role_id\";s:36:\"9e379d80-513c-4b03-943d-f3fcbd1fcc92\";s:13:\"permission_id\";s:36:\"9e379d7c-50a2-4793-955c-46c4568a2f8e\";}s:10:\"\0*\0changes\";a:0:{}s:8:\"\0*\0casts\";a:0:{}s:17:\"\0*\0classCastCache\";a:0:{}s:21:\"\0*\0attributeCastCache\";a:0:{}s:13:\"\0*\0dateFormat\";N;s:10:\"\0*\0appends\";a:0:{}s:19:\"\0*\0dispatchesEvents\";a:0:{}s:14:\"\0*\0observables\";a:0:{}s:12:\"\0*\0relations\";a:0:{}s:10:\"\0*\0touches\";a:0:{}s:10:\"timestamps\";b:0;s:13:\"usesUniqueIds\";b:0;s:9:\"\0*\0hidden\";a:0:{}s:10:\"\0*\0visible\";a:0:{}s:11:\"\0*\0fillable\";a:0:{}s:10:\"\0*\0guarded\";a:0:{}s:11:\"pivotParent\";r:194;s:12:\"pivotRelated\";O:21:\"App\\Models\\Permission\":30:{s:13:\"\0*\0connection\";s:5:\"mysql\";s:8:\"\0*\0table\";s:11:\"permissions\";s:13:\"\0*\0primaryKey\";s:4:\"uuid\";s:10:\"\0*\0keyType\";s:3:\"int\";s:12:\"incrementing\";b:1;s:7:\"\0*\0with\";a:0:{}s:12:\"\0*\0withCount\";a:0:{}s:19:\"preventsLazyLoading\";b:0;s:10:\"\0*\0perPage\";i:15;s:6:\"exists\";b:0;s:18:\"wasRecentlyCreated\";b:0;s:28:\"\0*\0escapeWhenCastingToString\";b:0;s:13:\"\0*\0attributes\";a:1:{s:10:\"guard_name\";s:3:\"web\";}s:11:\"\0*\0original\";a:0:{}s:10:\"\0*\0changes\";a:0:{}s:8:\"\0*\0casts\";a:0:{}s:17:\"\0*\0classCastCache\";a:0:{}s:21:\"\0*\0attributeCastCache\";a:0:{}s:13:\"\0*\0dateFormat\";N;s:10:\"\0*\0appends\";a:0:{}s:19:\"\0*\0dispatchesEvents\";a:0:{}s:14:\"\0*\0observables\";a:0:{}s:12:\"\0*\0relations\";a:0:{}s:10:\"\0*\0touches\";a:0:{}s:10:\"timestamps\";b:1;s:13:\"usesUniqueIds\";b:1;s:9:\"\0*\0hidden\";a:0:{}s:10:\"\0*\0visible\";a:0:{}s:11:\"\0*\0fillable\";a:0:{}s:10:\"\0*\0guarded\";a:1:{i:0;s:4:\"uuid\";}}s:13:\"\0*\0foreignKey\";s:7:\"role_id\";s:13:\"\0*\0relatedKey\";s:13:\"permission_id\";}}s:10:\"\0*\0touches\";a:0:{}s:10:\"timestamps\";b:1;s:13:\"usesUniqueIds\";b:1;s:9:\"\0*\0hidden\";a:0:{}s:10:\"\0*\0visible\";a:0:{}s:11:\"\0*\0fillable\";a:0:{}s:10:\"\0*\0guarded\";a:1:{i:0;s:4:\"uuid\";}}i:1;O:21:\"App\\Models\\Permission\":30:{s:13:\"\0*\0connection\";s:5:\"mysql\";s:8:\"\0*\0table\";s:11:\"permissions\";s:13:\"\0*\0primaryKey\";s:4:\"uuid\";s:10:\"\0*\0keyType\";s:3:\"int\";s:12:\"incrementing\";b:1;s:7:\"\0*\0with\";a:0:{}s:12:\"\0*\0withCount\";a:0:{}s:19:\"preventsLazyLoading\";b:0;s:10:\"\0*\0perPage\";i:15;s:6:\"exists\";b:1;s:18:\"wasRecentlyCreated\";b:0;s:28:\"\0*\0escapeWhenCastingToString\";b:0;s:13:\"\0*\0attributes\";a:5:{s:4:\"uuid\";s:36:\"9e379d7c-540d-4cef-adf3-aa705ab8712a\";s:4:\"name\";s:21:\"paket-internet-create\";s:10:\"guard_name\";s:3:\"web\";s:10:\"created_at\";s:19:\"2025-02-15 17:57:05\";s:10:\"updated_at\";s:19:\"2025-02-15 17:57:05\";}s:11:\"\0*\0original\";a:7:{s:4:\"uuid\";s:36:\"9e379d7c-540d-4cef-adf3-aa705ab8712a\";s:4:\"name\";s:21:\"paket-internet-create\";s:10:\"guard_name\";s:3:\"web\";s:10:\"created_at\";s:19:\"2025-02-15 17:57:05\";s:10:\"updated_at\";s:19:\"2025-02-15 17:57:05\";s:13:\"pivot_role_id\";s:36:\"9e379d80-513c-4b03-943d-f3fcbd1fcc92\";s:19:\"pivot_permission_id\";s:36:\"9e379d7c-540d-4cef-adf3-aa705ab8712a\";}s:10:\"\0*\0changes\";a:0:{}s:8:\"\0*\0casts\";a:0:{}s:17:\"\0*\0classCastCache\";a:0:{}s:21:\"\0*\0attributeCastCache\";a:0:{}s:13:\"\0*\0dateFormat\";N;s:10:\"\0*\0appends\";a:0:{}s:19:\"\0*\0dispatchesEvents\";a:0:{}s:14:\"\0*\0observables\";a:0:{}s:12:\"\0*\0relations\";a:1:{s:5:\"pivot\";O:44:\"Illuminate\\Database\\Eloquent\\Relations\\Pivot\":34:{s:13:\"\0*\0connection\";s:5:\"mysql\";s:8:\"\0*\0table\";s:20:\"role_has_permissions\";s:13:\"\0*\0primaryKey\";s:2:\"id\";s:10:\"\0*\0keyType\";s:3:\"int\";s:12:\"incrementing\";b:0;s:7:\"\0*\0with\";a:0:{}s:12:\"\0*\0withCount\";a:0:{}s:19:\"preventsLazyLoading\";b:0;s:10:\"\0*\0perPage\";i:15;s:6:\"exists\";b:1;s:18:\"wasRecentlyCreated\";b:0;s:28:\"\0*\0escapeWhenCastingToString\";b:0;s:13:\"\0*\0attributes\";a:2:{s:7:\"role_id\";s:36:\"9e379d80-513c-4b03-943d-f3fcbd1fcc92\";s:13:\"permission_id\";s:36:\"9e379d7c-540d-4cef-adf3-aa705ab8712a\";}s:11:\"\0*\0original\";a:2:{s:7:\"role_id\";s:36:\"9e379d80-513c-4b03-943d-f3fcbd1fcc92\";s:13:\"permission_id\";s:36:\"9e379d7c-540d-4cef-adf3-aa705ab8712a\";}s:10:\"\0*\0changes\";a:0:{}s:8:\"\0*\0casts\";a:0:{}s:17:\"\0*\0classCastCache\";a:0:{}s:21:\"\0*\0attributeCastCache\";a:0:{}s:13:\"\0*\0dateFormat\";N;s:10:\"\0*\0appends\";a:0:{}s:19:\"\0*\0dispatchesEvents\";a:0:{}s:14:\"\0*\0observables\";a:0:{}s:12:\"\0*\0relations\";a:0:{}s:10:\"\0*\0touches\";a:0:{}s:10:\"timestamps\";b:0;s:13:\"usesUniqueIds\";b:0;s:9:\"\0*\0hidden\";a:0:{}s:10:\"\0*\0visible\";a:0:{}s:11:\"\0*\0fillable\";a:0:{}s:10:\"\0*\0guarded\";a:0:{}s:11:\"pivotParent\";r:194;s:12:\"pivotRelated\";r:380;s:13:\"\0*\0foreignKey\";s:7:\"role_id\";s:13:\"\0*\0relatedKey\";s:13:\"permission_id\";}}s:10:\"\0*\0touches\";a:0:{}s:10:\"timestamps\";b:1;s:13:\"usesUniqueIds\";b:1;s:9:\"\0*\0hidden\";a:0:{}s:10:\"\0*\0visible\";a:0:{}s:11:\"\0*\0fillable\";a:0:{}s:10:\"\0*\0guarded\";a:1:{i:0;s:4:\"uuid\";}}i:2;O:21:\"App\\Models\\Permission\":30:{s:13:\"\0*\0connection\";s:5:\"mysql\";s:8:\"\0*\0table\";s:11:\"permissions\";s:13:\"\0*\0primaryKey\";s:4:\"uuid\";s:10:\"\0*\0keyType\";s:3:\"int\";s:12:\"incrementing\";b:1;s:7:\"\0*\0with\";a:0:{}s:12:\"\0*\0withCount\";a:0:{}s:19:\"preventsLazyLoading\";b:0;s:10:\"\0*\0perPage\";i:15;s:6:\"exists\";b:1;s:18:\"wasRecentlyCreated\";b:0;s:28:\"\0*\0escapeWhenCastingToString\";b:0;s:13:\"\0*\0attributes\";a:5:{s:4:\"uuid\";s:36:\"9e379d7c-5761-41c6-b3f1-4aa4c6c2427b\";s:4:\"name\";s:21:\"paket-internet-update\";s:10:\"guard_name\";s:3:\"web\";s:10:\"created_at\";s:19:\"2025-02-15 17:57:05\";s:10:\"updated_at\";s:19:\"2025-02-15 17:57:05\";}s:11:\"\0*\0original\";a:7:{s:4:\"uuid\";s:36:\"9e379d7c-5761-41c6-b3f1-4aa4c6c2427b\";s:4:\"name\";s:21:\"paket-internet-update\";s:10:\"guard_name\";s:3:\"web\";s:10:\"created_at\";s:19:\"2025-02-15 17:57:05\";s:10:\"updated_at\";s:19:\"2025-02-15 17:57:05\";s:13:\"pivot_role_id\";s:36:\"9e379d80-513c-4b03-943d-f3fcbd1fcc92\";s:19:\"pivot_permission_id\";s:36:\"9e379d7c-5761-41c6-b3f1-4aa4c6c2427b\";}s:10:\"\0*\0changes\";a:0:{}s:8:\"\0*\0casts\";a:0:{}s:17:\"\0*\0classCastCache\";a:0:{}s:21:\"\0*\0attributeCastCache\";a:0:{}s:13:\"\0*\0dateFormat\";N;s:10:\"\0*\0appends\";a:0:{}s:19:\"\0*\0dispatchesEvents\";a:0:{}s:14:\"\0*\0observables\";a:0:{}s:12:\"\0*\0relations\";a:1:{s:5:\"pivot\";O:44:\"Illuminate\\Database\\Eloquent\\Relations\\Pivot\":34:{s:13:\"\0*\0connection\";s:5:\"mysql\";s:8:\"\0*\0table\";s:20:\"role_has_permissions\";s:13:\"\0*\0primaryKey\";s:2:\"id\";s:10:\"\0*\0keyType\";s:3:\"int\";s:12:\"incrementing\";b:0;s:7:\"\0*\0with\";a:0:{}s:12:\"\0*\0withCount\";a:0:{}s:19:\"preventsLazyLoading\";b:0;s:10:\"\0*\0perPage\";i:15;s:6:\"exists\";b:1;s:18:\"wasRecentlyCreated\";b:0;s:28:\"\0*\0escapeWhenCastingToString\";b:0;s:13:\"\0*\0attributes\";a:2:{s:7:\"role_id\";s:36:\"9e379d80-513c-4b03-943d-f3fcbd1fcc92\";s:13:\"permission_id\";s:36:\"9e379d7c-5761-41c6-b3f1-4aa4c6c2427b\";}s:11:\"\0*\0original\";a:2:{s:7:\"role_id\";s:36:\"9e379d80-513c-4b03-943d-f3fcbd1fcc92\";s:13:\"permission_id\";s:36:\"9e379d7c-5761-41c6-b3f1-4aa4c6c2427b\";}s:10:\"\0*\0changes\";a:0:{}s:8:\"\0*\0casts\";a:0:{}s:17:\"\0*\0classCastCache\";a:0:{}s:21:\"\0*\0attributeCastCache\";a:0:{}s:13:\"\0*\0dateFormat\";N;s:10:\"\0*\0appends\";a:0:{}s:19:\"\0*\0dispatchesEvents\";a:0:{}s:14:\"\0*\0observables\";a:0:{}s:12:\"\0*\0relations\";a:0:{}s:10:\"\0*\0touches\";a:0:{}s:10:\"timestamps\";b:0;s:13:\"usesUniqueIds\";b:0;s:9:\"\0*\0hidden\";a:0:{}s:10:\"\0*\0visible\";a:0:{}s:11:\"\0*\0fillable\";a:0:{}s:10:\"\0*\0guarded\";a:0:{}s:11:\"pivotParent\";r:194;s:12:\"pivotRelated\";r:380;s:13:\"\0*\0foreignKey\";s:7:\"role_id\";s:13:\"\0*\0relatedKey\";s:13:\"permission_id\";}}s:10:\"\0*\0touches\";a:0:{}s:10:\"timestamps\";b:1;s:13:\"usesUniqueIds\";b:1;s:9:\"\0*\0hidden\";a:0:{}s:10:\"\0*\0visible\";a:0:{}s:11:\"\0*\0fillable\";a:0:{}s:10:\"\0*\0guarded\";a:1:{i:0;s:4:\"uuid\";}}i:3;O:21:\"App\\Models\\Permission\":30:{s:13:\"\0*\0connection\";s:5:\"mysql\";s:8:\"\0*\0table\";s:11:\"permissions\";s:13:\"\0*\0primaryKey\";s:4:\"uuid\";s:10:\"\0*\0keyType\";s:3:\"int\";s:12:\"incrementing\";b:1;s:7:\"\0*\0with\";a:0:{}s:12:\"\0*\0withCount\";a:0:{}s:19:\"preventsLazyLoading\";b:0;s:10:\"\0*\0perPage\";i:15;s:6:\"exists\";b:1;s:18:\"wasRecentlyCreated\";b:0;s:28:\"\0*\0escapeWhenCastingToString\";b:0;s:13:\"\0*\0attributes\";a:5:{s:4:\"uuid\";s:36:\"9e379d7c-5aff-4042-b691-3640cfad3902\";s:4:\"name\";s:21:\"paket-internet-delete\";s:10:\"guard_name\";s:3:\"web\";s:10:\"created_at\";s:19:\"2025-02-15 17:57:05\";s:10:\"updated_at\";s:19:\"2025-02-15 17:57:05\";}s:11:\"\0*\0original\";a:7:{s:4:\"uuid\";s:36:\"9e379d7c-5aff-4042-b691-3640cfad3902\";s:4:\"name\";s:21:\"paket-internet-delete\";s:10:\"guard_name\";s:3:\"web\";s:10:\"created_at\";s:19:\"2025-02-15 17:57:05\";s:10:\"updated_at\";s:19:\"2025-02-15 17:57:05\";s:13:\"pivot_role_id\";s:36:\"9e379d80-513c-4b03-943d-f3fcbd1fcc92\";s:19:\"pivot_permission_id\";s:36:\"9e379d7c-5aff-4042-b691-3640cfad3902\";}s:10:\"\0*\0changes\";a:0:{}s:8:\"\0*\0casts\";a:0:{}s:17:\"\0*\0classCastCache\";a:0:{}s:21:\"\0*\0attributeCastCache\";a:0:{}s:13:\"\0*\0dateFormat\";N;s:10:\"\0*\0appends\";a:0:{}s:19:\"\0*\0dispatchesEvents\";a:0:{}s:14:\"\0*\0observables\";a:0:{}s:12:\"\0*\0relations\";a:1:{s:5:\"pivot\";O:44:\"Illuminate\\Database\\Eloquent\\Relations\\Pivot\":34:{s:13:\"\0*\0connection\";s:5:\"mysql\";s:8:\"\0*\0table\";s:20:\"role_has_permissions\";s:13:\"\0*\0primaryKey\";s:2:\"id\";s:10:\"\0*\0keyType\";s:3:\"int\";s:12:\"incrementing\";b:0;s:7:\"\0*\0with\";a:0:{}s:12:\"\0*\0withCount\";a:0:{}s:19:\"preventsLazyLoading\";b:0;s:10:\"\0*\0perPage\";i:15;s:6:\"exists\";b:1;s:18:\"wasRecentlyCreated\";b:0;s:28:\"\0*\0escapeWhenCastingToString\";b:0;s:13:\"\0*\0attributes\";a:2:{s:7:\"role_id\";s:36:\"9e379d80-513c-4b03-943d-f3fcbd1fcc92\";s:13:\"permission_id\";s:36:\"9e379d7c-5aff-4042-b691-3640cfad3902\";}s:11:\"\0*\0original\";a:2:{s:7:\"role_id\";s:36:\"9e379d80-513c-4b03-943d-f3fcbd1fcc92\";s:13:\"permission_id\";s:36:\"9e379d7c-5aff-4042-b691-3640cfad3902\";}s:10:\"\0*\0changes\";a:0:{}s:8:\"\0*\0casts\";a:0:{}s:17:\"\0*\0classCastCache\";a:0:{}s:21:\"\0*\0attributeCastCache\";a:0:{}s:13:\"\0*\0dateFormat\";N;s:10:\"\0*\0appends\";a:0:{}s:19:\"\0*\0dispatchesEvents\";a:0:{}s:14:\"\0*\0observables\";a:0:{}s:12:\"\0*\0relations\";a:0:{}s:10:\"\0*\0touches\";a:0:{}s:10:\"timestamps\";b:0;s:13:\"usesUniqueIds\";b:0;s:9:\"\0*\0hidden\";a:0:{}s:10:\"\0*\0visible\";a:0:{}s:11:\"\0*\0fillable\";a:0:{}s:10:\"\0*\0guarded\";a:0:{}s:11:\"pivotParent\";r:194;s:12:\"pivotRelated\";r:380;s:13:\"\0*\0foreignKey\";s:7:\"role_id\";s:13:\"\0*\0relatedKey\";s:13:\"permission_id\";}}s:10:\"\0*\0touches\";a:0:{}s:10:\"timestamps\";b:1;s:13:\"usesUniqueIds\";b:1;s:9:\"\0*\0hidden\";a:0:{}s:10:\"\0*\0visible\";a:0:{}s:11:\"\0*\0fillable\";a:0:{}s:10:\"\0*\0guarded\";a:1:{i:0;s:4:\"uuid\";}}i:4;O:21:\"App\\Models\\Permission\":30:{s:13:\"\0*\0connection\";s:5:\"mysql\";s:8:\"\0*\0table\";s:11:\"permissions\";s:13:\"\0*\0primaryKey\";s:4:\"uuid\";s:10:\"\0*\0keyType\";s:3:\"int\";s:12:\"incrementing\";b:1;s:7:\"\0*\0with\";a:0:{}s:12:\"\0*\0withCount\";a:0:{}s:19:\"preventsLazyLoading\";b:0;s:10:\"\0*\0perPage\";i:15;s:6:\"exists\";b:1;s:18:\"wasRecentlyCreated\";b:0;s:28:\"\0*\0escapeWhenCastingToString\";b:0;s:13:\"\0*\0attributes\";a:5:{s:4:\"uuid\";s:36:\"9e379d7c-5ef2-49c7-9f53-f24a4d04a8dc\";s:4:\"name\";s:9:\"odp-index\";s:10:\"guard_name\";s:3:\"web\";s:10:\"created_at\";s:19:\"2025-02-15 17:57:05\";s:10:\"updated_at\";s:19:\"2025-02-15 17:57:05\";}s:11:\"\0*\0original\";a:7:{s:4:\"uuid\";s:36:\"9e379d7c-5ef2-49c7-9f53-f24a4d04a8dc\";s:4:\"name\";s:9:\"odp-index\";s:10:\"guard_name\";s:3:\"web\";s:10:\"created_at\";s:19:\"2025-02-15 17:57:05\";s:10:\"updated_at\";s:19:\"2025-02-15 17:57:05\";s:13:\"pivot_role_id\";s:36:\"9e379d80-513c-4b03-943d-f3fcbd1fcc92\";s:19:\"pivot_permission_id\";s:36:\"9e379d7c-5ef2-49c7-9f53-f24a4d04a8dc\";}s:10:\"\0*\0changes\";a:0:{}s:8:\"\0*\0casts\";a:0:{}s:17:\"\0*\0classCastCache\";a:0:{}s:21:\"\0*\0attributeCastCache\";a:0:{}s:13:\"\0*\0dateFormat\";N;s:10:\"\0*\0appends\";a:0:{}s:19:\"\0*\0dispatchesEvents\";a:0:{}s:14:\"\0*\0observables\";a:0:{}s:12:\"\0*\0relations\";a:1:{s:5:\"pivot\";O:44:\"Illuminate\\Database\\Eloquent\\Relations\\Pivot\":34:{s:13:\"\0*\0connection\";s:5:\"mysql\";s:8:\"\0*\0table\";s:20:\"role_has_permissions\";s:13:\"\0*\0primaryKey\";s:2:\"id\";s:10:\"\0*\0keyType\";s:3:\"int\";s:12:\"incrementing\";b:0;s:7:\"\0*\0with\";a:0:{}s:12:\"\0*\0withCount\";a:0:{}s:19:\"preventsLazyLoading\";b:0;s:10:\"\0*\0perPage\";i:15;s:6:\"exists\";b:1;s:18:\"wasRecentlyCreated\";b:0;s:28:\"\0*\0escapeWhenCastingToString\";b:0;s:13:\"\0*\0attributes\";a:2:{s:7:\"role_id\";s:36:\"9e379d80-513c-4b03-943d-f3fcbd1fcc92\";s:13:\"permission_id\";s:36:\"9e379d7c-5ef2-49c7-9f53-f24a4d04a8dc\";}s:11:\"\0*\0original\";a:2:{s:7:\"role_id\";s:36:\"9e379d80-513c-4b03-943d-f3fcbd1fcc92\";s:13:\"permission_id\";s:36:\"9e379d7c-5ef2-49c7-9f53-f24a4d04a8dc\";}s:10:\"\0*\0changes\";a:0:{}s:8:\"\0*\0casts\";a:0:{}s:17:\"\0*\0classCastCache\";a:0:{}s:21:\"\0*\0attributeCastCache\";a:0:{}s:13:\"\0*\0dateFormat\";N;s:10:\"\0*\0appends\";a:0:{}s:19:\"\0*\0dispatchesEvents\";a:0:{}s:14:\"\0*\0observables\";a:0:{}s:12:\"\0*\0relations\";a:0:{}s:10:\"\0*\0touches\";a:0:{}s:10:\"timestamps\";b:0;s:13:\"usesUniqueIds\";b:0;s:9:\"\0*\0hidden\";a:0:{}s:10:\"\0*\0visible\";a:0:{}s:11:\"\0*\0fillable\";a:0:{}s:10:\"\0*\0guarded\";a:0:{}s:11:\"pivotParent\";r:194;s:12:\"pivotRelated\";r:380;s:13:\"\0*\0foreignKey\";s:7:\"role_id\";s:13:\"\0*\0relatedKey\";s:13:\"permission_id\";}}s:10:\"\0*\0touches\";a:0:{}s:10:\"timestamps\";b:1;s:13:\"usesUniqueIds\";b:1;s:9:\"\0*\0hidden\";a:0:{}s:10:\"\0*\0visible\";a:0:{}s:11:\"\0*\0fillable\";a:0:{}s:10:\"\0*\0guarded\";a:1:{i:0;s:4:\"uuid\";}}i:5;O:21:\"App\\Models\\Permission\":30:{s:13:\"\0*\0connection\";s:5:\"mysql\";s:8:\"\0*\0table\";s:11:\"permissions\";s:13:\"\0*\0primaryKey\";s:4:\"uuid\";s:10:\"\0*\0keyType\";s:3:\"int\";s:12:\"incrementing\";b:1;s:7:\"\0*\0with\";a:0:{}s:12:\"\0*\0withCount\";a:0:{}s:19:\"preventsLazyLoading\";b:0;s:10:\"\0*\0perPage\";i:15;s:6:\"exists\";b:1;s:18:\"wasRecentlyCreated\";b:0;s:28:\"\0*\0escapeWhenCastingToString\";b:0;s:13:\"\0*\0attributes\";a:5:{s:4:\"uuid\";s:36:\"9e379d7c-62fa-40f2-a826-f4a05252ae32\";s:4:\"name\";s:10:\"odp-create\";s:10:\"guard_name\";s:3:\"web\";s:10:\"created_at\";s:19:\"2025-02-15 17:57:05\";s:10:\"updated_at\";s:19:\"2025-02-15 17:57:05\";}s:11:\"\0*\0original\";a:7:{s:4:\"uuid\";s:36:\"9e379d7c-62fa-40f2-a826-f4a05252ae32\";s:4:\"name\";s:10:\"odp-create\";s:10:\"guard_name\";s:3:\"web\";s:10:\"created_at\";s:19:\"2025-02-15 17:57:05\";s:10:\"updated_at\";s:19:\"2025-02-15 17:57:05\";s:13:\"pivot_role_id\";s:36:\"9e379d80-513c-4b03-943d-f3fcbd1fcc92\";s:19:\"pivot_permission_id\";s:36:\"9e379d7c-62fa-40f2-a826-f4a05252ae32\";}s:10:\"\0*\0changes\";a:0:{}s:8:\"\0*\0casts\";a:0:{}s:17:\"\0*\0classCastCache\";a:0:{}s:21:\"\0*\0attributeCastCache\";a:0:{}s:13:\"\0*\0dateFormat\";N;s:10:\"\0*\0appends\";a:0:{}s:19:\"\0*\0dispatchesEvents\";a:0:{}s:14:\"\0*\0observables\";a:0:{}s:12:\"\0*\0relations\";a:1:{s:5:\"pivot\";O:44:\"Illuminate\\Database\\Eloquent\\Relations\\Pivot\":34:{s:13:\"\0*\0connection\";s:5:\"mysql\";s:8:\"\0*\0table\";s:20:\"role_has_permissions\";s:13:\"\0*\0primaryKey\";s:2:\"id\";s:10:\"\0*\0keyType\";s:3:\"int\";s:12:\"incrementing\";b:0;s:7:\"\0*\0with\";a:0:{}s:12:\"\0*\0withCount\";a:0:{}s:19:\"preventsLazyLoading\";b:0;s:10:\"\0*\0perPage\";i:15;s:6:\"exists\";b:1;s:18:\"wasRecentlyCreated\";b:0;s:28:\"\0*\0escapeWhenCastingToString\";b:0;s:13:\"\0*\0attributes\";a:2:{s:7:\"role_id\";s:36:\"9e379d80-513c-4b03-943d-f3fcbd1fcc92\";s:13:\"permission_id\";s:36:\"9e379d7c-62fa-40f2-a826-f4a05252ae32\";}s:11:\"\0*\0original\";a:2:{s:7:\"role_id\";s:36:\"9e379d80-513c-4b03-943d-f3fcbd1fcc92\";s:13:\"permission_id\";s:36:\"9e379d7c-62fa-40f2-a826-f4a05252ae32\";}s:10:\"\0*\0changes\";a:0:{}s:8:\"\0*\0casts\";a:0:{}s:17:\"\0*\0classCastCache\";a:0:{}s:21:\"\0*\0attributeCastCache\";a:0:{}s:13:\"\0*\0dateFormat\";N;s:10:\"\0*\0appends\";a:0:{}s:19:\"\0*\0dispatchesEvents\";a:0:{}s:14:\"\0*\0observables\";a:0:{}s:12:\"\0*\0relations\";a:0:{}s:10:\"\0*\0touches\";a:0:{}s:10:\"timestamps\";b:0;s:13:\"usesUniqueIds\";b:0;s:9:\"\0*\0hidden\";a:0:{}s:10:\"\0*\0visible\";a:0:{}s:11:\"\0*\0fillable\";a:0:{}s:10:\"\0*\0guarded\";a:0:{}s:11:\"pivotParent\";r:194;s:12:\"pivotRelated\";r:380;s:13:\"\0*\0foreignKey\";s:7:\"role_id\";s:13:\"\0*\0relatedKey\";s:13:\"permission_id\";}}s:10:\"\0*\0touches\";a:0:{}s:10:\"timestamps\";b:1;s:13:\"usesUniqueIds\";b:1;s:9:\"\0*\0hidden\";a:0:{}s:10:\"\0*\0visible\";a:0:{}s:11:\"\0*\0fillable\";a:0:{}s:10:\"\0*\0guarded\";a:1:{i:0;s:4:\"uuid\";}}i:6;O:21:\"App\\Models\\Permission\":30:{s:13:\"\0*\0connection\";s:5:\"mysql\";s:8:\"\0*\0table\";s:11:\"permissions\";s:13:\"\0*\0primaryKey\";s:4:\"uuid\";s:10:\"\0*\0keyType\";s:3:\"int\";s:12:\"incrementing\";b:1;s:7:\"\0*\0with\";a:0:{}s:12:\"\0*\0withCount\";a:0:{}s:19:\"preventsLazyLoading\";b:0;s:10:\"\0*\0perPage\";i:15;s:6:\"exists\";b:1;s:18:\"wasRecentlyCreated\";b:0;s:28:\"\0*\0escapeWhenCastingToString\";b:0;s:13:\"\0*\0attributes\";a:5:{s:4:\"uuid\";s:36:\"9e379d7c-66e0-4b6a-ad56-4f7feb0258a9\";s:4:\"name\";s:10:\"odp-update\";s:10:\"guard_name\";s:3:\"web\";s:10:\"created_at\";s:19:\"2025-02-15 17:57:05\";s:10:\"updated_at\";s:19:\"2025-02-15 17:57:05\";}s:11:\"\0*\0original\";a:7:{s:4:\"uuid\";s:36:\"9e379d7c-66e0-4b6a-ad56-4f7feb0258a9\";s:4:\"name\";s:10:\"odp-update\";s:10:\"guard_name\";s:3:\"web\";s:10:\"created_at\";s:19:\"2025-02-15 17:57:05\";s:10:\"updated_at\";s:19:\"2025-02-15 17:57:05\";s:13:\"pivot_role_id\";s:36:\"9e379d80-513c-4b03-943d-f3fcbd1fcc92\";s:19:\"pivot_permission_id\";s:36:\"9e379d7c-66e0-4b6a-ad56-4f7feb0258a9\";}s:10:\"\0*\0changes\";a:0:{}s:8:\"\0*\0casts\";a:0:{}s:17:\"\0*\0classCastCache\";a:0:{}s:21:\"\0*\0attributeCastCache\";a:0:{}s:13:\"\0*\0dateFormat\";N;s:10:\"\0*\0appends\";a:0:{}s:19:\"\0*\0dispatchesEvents\";a:0:{}s:14:\"\0*\0observables\";a:0:{}s:12:\"\0*\0relations\";a:1:{s:5:\"pivot\";O:44:\"Illuminate\\Database\\Eloquent\\Relations\\Pivot\":34:{s:13:\"\0*\0connection\";s:5:\"mysql\";s:8:\"\0*\0table\";s:20:\"role_has_permissions\";s:13:\"\0*\0primaryKey\";s:2:\"id\";s:10:\"\0*\0keyType\";s:3:\"int\";s:12:\"incrementing\";b:0;s:7:\"\0*\0with\";a:0:{}s:12:\"\0*\0withCount\";a:0:{}s:19:\"preventsLazyLoading\";b:0;s:10:\"\0*\0perPage\";i:15;s:6:\"exists\";b:1;s:18:\"wasRecentlyCreated\";b:0;s:28:\"\0*\0escapeWhenCastingToString\";b:0;s:13:\"\0*\0attributes\";a:2:{s:7:\"role_id\";s:36:\"9e379d80-513c-4b03-943d-f3fcbd1fcc92\";s:13:\"permission_id\";s:36:\"9e379d7c-66e0-4b6a-ad56-4f7feb0258a9\";}s:11:\"\0*\0original\";a:2:{s:7:\"role_id\";s:36:\"9e379d80-513c-4b03-943d-f3fcbd1fcc92\";s:13:\"permission_id\";s:36:\"9e379d7c-66e0-4b6a-ad56-4f7feb0258a9\";}s:10:\"\0*\0changes\";a:0:{}s:8:\"\0*\0casts\";a:0:{}s:17:\"\0*\0classCastCache\";a:0:{}s:21:\"\0*\0attributeCastCache\";a:0:{}s:13:\"\0*\0dateFormat\";N;s:10:\"\0*\0appends\";a:0:{}s:19:\"\0*\0dispatchesEvents\";a:0:{}s:14:\"\0*\0observables\";a:0:{}s:12:\"\0*\0relations\";a:0:{}s:10:\"\0*\0touches\";a:0:{}s:10:\"timestamps\";b:0;s:13:\"usesUniqueIds\";b:0;s:9:\"\0*\0hidden\";a:0:{}s:10:\"\0*\0visible\";a:0:{}s:11:\"\0*\0fillable\";a:0:{}s:10:\"\0*\0guarded\";a:0:{}s:11:\"pivotParent\";r:194;s:12:\"pivotRelated\";r:380;s:13:\"\0*\0foreignKey\";s:7:\"role_id\";s:13:\"\0*\0relatedKey\";s:13:\"permission_id\";}}s:10:\"\0*\0touches\";a:0:{}s:10:\"timestamps\";b:1;s:13:\"usesUniqueIds\";b:1;s:9:\"\0*\0hidden\";a:0:{}s:10:\"\0*\0visible\";a:0:{}s:11:\"\0*\0fillable\";a:0:{}s:10:\"\0*\0guarded\";a:1:{i:0;s:4:\"uuid\";}}i:7;O:21:\"App\\Models\\Permission\":30:{s:13:\"\0*\0connection\";s:5:\"mysql\";s:8:\"\0*\0table\";s:11:\"permissions\";s:13:\"\0*\0primaryKey\";s:4:\"uuid\";s:10:\"\0*\0keyType\";s:3:\"int\";s:12:\"incrementing\";b:1;s:7:\"\0*\0with\";a:0:{}s:12:\"\0*\0withCount\";a:0:{}s:19:\"preventsLazyLoading\";b:0;s:10:\"\0*\0perPage\";i:15;s:6:\"exists\";b:1;s:18:\"wasRecentlyCreated\";b:0;s:28:\"\0*\0escapeWhenCastingToString\";b:0;s:13:\"\0*\0attributes\";a:5:{s:4:\"uuid\";s:36:\"9e379d7c-6ac6-4f74-974a-d661e0faeb5b\";s:4:\"name\";s:10:\"odp-delete\";s:10:\"guard_name\";s:3:\"web\";s:10:\"created_at\";s:19:\"2025-02-15 17:57:05\";s:10:\"updated_at\";s:19:\"2025-02-15 17:57:05\";}s:11:\"\0*\0original\";a:7:{s:4:\"uuid\";s:36:\"9e379d7c-6ac6-4f74-974a-d661e0faeb5b\";s:4:\"name\";s:10:\"odp-delete\";s:10:\"guard_name\";s:3:\"web\";s:10:\"created_at\";s:19:\"2025-02-15 17:57:05\";s:10:\"updated_at\";s:19:\"2025-02-15 17:57:05\";s:13:\"pivot_role_id\";s:36:\"9e379d80-513c-4b03-943d-f3fcbd1fcc92\";s:19:\"pivot_permission_id\";s:36:\"9e379d7c-6ac6-4f74-974a-d661e0faeb5b\";}s:10:\"\0*\0changes\";a:0:{}s:8:\"\0*\0casts\";a:0:{}s:17:\"\0*\0classCastCache\";a:0:{}s:21:\"\0*\0attributeCastCache\";a:0:{}s:13:\"\0*\0dateFormat\";N;s:10:\"\0*\0appends\";a:0:{}s:19:\"\0*\0dispatchesEvents\";a:0:{}s:14:\"\0*\0observables\";a:0:{}s:12:\"\0*\0relations\";a:1:{s:5:\"pivot\";O:44:\"Illuminate\\Database\\Eloquent\\Relations\\Pivot\":34:{s:13:\"\0*\0connection\";s:5:\"mysql\";s:8:\"\0*\0table\";s:20:\"role_has_permissions\";s:13:\"\0*\0primaryKey\";s:2:\"id\";s:10:\"\0*\0keyType\";s:3:\"int\";s:12:\"incrementing\";b:0;s:7:\"\0*\0with\";a:0:{}s:12:\"\0*\0withCount\";a:0:{}s:19:\"preventsLazyLoading\";b:0;s:10:\"\0*\0perPage\";i:15;s:6:\"exists\";b:1;s:18:\"wasRecentlyCreated\";b:0;s:28:\"\0*\0escapeWhenCastingToString\";b:0;s:13:\"\0*\0attributes\";a:2:{s:7:\"role_id\";s:36:\"9e379d80-513c-4b03-943d-f3fcbd1fcc92\";s:13:\"permission_id\";s:36:\"9e379d7c-6ac6-4f74-974a-d661e0faeb5b\";}s:11:\"\0*\0original\";a:2:{s:7:\"role_id\";s:36:\"9e379d80-513c-4b03-943d-f3fcbd1fcc92\";s:13:\"permission_id\";s:36:\"9e379d7c-6ac6-4f74-974a-d661e0faeb5b\";}s:10:\"\0*\0changes\";a:0:{}s:8:\"\0*\0casts\";a:0:{}s:17:\"\0*\0classCastCache\";a:0:{}s:21:\"\0*\0attributeCastCache\";a:0:{}s:13:\"\0*\0dateFormat\";N;s:10:\"\0*\0appends\";a:0:{}s:19:\"\0*\0dispatchesEvents\";a:0:{}s:14:\"\0*\0observables\";a:0:{}s:12:\"\0*\0relations\";a:0:{}s:10:\"\0*\0touches\";a:0:{}s:10:\"timestamps\";b:0;s:13:\"usesUniqueIds\";b:0;s:9:\"\0*\0hidden\";a:0:{}s:10:\"\0*\0visible\";a:0:{}s:11:\"\0*\0fillable\";a:0:{}s:10:\"\0*\0guarded\";a:0:{}s:11:\"pivotParent\";r:194;s:12:\"pivotRelated\";r:380;s:13:\"\0*\0foreignKey\";s:7:\"role_id\";s:13:\"\0*\0relatedKey\";s:13:\"permission_id\";}}s:10:\"\0*\0touches\";a:0:{}s:10:\"timestamps\";b:1;s:13:\"usesUniqueIds\";b:1;s:9:\"\0*\0hidden\";a:0:{}s:10:\"\0*\0visible\";a:0:{}s:11:\"\0*\0fillable\";a:0:{}s:10:\"\0*\0guarded\";a:1:{i:0;s:4:\"uuid\";}}i:8;O:21:\"App\\Models\\Permission\":30:{s:13:\"\0*\0connection\";s:5:\"mysql\";s:8:\"\0*\0table\";s:11:\"permissions\";s:13:\"\0*\0primaryKey\";s:4:\"uuid\";s:10:\"\0*\0keyType\";s:3:\"int\";s:12:\"incrementing\";b:1;s:7:\"\0*\0with\";a:0:{}s:12:\"\0*\0withCount\";a:0:{}s:19:\"preventsLazyLoading\";b:0;s:10:\"\0*\0perPage\";i:15;s:6:\"exists\";b:1;s:18:\"wasRecentlyCreated\";b:0;s:28:\"\0*\0escapeWhenCastingToString\";b:0;s:13:\"\0*\0attributes\";a:5:{s:4:\"uuid\";s:36:\"9e379d7c-6e23-4816-9a1b-77c2b42c0fd4\";s:4:\"name\";s:15:\"pelanggan-index\";s:10:\"guard_name\";s:3:\"web\";s:10:\"created_at\";s:19:\"2025-02-15 17:57:05\";s:10:\"updated_at\";s:19:\"2025-02-15 17:57:05\";}s:11:\"\0*\0original\";a:7:{s:4:\"uuid\";s:36:\"9e379d7c-6e23-4816-9a1b-77c2b42c0fd4\";s:4:\"name\";s:15:\"pelanggan-index\";s:10:\"guard_name\";s:3:\"web\";s:10:\"created_at\";s:19:\"2025-02-15 17:57:05\";s:10:\"updated_at\";s:19:\"2025-02-15 17:57:05\";s:13:\"pivot_role_id\";s:36:\"9e379d80-513c-4b03-943d-f3fcbd1fcc92\";s:19:\"pivot_permission_id\";s:36:\"9e379d7c-6e23-4816-9a1b-77c2b42c0fd4\";}s:10:\"\0*\0changes\";a:0:{}s:8:\"\0*\0casts\";a:0:{}s:17:\"\0*\0classCastCache\";a:0:{}s:21:\"\0*\0attributeCastCache\";a:0:{}s:13:\"\0*\0dateFormat\";N;s:10:\"\0*\0appends\";a:0:{}s:19:\"\0*\0dispatchesEvents\";a:0:{}s:14:\"\0*\0observables\";a:0:{}s:12:\"\0*\0relations\";a:1:{s:5:\"pivot\";O:44:\"Illuminate\\Database\\Eloquent\\Relations\\Pivot\":34:{s:13:\"\0*\0connection\";s:5:\"mysql\";s:8:\"\0*\0table\";s:20:\"role_has_permissions\";s:13:\"\0*\0primaryKey\";s:2:\"id\";s:10:\"\0*\0keyType\";s:3:\"int\";s:12:\"incrementing\";b:0;s:7:\"\0*\0with\";a:0:{}s:12:\"\0*\0withCount\";a:0:{}s:19:\"preventsLazyLoading\";b:0;s:10:\"\0*\0perPage\";i:15;s:6:\"exists\";b:1;s:18:\"wasRecentlyCreated\";b:0;s:28:\"\0*\0escapeWhenCastingToString\";b:0;s:13:\"\0*\0attributes\";a:2:{s:7:\"role_id\";s:36:\"9e379d80-513c-4b03-943d-f3fcbd1fcc92\";s:13:\"permission_id\";s:36:\"9e379d7c-6e23-4816-9a1b-77c2b42c0fd4\";}s:11:\"\0*\0original\";a:2:{s:7:\"role_id\";s:36:\"9e379d80-513c-4b03-943d-f3fcbd1fcc92\";s:13:\"permission_id\";s:36:\"9e379d7c-6e23-4816-9a1b-77c2b42c0fd4\";}s:10:\"\0*\0changes\";a:0:{}s:8:\"\0*\0casts\";a:0:{}s:17:\"\0*\0classCastCache\";a:0:{}s:21:\"\0*\0attributeCastCache\";a:0:{}s:13:\"\0*\0dateFormat\";N;s:10:\"\0*\0appends\";a:0:{}s:19:\"\0*\0dispatchesEvents\";a:0:{}s:14:\"\0*\0observables\";a:0:{}s:12:\"\0*\0relations\";a:0:{}s:10:\"\0*\0touches\";a:0:{}s:10:\"timestamps\";b:0;s:13:\"usesUniqueIds\";b:0;s:9:\"\0*\0hidden\";a:0:{}s:10:\"\0*\0visible\";a:0:{}s:11:\"\0*\0fillable\";a:0:{}s:10:\"\0*\0guarded\";a:0:{}s:11:\"pivotParent\";r:194;s:12:\"pivotRelated\";r:380;s:13:\"\0*\0foreignKey\";s:7:\"role_id\";s:13:\"\0*\0relatedKey\";s:13:\"permission_id\";}}s:10:\"\0*\0touches\";a:0:{}s:10:\"timestamps\";b:1;s:13:\"usesUniqueIds\";b:1;s:9:\"\0*\0hidden\";a:0:{}s:10:\"\0*\0visible\";a:0:{}s:11:\"\0*\0fillable\";a:0:{}s:10:\"\0*\0guarded\";a:1:{i:0;s:4:\"uuid\";}}i:9;O:21:\"App\\Models\\Permission\":30:{s:13:\"\0*\0connection\";s:5:\"mysql\";s:8:\"\0*\0table\";s:11:\"permissions\";s:13:\"\0*\0primaryKey\";s:4:\"uuid\";s:10:\"\0*\0keyType\";s:3:\"int\";s:12:\"incrementing\";b:1;s:7:\"\0*\0with\";a:0:{}s:12:\"\0*\0withCount\";a:0:{}s:19:\"preventsLazyLoading\";b:0;s:10:\"\0*\0perPage\";i:15;s:6:\"exists\";b:1;s:18:\"wasRecentlyCreated\";b:0;s:28:\"\0*\0escapeWhenCastingToString\";b:0;s:13:\"\0*\0attributes\";a:5:{s:4:\"uuid\";s:36:\"9e379d7c-7253-4c1d-a0f6-5a491d68cc1b\";s:4:\"name\";s:16:\"pelanggan-create\";s:10:\"guard_name\";s:3:\"web\";s:10:\"created_at\";s:19:\"2025-02-15 17:57:05\";s:10:\"updated_at\";s:19:\"2025-02-15 17:57:05\";}s:11:\"\0*\0original\";a:7:{s:4:\"uuid\";s:36:\"9e379d7c-7253-4c1d-a0f6-5a491d68cc1b\";s:4:\"name\";s:16:\"pelanggan-create\";s:10:\"guard_name\";s:3:\"web\";s:10:\"created_at\";s:19:\"2025-02-15 17:57:05\";s:10:\"updated_at\";s:19:\"2025-02-15 17:57:05\";s:13:\"pivot_role_id\";s:36:\"9e379d80-513c-4b03-943d-f3fcbd1fcc92\";s:19:\"pivot_permission_id\";s:36:\"9e379d7c-7253-4c1d-a0f6-5a491d68cc1b\";}s:10:\"\0*\0changes\";a:0:{}s:8:\"\0*\0casts\";a:0:{}s:17:\"\0*\0classCastCache\";a:0:{}s:21:\"\0*\0attributeCastCache\";a:0:{}s:13:\"\0*\0dateFormat\";N;s:10:\"\0*\0appends\";a:0:{}s:19:\"\0*\0dispatchesEvents\";a:0:{}s:14:\"\0*\0observables\";a:0:{}s:12:\"\0*\0relations\";a:1:{s:5:\"pivot\";O:44:\"Illuminate\\Database\\Eloquent\\Relations\\Pivot\":34:{s:13:\"\0*\0connection\";s:5:\"mysql\";s:8:\"\0*\0table\";s:20:\"role_has_permissions\";s:13:\"\0*\0primaryKey\";s:2:\"id\";s:10:\"\0*\0keyType\";s:3:\"int\";s:12:\"incrementing\";b:0;s:7:\"\0*\0with\";a:0:{}s:12:\"\0*\0withCount\";a:0:{}s:19:\"preventsLazyLoading\";b:0;s:10:\"\0*\0perPage\";i:15;s:6:\"exists\";b:1;s:18:\"wasRecentlyCreated\";b:0;s:28:\"\0*\0escapeWhenCastingToString\";b:0;s:13:\"\0*\0attributes\";a:2:{s:7:\"role_id\";s:36:\"9e379d80-513c-4b03-943d-f3fcbd1fcc92\";s:13:\"permission_id\";s:36:\"9e379d7c-7253-4c1d-a0f6-5a491d68cc1b\";}s:11:\"\0*\0original\";a:2:{s:7:\"role_id\";s:36:\"9e379d80-513c-4b03-943d-f3fcbd1fcc92\";s:13:\"permission_id\";s:36:\"9e379d7c-7253-4c1d-a0f6-5a491d68cc1b\";}s:10:\"\0*\0changes\";a:0:{}s:8:\"\0*\0casts\";a:0:{}s:17:\"\0*\0classCastCache\";a:0:{}s:21:\"\0*\0attributeCastCache\";a:0:{}s:13:\"\0*\0dateFormat\";N;s:10:\"\0*\0appends\";a:0:{}s:19:\"\0*\0dispatchesEvents\";a:0:{}s:14:\"\0*\0observables\";a:0:{}s:12:\"\0*\0relations\";a:0:{}s:10:\"\0*\0touches\";a:0:{}s:10:\"timestamps\";b:0;s:13:\"usesUniqueIds\";b:0;s:9:\"\0*\0hidden\";a:0:{}s:10:\"\0*\0visible\";a:0:{}s:11:\"\0*\0fillable\";a:0:{}s:10:\"\0*\0guarded\";a:0:{}s:11:\"pivotParent\";r:194;s:12:\"pivotRelated\";r:380;s:13:\"\0*\0foreignKey\";s:7:\"role_id\";s:13:\"\0*\0relatedKey\";s:13:\"permission_id\";}}s:10:\"\0*\0touches\";a:0:{}s:10:\"timestamps\";b:1;s:13:\"usesUniqueIds\";b:1;s:9:\"\0*\0hidden\";a:0:{}s:10:\"\0*\0visible\";a:0:{}s:11:\"\0*\0fillable\";a:0:{}s:10:\"\0*\0guarded\";a:1:{i:0;s:4:\"uuid\";}}i:10;O:21:\"App\\Models\\Permission\":30:{s:13:\"\0*\0connection\";s:5:\"mysql\";s:8:\"\0*\0table\";s:11:\"permissions\";s:13:\"\0*\0primaryKey\";s:4:\"uuid\";s:10:\"\0*\0keyType\";s:3:\"int\";s:12:\"incrementing\";b:1;s:7:\"\0*\0with\";a:0:{}s:12:\"\0*\0withCount\";a:0:{}s:19:\"preventsLazyLoading\";b:0;s:10:\"\0*\0perPage\";i:15;s:6:\"exists\";b:1;s:18:\"wasRecentlyCreated\";b:0;s:28:\"\0*\0escapeWhenCastingToString\";b:0;s:13:\"\0*\0attributes\";a:5:{s:4:\"uuid\";s:36:\"9e379d7c-7686-414a-88ba-509da48dda64\";s:4:\"name\";s:16:\"pelanggan-update\";s:10:\"guard_name\";s:3:\"web\";s:10:\"created_at\";s:19:\"2025-02-15 17:57:05\";s:10:\"updated_at\";s:19:\"2025-02-15 17:57:05\";}s:11:\"\0*\0original\";a:7:{s:4:\"uuid\";s:36:\"9e379d7c-7686-414a-88ba-509da48dda64\";s:4:\"name\";s:16:\"pelanggan-update\";s:10:\"guard_name\";s:3:\"web\";s:10:\"created_at\";s:19:\"2025-02-15 17:57:05\";s:10:\"updated_at\";s:19:\"2025-02-15 17:57:05\";s:13:\"pivot_role_id\";s:36:\"9e379d80-513c-4b03-943d-f3fcbd1fcc92\";s:19:\"pivot_permission_id\";s:36:\"9e379d7c-7686-414a-88ba-509da48dda64\";}s:10:\"\0*\0changes\";a:0:{}s:8:\"\0*\0casts\";a:0:{}s:17:\"\0*\0classCastCache\";a:0:{}s:21:\"\0*\0attributeCastCache\";a:0:{}s:13:\"\0*\0dateFormat\";N;s:10:\"\0*\0appends\";a:0:{}s:19:\"\0*\0dispatchesEvents\";a:0:{}s:14:\"\0*\0observables\";a:0:{}s:12:\"\0*\0relations\";a:1:{s:5:\"pivot\";O:44:\"Illuminate\\Database\\Eloquent\\Relations\\Pivot\":34:{s:13:\"\0*\0connection\";s:5:\"mysql\";s:8:\"\0*\0table\";s:20:\"role_has_permissions\";s:13:\"\0*\0primaryKey\";s:2:\"id\";s:10:\"\0*\0keyType\";s:3:\"int\";s:12:\"incrementing\";b:0;s:7:\"\0*\0with\";a:0:{}s:12:\"\0*\0withCount\";a:0:{}s:19:\"preventsLazyLoading\";b:0;s:10:\"\0*\0perPage\";i:15;s:6:\"exists\";b:1;s:18:\"wasRecentlyCreated\";b:0;s:28:\"\0*\0escapeWhenCastingToString\";b:0;s:13:\"\0*\0attributes\";a:2:{s:7:\"role_id\";s:36:\"9e379d80-513c-4b03-943d-f3fcbd1fcc92\";s:13:\"permission_id\";s:36:\"9e379d7c-7686-414a-88ba-509da48dda64\";}s:11:\"\0*\0original\";a:2:{s:7:\"role_id\";s:36:\"9e379d80-513c-4b03-943d-f3fcbd1fcc92\";s:13:\"permission_id\";s:36:\"9e379d7c-7686-414a-88ba-509da48dda64\";}s:10:\"\0*\0changes\";a:0:{}s:8:\"\0*\0casts\";a:0:{}s:17:\"\0*\0classCastCache\";a:0:{}s:21:\"\0*\0attributeCastCache\";a:0:{}s:13:\"\0*\0dateFormat\";N;s:10:\"\0*\0appends\";a:0:{}s:19:\"\0*\0dispatchesEvents\";a:0:{}s:14:\"\0*\0observables\";a:0:{}s:12:\"\0*\0relations\";a:0:{}s:10:\"\0*\0touches\";a:0:{}s:10:\"timestamps\";b:0;s:13:\"usesUniqueIds\";b:0;s:9:\"\0*\0hidden\";a:0:{}s:10:\"\0*\0visible\";a:0:{}s:11:\"\0*\0fillable\";a:0:{}s:10:\"\0*\0guarded\";a:0:{}s:11:\"pivotParent\";r:194;s:12:\"pivotRelated\";r:380;s:13:\"\0*\0foreignKey\";s:7:\"role_id\";s:13:\"\0*\0relatedKey\";s:13:\"permission_id\";}}s:10:\"\0*\0touches\";a:0:{}s:10:\"timestamps\";b:1;s:13:\"usesUniqueIds\";b:1;s:9:\"\0*\0hidden\";a:0:{}s:10:\"\0*\0visible\";a:0:{}s:11:\"\0*\0fillable\";a:0:{}s:10:\"\0*\0guarded\";a:1:{i:0;s:4:\"uuid\";}}i:11;O:21:\"App\\Models\\Permission\":30:{s:13:\"\0*\0connection\";s:5:\"mysql\";s:8:\"\0*\0table\";s:11:\"permissions\";s:13:\"\0*\0primaryKey\";s:4:\"uuid\";s:10:\"\0*\0keyType\";s:3:\"int\";s:12:\"incrementing\";b:1;s:7:\"\0*\0with\";a:0:{}s:12:\"\0*\0withCount\";a:0:{}s:19:\"preventsLazyLoading\";b:0;s:10:\"\0*\0perPage\";i:15;s:6:\"exists\";b:1;s:18:\"wasRecentlyCreated\";b:0;s:28:\"\0*\0escapeWhenCastingToString\";b:0;s:13:\"\0*\0attributes\";a:5:{s:4:\"uuid\";s:36:\"9e379d7c-7a84-4973-87ee-bc91a56f7adf\";s:4:\"name\";s:16:\"pelanggan-delete\";s:10:\"guard_name\";s:3:\"web\";s:10:\"created_at\";s:19:\"2025-02-15 17:57:05\";s:10:\"updated_at\";s:19:\"2025-02-15 17:57:05\";}s:11:\"\0*\0original\";a:7:{s:4:\"uuid\";s:36:\"9e379d7c-7a84-4973-87ee-bc91a56f7adf\";s:4:\"name\";s:16:\"pelanggan-delete\";s:10:\"guard_name\";s:3:\"web\";s:10:\"created_at\";s:19:\"2025-02-15 17:57:05\";s:10:\"updated_at\";s:19:\"2025-02-15 17:57:05\";s:13:\"pivot_role_id\";s:36:\"9e379d80-513c-4b03-943d-f3fcbd1fcc92\";s:19:\"pivot_permission_id\";s:36:\"9e379d7c-7a84-4973-87ee-bc91a56f7adf\";}s:10:\"\0*\0changes\";a:0:{}s:8:\"\0*\0casts\";a:0:{}s:17:\"\0*\0classCastCache\";a:0:{}s:21:\"\0*\0attributeCastCache\";a:0:{}s:13:\"\0*\0dateFormat\";N;s:10:\"\0*\0appends\";a:0:{}s:19:\"\0*\0dispatchesEvents\";a:0:{}s:14:\"\0*\0observables\";a:0:{}s:12:\"\0*\0relations\";a:1:{s:5:\"pivot\";O:44:\"Illuminate\\Database\\Eloquent\\Relations\\Pivot\":34:{s:13:\"\0*\0connection\";s:5:\"mysql\";s:8:\"\0*\0table\";s:20:\"role_has_permissions\";s:13:\"\0*\0primaryKey\";s:2:\"id\";s:10:\"\0*\0keyType\";s:3:\"int\";s:12:\"incrementing\";b:0;s:7:\"\0*\0with\";a:0:{}s:12:\"\0*\0withCount\";a:0:{}s:19:\"preventsLazyLoading\";b:0;s:10:\"\0*\0perPage\";i:15;s:6:\"exists\";b:1;s:18:\"wasRecentlyCreated\";b:0;s:28:\"\0*\0escapeWhenCastingToString\";b:0;s:13:\"\0*\0attributes\";a:2:{s:7:\"role_id\";s:36:\"9e379d80-513c-4b03-943d-f3fcbd1fcc92\";s:13:\"permission_id\";s:36:\"9e379d7c-7a84-4973-87ee-bc91a56f7adf\";}s:11:\"\0*\0original\";a:2:{s:7:\"role_id\";s:36:\"9e379d80-513c-4b03-943d-f3fcbd1fcc92\";s:13:\"permission_id\";s:36:\"9e379d7c-7a84-4973-87ee-bc91a56f7adf\";}s:10:\"\0*\0changes\";a:0:{}s:8:\"\0*\0casts\";a:0:{}s:17:\"\0*\0classCastCache\";a:0:{}s:21:\"\0*\0attributeCastCache\";a:0:{}s:13:\"\0*\0dateFormat\";N;s:10:\"\0*\0appends\";a:0:{}s:19:\"\0*\0dispatchesEvents\";a:0:{}s:14:\"\0*\0observables\";a:0:{}s:12:\"\0*\0relations\";a:0:{}s:10:\"\0*\0touches\";a:0:{}s:10:\"timestamps\";b:0;s:13:\"usesUniqueIds\";b:0;s:9:\"\0*\0hidden\";a:0:{}s:10:\"\0*\0visible\";a:0:{}s:11:\"\0*\0fillable\";a:0:{}s:10:\"\0*\0guarded\";a:0:{}s:11:\"pivotParent\";r:194;s:12:\"pivotRelated\";r:380;s:13:\"\0*\0foreignKey\";s:7:\"role_id\";s:13:\"\0*\0relatedKey\";s:13:\"permission_id\";}}s:10:\"\0*\0touches\";a:0:{}s:10:\"timestamps\";b:1;s:13:\"usesUniqueIds\";b:1;s:9:\"\0*\0hidden\";a:0:{}s:10:\"\0*\0visible\";a:0:{}s:11:\"\0*\0fillable\";a:0:{}s:10:\"\0*\0guarded\";a:1:{i:0;s:4:\"uuid\";}}i:12;O:21:\"App\\Models\\Permission\":30:{s:13:\"\0*\0connection\";s:5:\"mysql\";s:8:\"\0*\0table\";s:11:\"permissions\";s:13:\"\0*\0primaryKey\";s:4:\"uuid\";s:10:\"\0*\0keyType\";s:3:\"int\";s:12:\"incrementing\";b:1;s:7:\"\0*\0with\";a:0:{}s:12:\"\0*\0withCount\";a:0:{}s:19:\"preventsLazyLoading\";b:0;s:10:\"\0*\0perPage\";i:15;s:6:\"exists\";b:1;s:18:\"wasRecentlyCreated\";b:0;s:28:\"\0*\0escapeWhenCastingToString\";b:0;s:13:\"\0*\0attributes\";a:5:{s:4:\"uuid\";s:36:\"9e379d7c-9004-4885-9f69-79ec94e495cb\";s:4:\"name\";s:13:\"pegawai-index\";s:10:\"guard_name\";s:3:\"web\";s:10:\"created_at\";s:19:\"2025-02-15 17:57:05\";s:10:\"updated_at\";s:19:\"2025-02-15 17:57:05\";}s:11:\"\0*\0original\";a:7:{s:4:\"uuid\";s:36:\"9e379d7c-9004-4885-9f69-79ec94e495cb\";s:4:\"name\";s:13:\"pegawai-index\";s:10:\"guard_name\";s:3:\"web\";s:10:\"created_at\";s:19:\"2025-02-15 17:57:05\";s:10:\"updated_at\";s:19:\"2025-02-15 17:57:05\";s:13:\"pivot_role_id\";s:36:\"9e379d80-513c-4b03-943d-f3fcbd1fcc92\";s:19:\"pivot_permission_id\";s:36:\"9e379d7c-9004-4885-9f69-79ec94e495cb\";}s:10:\"\0*\0changes\";a:0:{}s:8:\"\0*\0casts\";a:0:{}s:17:\"\0*\0classCastCache\";a:0:{}s:21:\"\0*\0attributeCastCache\";a:0:{}s:13:\"\0*\0dateFormat\";N;s:10:\"\0*\0appends\";a:0:{}s:19:\"\0*\0dispatchesEvents\";a:0:{}s:14:\"\0*\0observables\";a:0:{}s:12:\"\0*\0relations\";a:1:{s:5:\"pivot\";O:44:\"Illuminate\\Database\\Eloquent\\Relations\\Pivot\":34:{s:13:\"\0*\0connection\";s:5:\"mysql\";s:8:\"\0*\0table\";s:20:\"role_has_permissions\";s:13:\"\0*\0primaryKey\";s:2:\"id\";s:10:\"\0*\0keyType\";s:3:\"int\";s:12:\"incrementing\";b:0;s:7:\"\0*\0with\";a:0:{}s:12:\"\0*\0withCount\";a:0:{}s:19:\"preventsLazyLoading\";b:0;s:10:\"\0*\0perPage\";i:15;s:6:\"exists\";b:1;s:18:\"wasRecentlyCreated\";b:0;s:28:\"\0*\0escapeWhenCastingToString\";b:0;s:13:\"\0*\0attributes\";a:2:{s:7:\"role_id\";s:36:\"9e379d80-513c-4b03-943d-f3fcbd1fcc92\";s:13:\"permission_id\";s:36:\"9e379d7c-9004-4885-9f69-79ec94e495cb\";}s:11:\"\0*\0original\";a:2:{s:7:\"role_id\";s:36:\"9e379d80-513c-4b03-943d-f3fcbd1fcc92\";s:13:\"permission_id\";s:36:\"9e379d7c-9004-4885-9f69-79ec94e495cb\";}s:10:\"\0*\0changes\";a:0:{}s:8:\"\0*\0casts\";a:0:{}s:17:\"\0*\0classCastCache\";a:0:{}s:21:\"\0*\0attributeCastCache\";a:0:{}s:13:\"\0*\0dateFormat\";N;s:10:\"\0*\0appends\";a:0:{}s:19:\"\0*\0dispatchesEvents\";a:0:{}s:14:\"\0*\0observables\";a:0:{}s:12:\"\0*\0relations\";a:0:{}s:10:\"\0*\0touches\";a:0:{}s:10:\"timestamps\";b:0;s:13:\"usesUniqueIds\";b:0;s:9:\"\0*\0hidden\";a:0:{}s:10:\"\0*\0visible\";a:0:{}s:11:\"\0*\0fillable\";a:0:{}s:10:\"\0*\0guarded\";a:0:{}s:11:\"pivotParent\";r:194;s:12:\"pivotRelated\";r:380;s:13:\"\0*\0foreignKey\";s:7:\"role_id\";s:13:\"\0*\0relatedKey\";s:13:\"permission_id\";}}s:10:\"\0*\0touches\";a:0:{}s:10:\"timestamps\";b:1;s:13:\"usesUniqueIds\";b:1;s:9:\"\0*\0hidden\";a:0:{}s:10:\"\0*\0visible\";a:0:{}s:11:\"\0*\0fillable\";a:0:{}s:10:\"\0*\0guarded\";a:1:{i:0;s:4:\"uuid\";}}i:13;O:21:\"App\\Models\\Permission\":30:{s:13:\"\0*\0connection\";s:5:\"mysql\";s:8:\"\0*\0table\";s:11:\"permissions\";s:13:\"\0*\0primaryKey\";s:4:\"uuid\";s:10:\"\0*\0keyType\";s:3:\"int\";s:12:\"incrementing\";b:1;s:7:\"\0*\0with\";a:0:{}s:12:\"\0*\0withCount\";a:0:{}s:19:\"preventsLazyLoading\";b:0;s:10:\"\0*\0perPage\";i:15;s:6:\"exists\";b:1;s:18:\"wasRecentlyCreated\";b:0;s:28:\"\0*\0escapeWhenCastingToString\";b:0;s:13:\"\0*\0attributes\";a:5:{s:4:\"uuid\";s:36:\"9e379d7c-941b-4fa3-8cee-59ed631c7977\";s:4:\"name\";s:14:\"pegawai-create\";s:10:\"guard_name\";s:3:\"web\";s:10:\"created_at\";s:19:\"2025-02-15 17:57:05\";s:10:\"updated_at\";s:19:\"2025-02-15 17:57:05\";}s:11:\"\0*\0original\";a:7:{s:4:\"uuid\";s:36:\"9e379d7c-941b-4fa3-8cee-59ed631c7977\";s:4:\"name\";s:14:\"pegawai-create\";s:10:\"guard_name\";s:3:\"web\";s:10:\"created_at\";s:19:\"2025-02-15 17:57:05\";s:10:\"updated_at\";s:19:\"2025-02-15 17:57:05\";s:13:\"pivot_role_id\";s:36:\"9e379d80-513c-4b03-943d-f3fcbd1fcc92\";s:19:\"pivot_permission_id\";s:36:\"9e379d7c-941b-4fa3-8cee-59ed631c7977\";}s:10:\"\0*\0changes\";a:0:{}s:8:\"\0*\0casts\";a:0:{}s:17:\"\0*\0classCastCache\";a:0:{}s:21:\"\0*\0attributeCastCache\";a:0:{}s:13:\"\0*\0dateFormat\";N;s:10:\"\0*\0appends\";a:0:{}s:19:\"\0*\0dispatchesEvents\";a:0:{}s:14:\"\0*\0observables\";a:0:{}s:12:\"\0*\0relations\";a:1:{s:5:\"pivot\";O:44:\"Illuminate\\Database\\Eloquent\\Relations\\Pivot\":34:{s:13:\"\0*\0connection\";s:5:\"mysql\";s:8:\"\0*\0table\";s:20:\"role_has_permissions\";s:13:\"\0*\0primaryKey\";s:2:\"id\";s:10:\"\0*\0keyType\";s:3:\"int\";s:12:\"incrementing\";b:0;s:7:\"\0*\0with\";a:0:{}s:12:\"\0*\0withCount\";a:0:{}s:19:\"preventsLazyLoading\";b:0;s:10:\"\0*\0perPage\";i:15;s:6:\"exists\";b:1;s:18:\"wasRecentlyCreated\";b:0;s:28:\"\0*\0escapeWhenCastingToString\";b:0;s:13:\"\0*\0attributes\";a:2:{s:7:\"role_id\";s:36:\"9e379d80-513c-4b03-943d-f3fcbd1fcc92\";s:13:\"permission_id\";s:36:\"9e379d7c-941b-4fa3-8cee-59ed631c7977\";}s:11:\"\0*\0original\";a:2:{s:7:\"role_id\";s:36:\"9e379d80-513c-4b03-943d-f3fcbd1fcc92\";s:13:\"permission_id\";s:36:\"9e379d7c-941b-4fa3-8cee-59ed631c7977\";}s:10:\"\0*\0changes\";a:0:{}s:8:\"\0*\0casts\";a:0:{}s:17:\"\0*\0classCastCache\";a:0:{}s:21:\"\0*\0attributeCastCache\";a:0:{}s:13:\"\0*\0dateFormat\";N;s:10:\"\0*\0appends\";a:0:{}s:19:\"\0*\0dispatchesEvents\";a:0:{}s:14:\"\0*\0observables\";a:0:{}s:12:\"\0*\0relations\";a:0:{}s:10:\"\0*\0touches\";a:0:{}s:10:\"timestamps\";b:0;s:13:\"usesUniqueIds\";b:0;s:9:\"\0*\0hidden\";a:0:{}s:10:\"\0*\0visible\";a:0:{}s:11:\"\0*\0fillable\";a:0:{}s:10:\"\0*\0guarded\";a:0:{}s:11:\"pivotParent\";r:194;s:12:\"pivotRelated\";r:380;s:13:\"\0*\0foreignKey\";s:7:\"role_id\";s:13:\"\0*\0relatedKey\";s:13:\"permission_id\";}}s:10:\"\0*\0touches\";a:0:{}s:10:\"timestamps\";b:1;s:13:\"usesUniqueIds\";b:1;s:9:\"\0*\0hidden\";a:0:{}s:10:\"\0*\0visible\";a:0:{}s:11:\"\0*\0fillable\";a:0:{}s:10:\"\0*\0guarded\";a:1:{i:0;s:4:\"uuid\";}}i:14;O:21:\"App\\Models\\Permission\":30:{s:13:\"\0*\0connection\";s:5:\"mysql\";s:8:\"\0*\0table\";s:11:\"permissions\";s:13:\"\0*\0primaryKey\";s:4:\"uuid\";s:10:\"\0*\0keyType\";s:3:\"int\";s:12:\"incrementing\";b:1;s:7:\"\0*\0with\";a:0:{}s:12:\"\0*\0withCount\";a:0:{}s:19:\"preventsLazyLoading\";b:0;s:10:\"\0*\0perPage\";i:15;s:6:\"exists\";b:1;s:18:\"wasRecentlyCreated\";b:0;s:28:\"\0*\0escapeWhenCastingToString\";b:0;s:13:\"\0*\0attributes\";a:5:{s:4:\"uuid\";s:36:\"9e379d7c-988c-4cda-8e7a-bc034d170339\";s:4:\"name\";s:14:\"pegawai-update\";s:10:\"guard_name\";s:3:\"web\";s:10:\"created_at\";s:19:\"2025-02-15 17:57:05\";s:10:\"updated_at\";s:19:\"2025-02-15 17:57:05\";}s:11:\"\0*\0original\";a:7:{s:4:\"uuid\";s:36:\"9e379d7c-988c-4cda-8e7a-bc034d170339\";s:4:\"name\";s:14:\"pegawai-update\";s:10:\"guard_name\";s:3:\"web\";s:10:\"created_at\";s:19:\"2025-02-15 17:57:05\";s:10:\"updated_at\";s:19:\"2025-02-15 17:57:05\";s:13:\"pivot_role_id\";s:36:\"9e379d80-513c-4b03-943d-f3fcbd1fcc92\";s:19:\"pivot_permission_id\";s:36:\"9e379d7c-988c-4cda-8e7a-bc034d170339\";}s:10:\"\0*\0changes\";a:0:{}s:8:\"\0*\0casts\";a:0:{}s:17:\"\0*\0classCastCache\";a:0:{}s:21:\"\0*\0attributeCastCache\";a:0:{}s:13:\"\0*\0dateFormat\";N;s:10:\"\0*\0appends\";a:0:{}s:19:\"\0*\0dispatchesEvents\";a:0:{}s:14:\"\0*\0observables\";a:0:{}s:12:\"\0*\0relations\";a:1:{s:5:\"pivot\";O:44:\"Illuminate\\Database\\Eloquent\\Relations\\Pivot\":34:{s:13:\"\0*\0connection\";s:5:\"mysql\";s:8:\"\0*\0table\";s:20:\"role_has_permissions\";s:13:\"\0*\0primaryKey\";s:2:\"id\";s:10:\"\0*\0keyType\";s:3:\"int\";s:12:\"incrementing\";b:0;s:7:\"\0*\0with\";a:0:{}s:12:\"\0*\0withCount\";a:0:{}s:19:\"preventsLazyLoading\";b:0;s:10:\"\0*\0perPage\";i:15;s:6:\"exists\";b:1;s:18:\"wasRecentlyCreated\";b:0;s:28:\"\0*\0escapeWhenCastingToString\";b:0;s:13:\"\0*\0attributes\";a:2:{s:7:\"role_id\";s:36:\"9e379d80-513c-4b03-943d-f3fcbd1fcc92\";s:13:\"permission_id\";s:36:\"9e379d7c-988c-4cda-8e7a-bc034d170339\";}s:11:\"\0*\0original\";a:2:{s:7:\"role_id\";s:36:\"9e379d80-513c-4b03-943d-f3fcbd1fcc92\";s:13:\"permission_id\";s:36:\"9e379d7c-988c-4cda-8e7a-bc034d170339\";}s:10:\"\0*\0changes\";a:0:{}s:8:\"\0*\0casts\";a:0:{}s:17:\"\0*\0classCastCache\";a:0:{}s:21:\"\0*\0attributeCastCache\";a:0:{}s:13:\"\0*\0dateFormat\";N;s:10:\"\0*\0appends\";a:0:{}s:19:\"\0*\0dispatchesEvents\";a:0:{}s:14:\"\0*\0observables\";a:0:{}s:12:\"\0*\0relations\";a:0:{}s:10:\"\0*\0touches\";a:0:{}s:10:\"timestamps\";b:0;s:13:\"usesUniqueIds\";b:0;s:9:\"\0*\0hidden\";a:0:{}s:10:\"\0*\0visible\";a:0:{}s:11:\"\0*\0fillable\";a:0:{}s:10:\"\0*\0guarded\";a:0:{}s:11:\"pivotParent\";r:194;s:12:\"pivotRelated\";r:380;s:13:\"\0*\0foreignKey\";s:7:\"role_id\";s:13:\"\0*\0relatedKey\";s:13:\"permission_id\";}}s:10:\"\0*\0touches\";a:0:{}s:10:\"timestamps\";b:1;s:13:\"usesUniqueIds\";b:1;s:9:\"\0*\0hidden\";a:0:{}s:10:\"\0*\0visible\";a:0:{}s:11:\"\0*\0fillable\";a:0:{}s:10:\"\0*\0guarded\";a:1:{i:0;s:4:\"uuid\";}}i:15;O:21:\"App\\Models\\Permission\":30:{s:13:\"\0*\0connection\";s:5:\"mysql\";s:8:\"\0*\0table\";s:11:\"permissions\";s:13:\"\0*\0primaryKey\";s:4:\"uuid\";s:10:\"\0*\0keyType\";s:3:\"int\";s:12:\"incrementing\";b:1;s:7:\"\0*\0with\";a:0:{}s:12:\"\0*\0withCount\";a:0:{}s:19:\"preventsLazyLoading\";b:0;s:10:\"\0*\0perPage\";i:15;s:6:\"exists\";b:1;s:18:\"wasRecentlyCreated\";b:0;s:28:\"\0*\0escapeWhenCastingToString\";b:0;s:13:\"\0*\0attributes\";a:5:{s:4:\"uuid\";s:36:\"9e379d7c-9c61-46d7-be6c-730179613bd0\";s:4:\"name\";s:14:\"pegawai-delete\";s:10:\"guard_name\";s:3:\"web\";s:10:\"created_at\";s:19:\"2025-02-15 17:57:05\";s:10:\"updated_at\";s:19:\"2025-02-15 17:57:05\";}s:11:\"\0*\0original\";a:7:{s:4:\"uuid\";s:36:\"9e379d7c-9c61-46d7-be6c-730179613bd0\";s:4:\"name\";s:14:\"pegawai-delete\";s:10:\"guard_name\";s:3:\"web\";s:10:\"created_at\";s:19:\"2025-02-15 17:57:05\";s:10:\"updated_at\";s:19:\"2025-02-15 17:57:05\";s:13:\"pivot_role_id\";s:36:\"9e379d80-513c-4b03-943d-f3fcbd1fcc92\";s:19:\"pivot_permission_id\";s:36:\"9e379d7c-9c61-46d7-be6c-730179613bd0\";}s:10:\"\0*\0changes\";a:0:{}s:8:\"\0*\0casts\";a:0:{}s:17:\"\0*\0classCastCache\";a:0:{}s:21:\"\0*\0attributeCastCache\";a:0:{}s:13:\"\0*\0dateFormat\";N;s:10:\"\0*\0appends\";a:0:{}s:19:\"\0*\0dispatchesEvents\";a:0:{}s:14:\"\0*\0observables\";a:0:{}s:12:\"\0*\0relations\";a:1:{s:5:\"pivot\";O:44:\"Illuminate\\Database\\Eloquent\\Relations\\Pivot\":34:{s:13:\"\0*\0connection\";s:5:\"mysql\";s:8:\"\0*\0table\";s:20:\"role_has_permissions\";s:13:\"\0*\0primaryKey\";s:2:\"id\";s:10:\"\0*\0keyType\";s:3:\"int\";s:12:\"incrementing\";b:0;s:7:\"\0*\0with\";a:0:{}s:12:\"\0*\0withCount\";a:0:{}s:19:\"preventsLazyLoading\";b:0;s:10:\"\0*\0perPage\";i:15;s:6:\"exists\";b:1;s:18:\"wasRecentlyCreated\";b:0;s:28:\"\0*\0escapeWhenCastingToString\";b:0;s:13:\"\0*\0attributes\";a:2:{s:7:\"role_id\";s:36:\"9e379d80-513c-4b03-943d-f3fcbd1fcc92\";s:13:\"permission_id\";s:36:\"9e379d7c-9c61-46d7-be6c-730179613bd0\";}s:11:\"\0*\0original\";a:2:{s:7:\"role_id\";s:36:\"9e379d80-513c-4b03-943d-f3fcbd1fcc92\";s:13:\"permission_id\";s:36:\"9e379d7c-9c61-46d7-be6c-730179613bd0\";}s:10:\"\0*\0changes\";a:0:{}s:8:\"\0*\0casts\";a:0:{}s:17:\"\0*\0classCastCache\";a:0:{}s:21:\"\0*\0attributeCastCache\";a:0:{}s:13:\"\0*\0dateFormat\";N;s:10:\"\0*\0appends\";a:0:{}s:19:\"\0*\0dispatchesEvents\";a:0:{}s:14:\"\0*\0observables\";a:0:{}s:12:\"\0*\0relations\";a:0:{}s:10:\"\0*\0touches\";a:0:{}s:10:\"timestamps\";b:0;s:13:\"usesUniqueIds\";b:0;s:9:\"\0*\0hidden\";a:0:{}s:10:\"\0*\0visible\";a:0:{}s:11:\"\0*\0fillable\";a:0:{}s:10:\"\0*\0guarded\";a:0:{}s:11:\"pivotParent\";r:194;s:12:\"pivotRelated\";r:380;s:13:\"\0*\0foreignKey\";s:7:\"role_id\";s:13:\"\0*\0relatedKey\";s:13:\"permission_id\";}}s:10:\"\0*\0touches\";a:0:{}s:10:\"timestamps\";b:1;s:13:\"usesUniqueIds\";b:1;s:9:\"\0*\0hidden\";a:0:{}s:10:\"\0*\0visible\";a:0:{}s:11:\"\0*\0fillable\";a:0:{}s:10:\"\0*\0guarded\";a:1:{i:0;s:4:\"uuid\";}}i:16;O:21:\"App\\Models\\Permission\":30:{s:13:\"\0*\0connection\";s:5:\"mysql\";s:8:\"\0*\0table\";s:11:\"permissions\";s:13:\"\0*\0primaryKey\";s:4:\"uuid\";s:10:\"\0*\0keyType\";s:3:\"int\";s:12:\"incrementing\";b:1;s:7:\"\0*\0with\";a:0:{}s:12:\"\0*\0withCount\";a:0:{}s:19:\"preventsLazyLoading\";b:0;s:10:\"\0*\0perPage\";i:15;s:6:\"exists\";b:1;s:18:\"wasRecentlyCreated\";b:0;s:28:\"\0*\0escapeWhenCastingToString\";b:0;s:13:\"\0*\0attributes\";a:5:{s:4:\"uuid\";s:36:\"9e379d7c-a0f7-43b4-8e96-d0d786247828\";s:4:\"name\";s:16:\"pembayaran-index\";s:10:\"guard_name\";s:3:\"web\";s:10:\"created_at\";s:19:\"2025-02-15 17:57:05\";s:10:\"updated_at\";s:19:\"2025-02-15 17:57:05\";}s:11:\"\0*\0original\";a:7:{s:4:\"uuid\";s:36:\"9e379d7c-a0f7-43b4-8e96-d0d786247828\";s:4:\"name\";s:16:\"pembayaran-index\";s:10:\"guard_name\";s:3:\"web\";s:10:\"created_at\";s:19:\"2025-02-15 17:57:05\";s:10:\"updated_at\";s:19:\"2025-02-15 17:57:05\";s:13:\"pivot_role_id\";s:36:\"9e379d80-513c-4b03-943d-f3fcbd1fcc92\";s:19:\"pivot_permission_id\";s:36:\"9e379d7c-a0f7-43b4-8e96-d0d786247828\";}s:10:\"\0*\0changes\";a:0:{}s:8:\"\0*\0casts\";a:0:{}s:17:\"\0*\0classCastCache\";a:0:{}s:21:\"\0*\0attributeCastCache\";a:0:{}s:13:\"\0*\0dateFormat\";N;s:10:\"\0*\0appends\";a:0:{}s:19:\"\0*\0dispatchesEvents\";a:0:{}s:14:\"\0*\0observables\";a:0:{}s:12:\"\0*\0relations\";a:1:{s:5:\"pivot\";O:44:\"Illuminate\\Database\\Eloquent\\Relations\\Pivot\":34:{s:13:\"\0*\0connection\";s:5:\"mysql\";s:8:\"\0*\0table\";s:20:\"role_has_permissions\";s:13:\"\0*\0primaryKey\";s:2:\"id\";s:10:\"\0*\0keyType\";s:3:\"int\";s:12:\"incrementing\";b:0;s:7:\"\0*\0with\";a:0:{}s:12:\"\0*\0withCount\";a:0:{}s:19:\"preventsLazyLoading\";b:0;s:10:\"\0*\0perPage\";i:15;s:6:\"exists\";b:1;s:18:\"wasRecentlyCreated\";b:0;s:28:\"\0*\0escapeWhenCastingToString\";b:0;s:13:\"\0*\0attributes\";a:2:{s:7:\"role_id\";s:36:\"9e379d80-513c-4b03-943d-f3fcbd1fcc92\";s:13:\"permission_id\";s:36:\"9e379d7c-a0f7-43b4-8e96-d0d786247828\";}s:11:\"\0*\0original\";a:2:{s:7:\"role_id\";s:36:\"9e379d80-513c-4b03-943d-f3fcbd1fcc92\";s:13:\"permission_id\";s:36:\"9e379d7c-a0f7-43b4-8e96-d0d786247828\";}s:10:\"\0*\0changes\";a:0:{}s:8:\"\0*\0casts\";a:0:{}s:17:\"\0*\0classCastCache\";a:0:{}s:21:\"\0*\0attributeCastCache\";a:0:{}s:13:\"\0*\0dateFormat\";N;s:10:\"\0*\0appends\";a:0:{}s:19:\"\0*\0dispatchesEvents\";a:0:{}s:14:\"\0*\0observables\";a:0:{}s:12:\"\0*\0relations\";a:0:{}s:10:\"\0*\0touches\";a:0:{}s:10:\"timestamps\";b:0;s:13:\"usesUniqueIds\";b:0;s:9:\"\0*\0hidden\";a:0:{}s:10:\"\0*\0visible\";a:0:{}s:11:\"\0*\0fillable\";a:0:{}s:10:\"\0*\0guarded\";a:0:{}s:11:\"pivotParent\";r:194;s:12:\"pivotRelated\";r:380;s:13:\"\0*\0foreignKey\";s:7:\"role_id\";s:13:\"\0*\0relatedKey\";s:13:\"permission_id\";}}s:10:\"\0*\0touches\";a:0:{}s:10:\"timestamps\";b:1;s:13:\"usesUniqueIds\";b:1;s:9:\"\0*\0hidden\";a:0:{}s:10:\"\0*\0visible\";a:0:{}s:11:\"\0*\0fillable\";a:0:{}s:10:\"\0*\0guarded\";a:1:{i:0;s:4:\"uuid\";}}i:17;O:21:\"App\\Models\\Permission\":30:{s:13:\"\0*\0connection\";s:5:\"mysql\";s:8:\"\0*\0table\";s:11:\"permissions\";s:13:\"\0*\0primaryKey\";s:4:\"uuid\";s:10:\"\0*\0keyType\";s:3:\"int\";s:12:\"incrementing\";b:1;s:7:\"\0*\0with\";a:0:{}s:12:\"\0*\0withCount\";a:0:{}s:19:\"preventsLazyLoading\";b:0;s:10:\"\0*\0perPage\";i:15;s:6:\"exists\";b:1;s:18:\"wasRecentlyCreated\";b:0;s:28:\"\0*\0escapeWhenCastingToString\";b:0;s:13:\"\0*\0attributes\";a:5:{s:4:\"uuid\";s:36:\"9e379d7c-a560-4c60-ae36-b2a79f687908\";s:4:\"name\";s:17:\"pembayaran-create\";s:10:\"guard_name\";s:3:\"web\";s:10:\"created_at\";s:19:\"2025-02-15 17:57:05\";s:10:\"updated_at\";s:19:\"2025-02-15 17:57:05\";}s:11:\"\0*\0original\";a:7:{s:4:\"uuid\";s:36:\"9e379d7c-a560-4c60-ae36-b2a79f687908\";s:4:\"name\";s:17:\"pembayaran-create\";s:10:\"guard_name\";s:3:\"web\";s:10:\"created_at\";s:19:\"2025-02-15 17:57:05\";s:10:\"updated_at\";s:19:\"2025-02-15 17:57:05\";s:13:\"pivot_role_id\";s:36:\"9e379d80-513c-4b03-943d-f3fcbd1fcc92\";s:19:\"pivot_permission_id\";s:36:\"9e379d7c-a560-4c60-ae36-b2a79f687908\";}s:10:\"\0*\0changes\";a:0:{}s:8:\"\0*\0casts\";a:0:{}s:17:\"\0*\0classCastCache\";a:0:{}s:21:\"\0*\0attributeCastCache\";a:0:{}s:13:\"\0*\0dateFormat\";N;s:10:\"\0*\0appends\";a:0:{}s:19:\"\0*\0dispatchesEvents\";a:0:{}s:14:\"\0*\0observables\";a:0:{}s:12:\"\0*\0relations\";a:1:{s:5:\"pivot\";O:44:\"Illuminate\\Database\\Eloquent\\Relations\\Pivot\":34:{s:13:\"\0*\0connection\";s:5:\"mysql\";s:8:\"\0*\0table\";s:20:\"role_has_permissions\";s:13:\"\0*\0primaryKey\";s:2:\"id\";s:10:\"\0*\0keyType\";s:3:\"int\";s:12:\"incrementing\";b:0;s:7:\"\0*\0with\";a:0:{}s:12:\"\0*\0withCount\";a:0:{}s:19:\"preventsLazyLoading\";b:0;s:10:\"\0*\0perPage\";i:15;s:6:\"exists\";b:1;s:18:\"wasRecentlyCreated\";b:0;s:28:\"\0*\0escapeWhenCastingToString\";b:0;s:13:\"\0*\0attributes\";a:2:{s:7:\"role_id\";s:36:\"9e379d80-513c-4b03-943d-f3fcbd1fcc92\";s:13:\"permission_id\";s:36:\"9e379d7c-a560-4c60-ae36-b2a79f687908\";}s:11:\"\0*\0original\";a:2:{s:7:\"role_id\";s:36:\"9e379d80-513c-4b03-943d-f3fcbd1fcc92\";s:13:\"permission_id\";s:36:\"9e379d7c-a560-4c60-ae36-b2a79f687908\";}s:10:\"\0*\0changes\";a:0:{}s:8:\"\0*\0casts\";a:0:{}s:17:\"\0*\0classCastCache\";a:0:{}s:21:\"\0*\0attributeCastCache\";a:0:{}s:13:\"\0*\0dateFormat\";N;s:10:\"\0*\0appends\";a:0:{}s:19:\"\0*\0dispatchesEvents\";a:0:{}s:14:\"\0*\0observables\";a:0:{}s:12:\"\0*\0relations\";a:0:{}s:10:\"\0*\0touches\";a:0:{}s:10:\"timestamps\";b:0;s:13:\"usesUniqueIds\";b:0;s:9:\"\0*\0hidden\";a:0:{}s:10:\"\0*\0visible\";a:0:{}s:11:\"\0*\0fillable\";a:0:{}s:10:\"\0*\0guarded\";a:0:{}s:11:\"pivotParent\";r:194;s:12:\"pivotRelated\";r:380;s:13:\"\0*\0foreignKey\";s:7:\"role_id\";s:13:\"\0*\0relatedKey\";s:13:\"permission_id\";}}s:10:\"\0*\0touches\";a:0:{}s:10:\"timestamps\";b:1;s:13:\"usesUniqueIds\";b:1;s:9:\"\0*\0hidden\";a:0:{}s:10:\"\0*\0visible\";a:0:{}s:11:\"\0*\0fillable\";a:0:{}s:10:\"\0*\0guarded\";a:1:{i:0;s:4:\"uuid\";}}i:18;O:21:\"App\\Models\\Permission\":30:{s:13:\"\0*\0connection\";s:5:\"mysql\";s:8:\"\0*\0table\";s:11:\"permissions\";s:13:\"\0*\0primaryKey\";s:4:\"uuid\";s:10:\"\0*\0keyType\";s:3:\"int\";s:12:\"incrementing\";b:1;s:7:\"\0*\0with\";a:0:{}s:12:\"\0*\0withCount\";a:0:{}s:19:\"preventsLazyLoading\";b:0;s:10:\"\0*\0perPage\";i:15;s:6:\"exists\";b:1;s:18:\"wasRecentlyCreated\";b:0;s:28:\"\0*\0escapeWhenCastingToString\";b:0;s:13:\"\0*\0attributes\";a:5:{s:4:\"uuid\";s:36:\"9e379d7c-a95e-45ab-a4fa-2b4e2ae5cabe\";s:4:\"name\";s:24:\"laporan-pembayaran-index\";s:10:\"guard_name\";s:3:\"web\";s:10:\"created_at\";s:19:\"2025-02-15 17:57:05\";s:10:\"updated_at\";s:19:\"2025-02-15 17:57:05\";}s:11:\"\0*\0original\";a:7:{s:4:\"uuid\";s:36:\"9e379d7c-a95e-45ab-a4fa-2b4e2ae5cabe\";s:4:\"name\";s:24:\"laporan-pembayaran-index\";s:10:\"guard_name\";s:3:\"web\";s:10:\"created_at\";s:19:\"2025-02-15 17:57:05\";s:10:\"updated_at\";s:19:\"2025-02-15 17:57:05\";s:13:\"pivot_role_id\";s:36:\"9e379d80-513c-4b03-943d-f3fcbd1fcc92\";s:19:\"pivot_permission_id\";s:36:\"9e379d7c-a95e-45ab-a4fa-2b4e2ae5cabe\";}s:10:\"\0*\0changes\";a:0:{}s:8:\"\0*\0casts\";a:0:{}s:17:\"\0*\0classCastCache\";a:0:{}s:21:\"\0*\0attributeCastCache\";a:0:{}s:13:\"\0*\0dateFormat\";N;s:10:\"\0*\0appends\";a:0:{}s:19:\"\0*\0dispatchesEvents\";a:0:{}s:14:\"\0*\0observables\";a:0:{}s:12:\"\0*\0relations\";a:1:{s:5:\"pivot\";O:44:\"Illuminate\\Database\\Eloquent\\Relations\\Pivot\":34:{s:13:\"\0*\0connection\";s:5:\"mysql\";s:8:\"\0*\0table\";s:20:\"role_has_permissions\";s:13:\"\0*\0primaryKey\";s:2:\"id\";s:10:\"\0*\0keyType\";s:3:\"int\";s:12:\"incrementing\";b:0;s:7:\"\0*\0with\";a:0:{}s:12:\"\0*\0withCount\";a:0:{}s:19:\"preventsLazyLoading\";b:0;s:10:\"\0*\0perPage\";i:15;s:6:\"exists\";b:1;s:18:\"wasRecentlyCreated\";b:0;s:28:\"\0*\0escapeWhenCastingToString\";b:0;s:13:\"\0*\0attributes\";a:2:{s:7:\"role_id\";s:36:\"9e379d80-513c-4b03-943d-f3fcbd1fcc92\";s:13:\"permission_id\";s:36:\"9e379d7c-a95e-45ab-a4fa-2b4e2ae5cabe\";}s:11:\"\0*\0original\";a:2:{s:7:\"role_id\";s:36:\"9e379d80-513c-4b03-943d-f3fcbd1fcc92\";s:13:\"permission_id\";s:36:\"9e379d7c-a95e-45ab-a4fa-2b4e2ae5cabe\";}s:10:\"\0*\0changes\";a:0:{}s:8:\"\0*\0casts\";a:0:{}s:17:\"\0*\0classCastCache\";a:0:{}s:21:\"\0*\0attributeCastCache\";a:0:{}s:13:\"\0*\0dateFormat\";N;s:10:\"\0*\0appends\";a:0:{}s:19:\"\0*\0dispatchesEvents\";a:0:{}s:14:\"\0*\0observables\";a:0:{}s:12:\"\0*\0relations\";a:0:{}s:10:\"\0*\0touches\";a:0:{}s:10:\"timestamps\";b:0;s:13:\"usesUniqueIds\";b:0;s:9:\"\0*\0hidden\";a:0:{}s:10:\"\0*\0visible\";a:0:{}s:11:\"\0*\0fillable\";a:0:{}s:10:\"\0*\0guarded\";a:0:{}s:11:\"pivotParent\";r:194;s:12:\"pivotRelated\";r:380;s:13:\"\0*\0foreignKey\";s:7:\"role_id\";s:13:\"\0*\0relatedKey\";s:13:\"permission_id\";}}s:10:\"\0*\0touches\";a:0:{}s:10:\"timestamps\";b:1;s:13:\"usesUniqueIds\";b:1;s:9:\"\0*\0hidden\";a:0:{}s:10:\"\0*\0visible\";a:0:{}s:11:\"\0*\0fillable\";a:0:{}s:10:\"\0*\0guarded\";a:1:{i:0;s:4:\"uuid\";}}i:19;O:21:\"App\\Models\\Permission\":30:{s:13:\"\0*\0connection\";s:5:\"mysql\";s:8:\"\0*\0table\";s:11:\"permissions\";s:13:\"\0*\0primaryKey\";s:4:\"uuid\";s:10:\"\0*\0keyType\";s:3:\"int\";s:12:\"incrementing\";b:1;s:7:\"\0*\0with\";a:0:{}s:12:\"\0*\0withCount\";a:0:{}s:19:\"preventsLazyLoading\";b:0;s:10:\"\0*\0perPage\";i:15;s:6:\"exists\";b:1;s:18:\"wasRecentlyCreated\";b:0;s:28:\"\0*\0escapeWhenCastingToString\";b:0;s:13:\"\0*\0attributes\";a:5:{s:4:\"uuid\";s:36:\"9e379d7c-ae51-47bb-8aee-69e0ebebcf71\";s:4:\"name\";s:24:\"laporan-pembayaran-print\";s:10:\"guard_name\";s:3:\"web\";s:10:\"created_at\";s:19:\"2025-02-15 17:57:05\";s:10:\"updated_at\";s:19:\"2025-02-15 17:57:05\";}s:11:\"\0*\0original\";a:7:{s:4:\"uuid\";s:36:\"9e379d7c-ae51-47bb-8aee-69e0ebebcf71\";s:4:\"name\";s:24:\"laporan-pembayaran-print\";s:10:\"guard_name\";s:3:\"web\";s:10:\"created_at\";s:19:\"2025-02-15 17:57:05\";s:10:\"updated_at\";s:19:\"2025-02-15 17:57:05\";s:13:\"pivot_role_id\";s:36:\"9e379d80-513c-4b03-943d-f3fcbd1fcc92\";s:19:\"pivot_permission_id\";s:36:\"9e379d7c-ae51-47bb-8aee-69e0ebebcf71\";}s:10:\"\0*\0changes\";a:0:{}s:8:\"\0*\0casts\";a:0:{}s:17:\"\0*\0classCastCache\";a:0:{}s:21:\"\0*\0attributeCastCache\";a:0:{}s:13:\"\0*\0dateFormat\";N;s:10:\"\0*\0appends\";a:0:{}s:19:\"\0*\0dispatchesEvents\";a:0:{}s:14:\"\0*\0observables\";a:0:{}s:12:\"\0*\0relations\";a:1:{s:5:\"pivot\";O:44:\"Illuminate\\Database\\Eloquent\\Relations\\Pivot\":34:{s:13:\"\0*\0connection\";s:5:\"mysql\";s:8:\"\0*\0table\";s:20:\"role_has_permissions\";s:13:\"\0*\0primaryKey\";s:2:\"id\";s:10:\"\0*\0keyType\";s:3:\"int\";s:12:\"incrementing\";b:0;s:7:\"\0*\0with\";a:0:{}s:12:\"\0*\0withCount\";a:0:{}s:19:\"preventsLazyLoading\";b:0;s:10:\"\0*\0perPage\";i:15;s:6:\"exists\";b:1;s:18:\"wasRecentlyCreated\";b:0;s:28:\"\0*\0escapeWhenCastingToString\";b:0;s:13:\"\0*\0attributes\";a:2:{s:7:\"role_id\";s:36:\"9e379d80-513c-4b03-943d-f3fcbd1fcc92\";s:13:\"permission_id\";s:36:\"9e379d7c-ae51-47bb-8aee-69e0ebebcf71\";}s:11:\"\0*\0original\";a:2:{s:7:\"role_id\";s:36:\"9e379d80-513c-4b03-943d-f3fcbd1fcc92\";s:13:\"permission_id\";s:36:\"9e379d7c-ae51-47bb-8aee-69e0ebebcf71\";}s:10:\"\0*\0changes\";a:0:{}s:8:\"\0*\0casts\";a:0:{}s:17:\"\0*\0classCastCache\";a:0:{}s:21:\"\0*\0attributeCastCache\";a:0:{}s:13:\"\0*\0dateFormat\";N;s:10:\"\0*\0appends\";a:0:{}s:19:\"\0*\0dispatchesEvents\";a:0:{}s:14:\"\0*\0observables\";a:0:{}s:12:\"\0*\0relations\";a:0:{}s:10:\"\0*\0touches\";a:0:{}s:10:\"timestamps\";b:0;s:13:\"usesUniqueIds\";b:0;s:9:\"\0*\0hidden\";a:0:{}s:10:\"\0*\0visible\";a:0:{}s:11:\"\0*\0fillable\";a:0:{}s:10:\"\0*\0guarded\";a:0:{}s:11:\"pivotParent\";r:194;s:12:\"pivotRelated\";r:380;s:13:\"\0*\0foreignKey\";s:7:\"role_id\";s:13:\"\0*\0relatedKey\";s:13:\"permission_id\";}}s:10:\"\0*\0touches\";a:0:{}s:10:\"timestamps\";b:1;s:13:\"usesUniqueIds\";b:1;s:9:\"\0*\0hidden\";a:0:{}s:10:\"\0*\0visible\";a:0:{}s:11:\"\0*\0fillable\";a:0:{}s:10:\"\0*\0guarded\";a:1:{i:0;s:4:\"uuid\";}}i:20;O:21:\"App\\Models\\Permission\":30:{s:13:\"\0*\0connection\";s:5:\"mysql\";s:8:\"\0*\0table\";s:11:\"permissions\";s:13:\"\0*\0primaryKey\";s:4:\"uuid\";s:10:\"\0*\0keyType\";s:3:\"int\";s:12:\"incrementing\";b:1;s:7:\"\0*\0with\";a:0:{}s:12:\"\0*\0withCount\";a:0:{}s:19:\"preventsLazyLoading\";b:0;s:10:\"\0*\0perPage\";i:15;s:6:\"exists\";b:1;s:18:\"wasRecentlyCreated\";b:0;s:28:\"\0*\0escapeWhenCastingToString\";b:0;s:13:\"\0*\0attributes\";a:5:{s:4:\"uuid\";s:36:\"9e379d7c-b2c9-4e70-a017-045d43c55475\";s:4:\"name\";s:21:\"laporan-piutang-index\";s:10:\"guard_name\";s:3:\"web\";s:10:\"created_at\";s:19:\"2025-02-15 17:57:05\";s:10:\"updated_at\";s:19:\"2025-02-15 17:57:05\";}s:11:\"\0*\0original\";a:7:{s:4:\"uuid\";s:36:\"9e379d7c-b2c9-4e70-a017-045d43c55475\";s:4:\"name\";s:21:\"laporan-piutang-index\";s:10:\"guard_name\";s:3:\"web\";s:10:\"created_at\";s:19:\"2025-02-15 17:57:05\";s:10:\"updated_at\";s:19:\"2025-02-15 17:57:05\";s:13:\"pivot_role_id\";s:36:\"9e379d80-513c-4b03-943d-f3fcbd1fcc92\";s:19:\"pivot_permission_id\";s:36:\"9e379d7c-b2c9-4e70-a017-045d43c55475\";}s:10:\"\0*\0changes\";a:0:{}s:8:\"\0*\0casts\";a:0:{}s:17:\"\0*\0classCastCache\";a:0:{}s:21:\"\0*\0attributeCastCache\";a:0:{}s:13:\"\0*\0dateFormat\";N;s:10:\"\0*\0appends\";a:0:{}s:19:\"\0*\0dispatchesEvents\";a:0:{}s:14:\"\0*\0observables\";a:0:{}s:12:\"\0*\0relations\";a:1:{s:5:\"pivot\";O:44:\"Illuminate\\Database\\Eloquent\\Relations\\Pivot\":34:{s:13:\"\0*\0connection\";s:5:\"mysql\";s:8:\"\0*\0table\";s:20:\"role_has_permissions\";s:13:\"\0*\0primaryKey\";s:2:\"id\";s:10:\"\0*\0keyType\";s:3:\"int\";s:12:\"incrementing\";b:0;s:7:\"\0*\0with\";a:0:{}s:12:\"\0*\0withCount\";a:0:{}s:19:\"preventsLazyLoading\";b:0;s:10:\"\0*\0perPage\";i:15;s:6:\"exists\";b:1;s:18:\"wasRecentlyCreated\";b:0;s:28:\"\0*\0escapeWhenCastingToString\";b:0;s:13:\"\0*\0attributes\";a:2:{s:7:\"role_id\";s:36:\"9e379d80-513c-4b03-943d-f3fcbd1fcc92\";s:13:\"permission_id\";s:36:\"9e379d7c-b2c9-4e70-a017-045d43c55475\";}s:11:\"\0*\0original\";a:2:{s:7:\"role_id\";s:36:\"9e379d80-513c-4b03-943d-f3fcbd1fcc92\";s:13:\"permission_id\";s:36:\"9e379d7c-b2c9-4e70-a017-045d43c55475\";}s:10:\"\0*\0changes\";a:0:{}s:8:\"\0*\0casts\";a:0:{}s:17:\"\0*\0classCastCache\";a:0:{}s:21:\"\0*\0attributeCastCache\";a:0:{}s:13:\"\0*\0dateFormat\";N;s:10:\"\0*\0appends\";a:0:{}s:19:\"\0*\0dispatchesEvents\";a:0:{}s:14:\"\0*\0observables\";a:0:{}s:12:\"\0*\0relations\";a:0:{}s:10:\"\0*\0touches\";a:0:{}s:10:\"timestamps\";b:0;s:13:\"usesUniqueIds\";b:0;s:9:\"\0*\0hidden\";a:0:{}s:10:\"\0*\0visible\";a:0:{}s:11:\"\0*\0fillable\";a:0:{}s:10:\"\0*\0guarded\";a:0:{}s:11:\"pivotParent\";r:194;s:12:\"pivotRelated\";r:380;s:13:\"\0*\0foreignKey\";s:7:\"role_id\";s:13:\"\0*\0relatedKey\";s:13:\"permission_id\";}}s:10:\"\0*\0touches\";a:0:{}s:10:\"timestamps\";b:1;s:13:\"usesUniqueIds\";b:1;s:9:\"\0*\0hidden\";a:0:{}s:10:\"\0*\0visible\";a:0:{}s:11:\"\0*\0fillable\";a:0:{}s:10:\"\0*\0guarded\";a:1:{i:0;s:4:\"uuid\";}}i:21;O:21:\"App\\Models\\Permission\":30:{s:13:\"\0*\0connection\";s:5:\"mysql\";s:8:\"\0*\0table\";s:11:\"permissions\";s:13:\"\0*\0primaryKey\";s:4:\"uuid\";s:10:\"\0*\0keyType\";s:3:\"int\";s:12:\"incrementing\";b:1;s:7:\"\0*\0with\";a:0:{}s:12:\"\0*\0withCount\";a:0:{}s:19:\"preventsLazyLoading\";b:0;s:10:\"\0*\0perPage\";i:15;s:6:\"exists\";b:1;s:18:\"wasRecentlyCreated\";b:0;s:28:\"\0*\0escapeWhenCastingToString\";b:0;s:13:\"\0*\0attributes\";a:5:{s:4:\"uuid\";s:36:\"9e379d7c-b6bb-4c25-922c-77b83d7e94c6\";s:4:\"name\";s:21:\"laporan-piutang-print\";s:10:\"guard_name\";s:3:\"web\";s:10:\"created_at\";s:19:\"2025-02-15 17:57:05\";s:10:\"updated_at\";s:19:\"2025-02-15 17:57:05\";}s:11:\"\0*\0original\";a:7:{s:4:\"uuid\";s:36:\"9e379d7c-b6bb-4c25-922c-77b83d7e94c6\";s:4:\"name\";s:21:\"laporan-piutang-print\";s:10:\"guard_name\";s:3:\"web\";s:10:\"created_at\";s:19:\"2025-02-15 17:57:05\";s:10:\"updated_at\";s:19:\"2025-02-15 17:57:05\";s:13:\"pivot_role_id\";s:36:\"9e379d80-513c-4b03-943d-f3fcbd1fcc92\";s:19:\"pivot_permission_id\";s:36:\"9e379d7c-b6bb-4c25-922c-77b83d7e94c6\";}s:10:\"\0*\0changes\";a:0:{}s:8:\"\0*\0casts\";a:0:{}s:17:\"\0*\0classCastCache\";a:0:{}s:21:\"\0*\0attributeCastCache\";a:0:{}s:13:\"\0*\0dateFormat\";N;s:10:\"\0*\0appends\";a:0:{}s:19:\"\0*\0dispatchesEvents\";a:0:{}s:14:\"\0*\0observables\";a:0:{}s:12:\"\0*\0relations\";a:1:{s:5:\"pivot\";O:44:\"Illuminate\\Database\\Eloquent\\Relations\\Pivot\":34:{s:13:\"\0*\0connection\";s:5:\"mysql\";s:8:\"\0*\0table\";s:20:\"role_has_permissions\";s:13:\"\0*\0primaryKey\";s:2:\"id\";s:10:\"\0*\0keyType\";s:3:\"int\";s:12:\"incrementing\";b:0;s:7:\"\0*\0with\";a:0:{}s:12:\"\0*\0withCount\";a:0:{}s:19:\"preventsLazyLoading\";b:0;s:10:\"\0*\0perPage\";i:15;s:6:\"exists\";b:1;s:18:\"wasRecentlyCreated\";b:0;s:28:\"\0*\0escapeWhenCastingToString\";b:0;s:13:\"\0*\0attributes\";a:2:{s:7:\"role_id\";s:36:\"9e379d80-513c-4b03-943d-f3fcbd1fcc92\";s:13:\"permission_id\";s:36:\"9e379d7c-b6bb-4c25-922c-77b83d7e94c6\";}s:11:\"\0*\0original\";a:2:{s:7:\"role_id\";s:36:\"9e379d80-513c-4b03-943d-f3fcbd1fcc92\";s:13:\"permission_id\";s:36:\"9e379d7c-b6bb-4c25-922c-77b83d7e94c6\";}s:10:\"\0*\0changes\";a:0:{}s:8:\"\0*\0casts\";a:0:{}s:17:\"\0*\0classCastCache\";a:0:{}s:21:\"\0*\0attributeCastCache\";a:0:{}s:13:\"\0*\0dateFormat\";N;s:10:\"\0*\0appends\";a:0:{}s:19:\"\0*\0dispatchesEvents\";a:0:{}s:14:\"\0*\0observables\";a:0:{}s:12:\"\0*\0relations\";a:0:{}s:10:\"\0*\0touches\";a:0:{}s:10:\"timestamps\";b:0;s:13:\"usesUniqueIds\";b:0;s:9:\"\0*\0hidden\";a:0:{}s:10:\"\0*\0visible\";a:0:{}s:11:\"\0*\0fillable\";a:0:{}s:10:\"\0*\0guarded\";a:0:{}s:11:\"pivotParent\";r:194;s:12:\"pivotRelated\";r:380;s:13:\"\0*\0foreignKey\";s:7:\"role_id\";s:13:\"\0*\0relatedKey\";s:13:\"permission_id\";}}s:10:\"\0*\0touches\";a:0:{}s:10:\"timestamps\";b:1;s:13:\"usesUniqueIds\";b:1;s:9:\"\0*\0hidden\";a:0:{}s:10:\"\0*\0visible\";a:0:{}s:11:\"\0*\0fillable\";a:0:{}s:10:\"\0*\0guarded\";a:1:{i:0;s:4:\"uuid\";}}i:22;O:21:\"App\\Models\\Permission\":30:{s:13:\"\0*\0connection\";s:5:\"mysql\";s:8:\"\0*\0table\";s:11:\"permissions\";s:13:\"\0*\0primaryKey\";s:4:\"uuid\";s:10:\"\0*\0keyType\";s:3:\"int\";s:12:\"incrementing\";b:1;s:7:\"\0*\0with\";a:0:{}s:12:\"\0*\0withCount\";a:0:{}s:19:\"preventsLazyLoading\";b:0;s:10:\"\0*\0perPage\";i:15;s:6:\"exists\";b:1;s:18:\"wasRecentlyCreated\";b:0;s:28:\"\0*\0escapeWhenCastingToString\";b:0;s:13:\"\0*\0attributes\";a:5:{s:4:\"uuid\";s:36:\"9e59d59c-27e7-4a96-935f-e95392e11066\";s:4:\"name\";s:21:\"pengaturan-perusahaan\";s:10:\"guard_name\";s:3:\"web\";s:10:\"created_at\";s:19:\"2025-03-04 18:12:10\";s:10:\"updated_at\";s:19:\"2025-03-04 18:12:10\";}s:11:\"\0*\0original\";a:7:{s:4:\"uuid\";s:36:\"9e59d59c-27e7-4a96-935f-e95392e11066\";s:4:\"name\";s:21:\"pengaturan-perusahaan\";s:10:\"guard_name\";s:3:\"web\";s:10:\"created_at\";s:19:\"2025-03-04 18:12:10\";s:10:\"updated_at\";s:19:\"2025-03-04 18:12:10\";s:13:\"pivot_role_id\";s:36:\"9e379d80-513c-4b03-943d-f3fcbd1fcc92\";s:19:\"pivot_permission_id\";s:36:\"9e59d59c-27e7-4a96-935f-e95392e11066\";}s:10:\"\0*\0changes\";a:0:{}s:8:\"\0*\0casts\";a:0:{}s:17:\"\0*\0classCastCache\";a:0:{}s:21:\"\0*\0attributeCastCache\";a:0:{}s:13:\"\0*\0dateFormat\";N;s:10:\"\0*\0appends\";a:0:{}s:19:\"\0*\0dispatchesEvents\";a:0:{}s:14:\"\0*\0observables\";a:0:{}s:12:\"\0*\0relations\";a:1:{s:5:\"pivot\";O:44:\"Illuminate\\Database\\Eloquent\\Relations\\Pivot\":34:{s:13:\"\0*\0connection\";s:5:\"mysql\";s:8:\"\0*\0table\";s:20:\"role_has_permissions\";s:13:\"\0*\0primaryKey\";s:2:\"id\";s:10:\"\0*\0keyType\";s:3:\"int\";s:12:\"incrementing\";b:0;s:7:\"\0*\0with\";a:0:{}s:12:\"\0*\0withCount\";a:0:{}s:19:\"preventsLazyLoading\";b:0;s:10:\"\0*\0perPage\";i:15;s:6:\"exists\";b:1;s:18:\"wasRecentlyCreated\";b:0;s:28:\"\0*\0escapeWhenCastingToString\";b:0;s:13:\"\0*\0attributes\";a:2:{s:7:\"role_id\";s:36:\"9e379d80-513c-4b03-943d-f3fcbd1fcc92\";s:13:\"permission_id\";s:36:\"9e59d59c-27e7-4a96-935f-e95392e11066\";}s:11:\"\0*\0original\";a:2:{s:7:\"role_id\";s:36:\"9e379d80-513c-4b03-943d-f3fcbd1fcc92\";s:13:\"permission_id\";s:36:\"9e59d59c-27e7-4a96-935f-e95392e11066\";}s:10:\"\0*\0changes\";a:0:{}s:8:\"\0*\0casts\";a:0:{}s:17:\"\0*\0classCastCache\";a:0:{}s:21:\"\0*\0attributeCastCache\";a:0:{}s:13:\"\0*\0dateFormat\";N;s:10:\"\0*\0appends\";a:0:{}s:19:\"\0*\0dispatchesEvents\";a:0:{}s:14:\"\0*\0observables\";a:0:{}s:12:\"\0*\0relations\";a:0:{}s:10:\"\0*\0touches\";a:0:{}s:10:\"timestamps\";b:0;s:13:\"usesUniqueIds\";b:0;s:9:\"\0*\0hidden\";a:0:{}s:10:\"\0*\0visible\";a:0:{}s:11:\"\0*\0fillable\";a:0:{}s:10:\"\0*\0guarded\";a:0:{}s:11:\"pivotParent\";r:194;s:12:\"pivotRelated\";r:380;s:13:\"\0*\0foreignKey\";s:7:\"role_id\";s:13:\"\0*\0relatedKey\";s:13:\"permission_id\";}}s:10:\"\0*\0touches\";a:0:{}s:10:\"timestamps\";b:1;s:13:\"usesUniqueIds\";b:1;s:9:\"\0*\0hidden\";a:0:{}s:10:\"\0*\0visible\";a:0:{}s:11:\"\0*\0fillable\";a:0:{}s:10:\"\0*\0guarded\";a:1:{i:0;s:4:\"uuid\";}}}s:28:\"\0*\0escapeWhenCastingToString\";b:0;}}s:10:\"\0*\0touches\";a:0:{}s:10:\"timestamps\";b:1;s:13:\"usesUniqueIds\";b:1;s:9:\"\0*\0hidden\";a:0:{}s:10:\"\0*\0visible\";a:0:{}s:11:\"\0*\0fillable\";a:0:{}s:10:\"\0*\0guarded\";a:1:{i:0;s:4:\"uuid\";}}}s:28:\"\0*\0escapeWhenCastingToString\";b:0;}}s:10:\"\0*\0touches\";a:0:{}s:10:\"timestamps\";b:1;s:13:\"usesUniqueIds\";b:1;s:9:\"\0*\0hidden\";a:2:{i:0;s:8:\"password\";i:1;s:14:\"remember_token\";}s:10:\"\0*\0visible\";a:0:{}s:11:\"\0*\0fillable\";a:4:{i:0;s:13:\"zona_waktu_id\";i:1;s:4:\"name\";i:2;s:5:\"email\";i:3;s:8:\"password\";}s:10:\"\0*\0guarded\";a:1:{i:0;s:1:\"*\";}s:19:\"\0*\0authPasswordName\";s:8:\"password\";s:20:\"\0*\0rememberTokenName\";s:14:\"remember_token\";s:16:\"\0*\0forceDeleting\";b:0;}s:11:\"permissions\";O:29:\"Illuminate\\Support\\Collection\":2:{s:8:\"\0*\0items\";a:23:{i:0;s:20:\"paket-internet-index\";i:1;s:21:\"paket-internet-create\";i:2;s:21:\"paket-internet-update\";i:3;s:21:\"paket-internet-delete\";i:4;s:9:\"odp-index\";i:5;s:10:\"odp-create\";i:6;s:10:\"odp-update\";i:7;s:10:\"odp-delete\";i:8;s:15:\"pelanggan-index\";i:9;s:16:\"pelanggan-create\";i:10;s:16:\"pelanggan-update\";i:11;s:16:\"pelanggan-delete\";i:12;s:13:\"pegawai-index\";i:13;s:14:\"pegawai-create\";i:14;s:14:\"pegawai-update\";i:15;s:14:\"pegawai-delete\";i:16;s:16:\"pembayaran-index\";i:17;s:17:\"pembayaran-create\";i:18;s:24:\"laporan-pembayaran-index\";i:19;s:24:\"laporan-pembayaran-print\";i:20;s:21:\"laporan-piutang-index\";i:21;s:21:\"laporan-piutang-print\";i:22;s:21:\"pengaturan-perusahaan\";}s:28:\"\0*\0escapeWhenCastingToString\";b:0;}s:10:\"perusahaan\";a:6:{s:2:\"id\";s:36:\"9e37a0c9-2ccc-45ba-8853-c9b92b95c97f\";s:4:\"nama\";s:20:\"LJN MITRA SUMUBKIDUL\";s:4:\"telp\";s:13:\"6282324624106\";s:9:\"koordinat\";a:2:{i:0;s:18:\"109.53814902251267\";i:1;s:18:\"-6.968510543620823\";}s:6:\"alamat\";s:29:\"Sumubkidul, Sragi, Pekalongan\";s:4:\"logo\";s:86:\"http://127.0.0.1:8000/storage/logo/4CC7FFE2-9A98-ABD7-496A-919C887BAA66-1740405994.png\";}}', 1747398641);
INSERT INTO `cache` VALUES ('share-data-9e4bcb66-7d48-4aec-8f27-716cebd438b7', 'a:3:{s:4:\"user\";O:15:\"App\\Models\\User\":33:{s:13:\"\0*\0connection\";s:5:\"mysql\";s:8:\"\0*\0table\";s:5:\"users\";s:13:\"\0*\0primaryKey\";s:2:\"id\";s:10:\"\0*\0keyType\";s:3:\"int\";s:12:\"incrementing\";b:1;s:7:\"\0*\0with\";a:0:{}s:12:\"\0*\0withCount\";a:0:{}s:19:\"preventsLazyLoading\";b:0;s:10:\"\0*\0perPage\";i:15;s:6:\"exists\";b:1;s:18:\"wasRecentlyCreated\";b:0;s:28:\"\0*\0escapeWhenCastingToString\";b:0;s:13:\"\0*\0attributes\";a:10:{s:2:\"id\";s:36:\"9e4bcb66-7d48-4aec-8f27-716cebd438b7\";s:13:\"zona_waktu_id\";s:36:\"9e379fe9-42f7-4c54-95f2-e6765aae4a09\";s:4:\"name\";s:6:\"GUNTUR\";s:5:\"email\";s:23:\"goentursumkid@gmail.com\";s:17:\"email_verified_at\";s:19:\"2025-02-25 18:42:40\";s:8:\"password\";s:60:\"$2y$12$APHmDvQCBHkIYlWP8uIrpOwi8/YGN4gIE7Jzps6AR3dPKZgVk7Nri\";s:14:\"remember_token\";s:60:\"OWX8o7kKGQNCjdMFjnQPXorm8eOHNgaYuegwQTXe0gnkHSyHOOauqDrx8xRZ\";s:10:\"deleted_at\";N;s:10:\"created_at\";s:19:\"2025-02-25 18:42:02\";s:10:\"updated_at\";s:19:\"2025-02-25 18:42:40\";}s:11:\"\0*\0original\";a:10:{s:2:\"id\";s:36:\"9e4bcb66-7d48-4aec-8f27-716cebd438b7\";s:13:\"zona_waktu_id\";s:36:\"9e379fe9-42f7-4c54-95f2-e6765aae4a09\";s:4:\"name\";s:6:\"GUNTUR\";s:5:\"email\";s:23:\"goentursumkid@gmail.com\";s:17:\"email_verified_at\";s:19:\"2025-02-25 18:42:40\";s:8:\"password\";s:60:\"$2y$12$APHmDvQCBHkIYlWP8uIrpOwi8/YGN4gIE7Jzps6AR3dPKZgVk7Nri\";s:14:\"remember_token\";s:60:\"OWX8o7kKGQNCjdMFjnQPXorm8eOHNgaYuegwQTXe0gnkHSyHOOauqDrx8xRZ\";s:10:\"deleted_at\";N;s:10:\"created_at\";s:19:\"2025-02-25 18:42:02\";s:10:\"updated_at\";s:19:\"2025-02-25 18:42:40\";}s:10:\"\0*\0changes\";a:0:{}s:8:\"\0*\0casts\";a:3:{s:17:\"email_verified_at\";s:8:\"datetime\";s:8:\"password\";s:6:\"hashed\";s:10:\"deleted_at\";s:8:\"datetime\";}s:17:\"\0*\0classCastCache\";a:0:{}s:21:\"\0*\0attributeCastCache\";a:0:{}s:13:\"\0*\0dateFormat\";N;s:10:\"\0*\0appends\";a:0:{}s:19:\"\0*\0dispatchesEvents\";a:0:{}s:14:\"\0*\0observables\";a:0:{}s:12:\"\0*\0relations\";a:2:{s:10:\"perusahaan\";O:39:\"Illuminate\\Database\\Eloquent\\Collection\":2:{s:8:\"\0*\0items\";a:1:{i:0;O:21:\"App\\Models\\Perusahaan\":31:{s:13:\"\0*\0connection\";s:5:\"mysql\";s:8:\"\0*\0table\";s:11:\"perusahaans\";s:13:\"\0*\0primaryKey\";s:2:\"id\";s:10:\"\0*\0keyType\";s:3:\"int\";s:12:\"incrementing\";b:1;s:7:\"\0*\0with\";a:0:{}s:12:\"\0*\0withCount\";a:0:{}s:19:\"preventsLazyLoading\";b:0;s:10:\"\0*\0perPage\";i:15;s:6:\"exists\";b:1;s:18:\"wasRecentlyCreated\";b:0;s:28:\"\0*\0escapeWhenCastingToString\";b:0;s:13:\"\0*\0attributes\";a:10:{s:2:\"id\";s:36:\"9e4bcaa4-c644-46ad-ac4a-3f98829d6a35\";s:4:\"nama\";s:22:\"PT ABATA TECH SOLUTION\";s:4:\"telp\";s:13:\"6285201365883\";s:6:\"alamat\";s:40:\"Karangrejo, Kesesi, Kebupaten Pekalongan\";s:9:\"koordinat\";s:38:\"-7.018096761394982, 109.52646421141948\";s:4:\"logo\";s:56:\"logo/93B31ADE-5114-C1A0-8766-7D207808466C-1740483595.png\";s:8:\"token_wa\";s:20:\"8nF33GVXjk1g2vofowSC\";s:10:\"deleted_at\";N;s:10:\"created_at\";s:19:\"2025-02-25 18:39:55\";s:10:\"updated_at\";s:19:\"2025-03-04 18:12:49\";}s:11:\"\0*\0original\";a:12:{s:2:\"id\";s:36:\"9e4bcaa4-c644-46ad-ac4a-3f98829d6a35\";s:4:\"nama\";s:22:\"PT ABATA TECH SOLUTION\";s:4:\"telp\";s:13:\"6285201365883\";s:6:\"alamat\";s:40:\"Karangrejo, Kesesi, Kebupaten Pekalongan\";s:9:\"koordinat\";s:38:\"-7.018096761394982, 109.52646421141948\";s:4:\"logo\";s:56:\"logo/93B31ADE-5114-C1A0-8766-7D207808466C-1740483595.png\";s:8:\"token_wa\";s:20:\"8nF33GVXjk1g2vofowSC\";s:10:\"deleted_at\";N;s:10:\"created_at\";s:19:\"2025-02-25 18:39:55\";s:10:\"updated_at\";s:19:\"2025-03-04 18:12:49\";s:13:\"pivot_user_id\";s:36:\"9e4bcb66-7d48-4aec-8f27-716cebd438b7\";s:19:\"pivot_perusahaan_id\";s:36:\"9e4bcaa4-c644-46ad-ac4a-3f98829d6a35\";}s:10:\"\0*\0changes\";a:0:{}s:8:\"\0*\0casts\";a:1:{s:10:\"deleted_at\";s:8:\"datetime\";}s:17:\"\0*\0classCastCache\";a:0:{}s:21:\"\0*\0attributeCastCache\";a:0:{}s:13:\"\0*\0dateFormat\";N;s:10:\"\0*\0appends\";a:0:{}s:19:\"\0*\0dispatchesEvents\";a:0:{}s:14:\"\0*\0observables\";a:0:{}s:12:\"\0*\0relations\";a:1:{s:5:\"pivot\";O:44:\"Illuminate\\Database\\Eloquent\\Relations\\Pivot\":34:{s:13:\"\0*\0connection\";s:5:\"mysql\";s:8:\"\0*\0table\";s:16:\"user_perusahaans\";s:13:\"\0*\0primaryKey\";s:2:\"id\";s:10:\"\0*\0keyType\";s:3:\"int\";s:12:\"incrementing\";b:0;s:7:\"\0*\0with\";a:0:{}s:12:\"\0*\0withCount\";a:0:{}s:19:\"preventsLazyLoading\";b:0;s:10:\"\0*\0perPage\";i:15;s:6:\"exists\";b:1;s:18:\"wasRecentlyCreated\";b:0;s:28:\"\0*\0escapeWhenCastingToString\";b:0;s:13:\"\0*\0attributes\";a:2:{s:7:\"user_id\";s:36:\"9e4bcb66-7d48-4aec-8f27-716cebd438b7\";s:13:\"perusahaan_id\";s:36:\"9e4bcaa4-c644-46ad-ac4a-3f98829d6a35\";}s:11:\"\0*\0original\";a:2:{s:7:\"user_id\";s:36:\"9e4bcb66-7d48-4aec-8f27-716cebd438b7\";s:13:\"perusahaan_id\";s:36:\"9e4bcaa4-c644-46ad-ac4a-3f98829d6a35\";}s:10:\"\0*\0changes\";a:0:{}s:8:\"\0*\0casts\";a:0:{}s:17:\"\0*\0classCastCache\";a:0:{}s:21:\"\0*\0attributeCastCache\";a:0:{}s:13:\"\0*\0dateFormat\";N;s:10:\"\0*\0appends\";a:0:{}s:19:\"\0*\0dispatchesEvents\";a:0:{}s:14:\"\0*\0observables\";a:0:{}s:12:\"\0*\0relations\";a:0:{}s:10:\"\0*\0touches\";a:0:{}s:10:\"timestamps\";b:0;s:13:\"usesUniqueIds\";b:0;s:9:\"\0*\0hidden\";a:0:{}s:10:\"\0*\0visible\";a:0:{}s:11:\"\0*\0fillable\";a:0:{}s:10:\"\0*\0guarded\";a:0:{}s:11:\"pivotParent\";r:2;s:12:\"pivotRelated\";O:21:\"App\\Models\\Perusahaan\":31:{s:13:\"\0*\0connection\";s:5:\"mysql\";s:8:\"\0*\0table\";N;s:13:\"\0*\0primaryKey\";s:2:\"id\";s:10:\"\0*\0keyType\";s:3:\"int\";s:12:\"incrementing\";b:1;s:7:\"\0*\0with\";a:0:{}s:12:\"\0*\0withCount\";a:0:{}s:19:\"preventsLazyLoading\";b:0;s:10:\"\0*\0perPage\";i:15;s:6:\"exists\";b:0;s:18:\"wasRecentlyCreated\";b:0;s:28:\"\0*\0escapeWhenCastingToString\";b:0;s:13:\"\0*\0attributes\";a:0:{}s:11:\"\0*\0original\";a:0:{}s:10:\"\0*\0changes\";a:0:{}s:8:\"\0*\0casts\";a:1:{s:10:\"deleted_at\";s:8:\"datetime\";}s:17:\"\0*\0classCastCache\";a:0:{}s:21:\"\0*\0attributeCastCache\";a:0:{}s:13:\"\0*\0dateFormat\";N;s:10:\"\0*\0appends\";a:0:{}s:19:\"\0*\0dispatchesEvents\";a:0:{}s:14:\"\0*\0observables\";a:0:{}s:12:\"\0*\0relations\";a:0:{}s:10:\"\0*\0touches\";a:0:{}s:10:\"timestamps\";b:1;s:13:\"usesUniqueIds\";b:1;s:9:\"\0*\0hidden\";a:0:{}s:10:\"\0*\0visible\";a:0:{}s:11:\"\0*\0fillable\";a:6:{i:0;s:4:\"nama\";i:1;s:4:\"telp\";i:2;s:6:\"alamat\";i:3;s:9:\"koordinat\";i:4;s:4:\"logo\";i:5;s:8:\"token_wa\";}s:10:\"\0*\0guarded\";a:1:{i:0;s:1:\"*\";}s:16:\"\0*\0forceDeleting\";b:0;}s:13:\"\0*\0foreignKey\";s:7:\"user_id\";s:13:\"\0*\0relatedKey\";s:13:\"perusahaan_id\";}}s:10:\"\0*\0touches\";a:0:{}s:10:\"timestamps\";b:1;s:13:\"usesUniqueIds\";b:1;s:9:\"\0*\0hidden\";a:0:{}s:10:\"\0*\0visible\";a:0:{}s:11:\"\0*\0fillable\";a:6:{i:0;s:4:\"nama\";i:1;s:4:\"telp\";i:2;s:6:\"alamat\";i:3;s:9:\"koordinat\";i:4;s:4:\"logo\";i:5;s:8:\"token_wa\";}s:10:\"\0*\0guarded\";a:1:{i:0;s:1:\"*\";}s:16:\"\0*\0forceDeleting\";b:0;}}s:28:\"\0*\0escapeWhenCastingToString\";b:0;}s:5:\"roles\";O:39:\"Illuminate\\Database\\Eloquent\\Collection\":2:{s:8:\"\0*\0items\";a:1:{i:0;O:15:\"App\\Models\\Role\":30:{s:13:\"\0*\0connection\";s:5:\"mysql\";s:8:\"\0*\0table\";s:5:\"roles\";s:13:\"\0*\0primaryKey\";s:4:\"uuid\";s:10:\"\0*\0keyType\";s:3:\"int\";s:12:\"incrementing\";b:1;s:7:\"\0*\0with\";a:0:{}s:12:\"\0*\0withCount\";a:0:{}s:19:\"preventsLazyLoading\";b:0;s:10:\"\0*\0perPage\";i:15;s:6:\"exists\";b:1;s:18:\"wasRecentlyCreated\";b:0;s:28:\"\0*\0escapeWhenCastingToString\";b:0;s:13:\"\0*\0attributes\";a:5:{s:4:\"uuid\";s:36:\"9e379d80-513c-4b03-943d-f3fcbd1fcc92\";s:4:\"name\";s:7:\"PEMILIK\";s:10:\"guard_name\";s:3:\"web\";s:10:\"created_at\";s:19:\"2025-02-15 17:57:08\";s:10:\"updated_at\";s:19:\"2025-02-15 17:57:08\";}s:11:\"\0*\0original\";a:8:{s:4:\"uuid\";s:36:\"9e379d80-513c-4b03-943d-f3fcbd1fcc92\";s:4:\"name\";s:7:\"PEMILIK\";s:10:\"guard_name\";s:3:\"web\";s:10:\"created_at\";s:19:\"2025-02-15 17:57:08\";s:10:\"updated_at\";s:19:\"2025-02-15 17:57:08\";s:14:\"pivot_model_id\";s:36:\"9e4bcb66-7d48-4aec-8f27-716cebd438b7\";s:13:\"pivot_role_id\";s:36:\"9e379d80-513c-4b03-943d-f3fcbd1fcc92\";s:16:\"pivot_model_type\";s:15:\"App\\Models\\User\";}s:10:\"\0*\0changes\";a:0:{}s:8:\"\0*\0casts\";a:0:{}s:17:\"\0*\0classCastCache\";a:0:{}s:21:\"\0*\0attributeCastCache\";a:0:{}s:13:\"\0*\0dateFormat\";N;s:10:\"\0*\0appends\";a:0:{}s:19:\"\0*\0dispatchesEvents\";a:0:{}s:14:\"\0*\0observables\";a:0:{}s:12:\"\0*\0relations\";a:2:{s:5:\"pivot\";O:49:\"Illuminate\\Database\\Eloquent\\Relations\\MorphPivot\":36:{s:13:\"\0*\0connection\";s:5:\"mysql\";s:8:\"\0*\0table\";s:15:\"model_has_roles\";s:13:\"\0*\0primaryKey\";s:2:\"id\";s:10:\"\0*\0keyType\";s:3:\"int\";s:12:\"incrementing\";b:0;s:7:\"\0*\0with\";a:0:{}s:12:\"\0*\0withCount\";a:0:{}s:19:\"preventsLazyLoading\";b:0;s:10:\"\0*\0perPage\";i:15;s:6:\"exists\";b:1;s:18:\"wasRecentlyCreated\";b:0;s:28:\"\0*\0escapeWhenCastingToString\";b:0;s:13:\"\0*\0attributes\";a:3:{s:10:\"model_type\";s:15:\"App\\Models\\User\";s:8:\"model_id\";s:36:\"9e4bcb66-7d48-4aec-8f27-716cebd438b7\";s:7:\"role_id\";s:36:\"9e379d80-513c-4b03-943d-f3fcbd1fcc92\";}s:11:\"\0*\0original\";a:3:{s:10:\"model_type\";s:15:\"App\\Models\\User\";s:8:\"model_id\";s:36:\"9e4bcb66-7d48-4aec-8f27-716cebd438b7\";s:7:\"role_id\";s:36:\"9e379d80-513c-4b03-943d-f3fcbd1fcc92\";}s:10:\"\0*\0changes\";a:0:{}s:8:\"\0*\0casts\";a:0:{}s:17:\"\0*\0classCastCache\";a:0:{}s:21:\"\0*\0attributeCastCache\";a:0:{}s:13:\"\0*\0dateFormat\";N;s:10:\"\0*\0appends\";a:0:{}s:19:\"\0*\0dispatchesEvents\";a:0:{}s:14:\"\0*\0observables\";a:0:{}s:12:\"\0*\0relations\";a:0:{}s:10:\"\0*\0touches\";a:0:{}s:10:\"timestamps\";b:0;s:13:\"usesUniqueIds\";b:0;s:9:\"\0*\0hidden\";a:0:{}s:10:\"\0*\0visible\";a:0:{}s:11:\"\0*\0fillable\";a:0:{}s:10:\"\0*\0guarded\";a:0:{}s:11:\"pivotParent\";r:2;s:12:\"pivotRelated\";O:15:\"App\\Models\\Role\":30:{s:13:\"\0*\0connection\";s:5:\"mysql\";s:8:\"\0*\0table\";s:5:\"roles\";s:13:\"\0*\0primaryKey\";s:4:\"uuid\";s:10:\"\0*\0keyType\";s:3:\"int\";s:12:\"incrementing\";b:1;s:7:\"\0*\0with\";a:0:{}s:12:\"\0*\0withCount\";a:0:{}s:19:\"preventsLazyLoading\";b:0;s:10:\"\0*\0perPage\";i:15;s:6:\"exists\";b:0;s:18:\"wasRecentlyCreated\";b:0;s:28:\"\0*\0escapeWhenCastingToString\";b:0;s:13:\"\0*\0attributes\";a:1:{s:10:\"guard_name\";s:3:\"web\";}s:11:\"\0*\0original\";a:0:{}s:10:\"\0*\0changes\";a:0:{}s:8:\"\0*\0casts\";a:0:{}s:17:\"\0*\0classCastCache\";a:0:{}s:21:\"\0*\0attributeCastCache\";a:0:{}s:13:\"\0*\0dateFormat\";N;s:10:\"\0*\0appends\";a:0:{}s:19:\"\0*\0dispatchesEvents\";a:0:{}s:14:\"\0*\0observables\";a:0:{}s:12:\"\0*\0relations\";a:0:{}s:10:\"\0*\0touches\";a:0:{}s:10:\"timestamps\";b:1;s:13:\"usesUniqueIds\";b:1;s:9:\"\0*\0hidden\";a:0:{}s:10:\"\0*\0visible\";a:0:{}s:11:\"\0*\0fillable\";a:0:{}s:10:\"\0*\0guarded\";a:1:{i:0;s:4:\"uuid\";}}s:13:\"\0*\0foreignKey\";s:8:\"model_id\";s:13:\"\0*\0relatedKey\";s:7:\"role_id\";s:12:\"\0*\0morphType\";s:10:\"model_type\";s:13:\"\0*\0morphClass\";s:15:\"App\\Models\\User\";}s:11:\"permissions\";O:39:\"Illuminate\\Database\\Eloquent\\Collection\":2:{s:8:\"\0*\0items\";a:23:{i:0;O:21:\"App\\Models\\Permission\":30:{s:13:\"\0*\0connection\";s:5:\"mysql\";s:8:\"\0*\0table\";s:11:\"permissions\";s:13:\"\0*\0primaryKey\";s:4:\"uuid\";s:10:\"\0*\0keyType\";s:3:\"int\";s:12:\"incrementing\";b:1;s:7:\"\0*\0with\";a:0:{}s:12:\"\0*\0withCount\";a:0:{}s:19:\"preventsLazyLoading\";b:0;s:10:\"\0*\0perPage\";i:15;s:6:\"exists\";b:1;s:18:\"wasRecentlyCreated\";b:0;s:28:\"\0*\0escapeWhenCastingToString\";b:0;s:13:\"\0*\0attributes\";a:5:{s:4:\"uuid\";s:36:\"9e379d7c-50a2-4793-955c-46c4568a2f8e\";s:4:\"name\";s:20:\"paket-internet-index\";s:10:\"guard_name\";s:3:\"web\";s:10:\"created_at\";s:19:\"2025-02-15 17:57:05\";s:10:\"updated_at\";s:19:\"2025-02-15 17:57:05\";}s:11:\"\0*\0original\";a:7:{s:4:\"uuid\";s:36:\"9e379d7c-50a2-4793-955c-46c4568a2f8e\";s:4:\"name\";s:20:\"paket-internet-index\";s:10:\"guard_name\";s:3:\"web\";s:10:\"created_at\";s:19:\"2025-02-15 17:57:05\";s:10:\"updated_at\";s:19:\"2025-02-15 17:57:05\";s:13:\"pivot_role_id\";s:36:\"9e379d80-513c-4b03-943d-f3fcbd1fcc92\";s:19:\"pivot_permission_id\";s:36:\"9e379d7c-50a2-4793-955c-46c4568a2f8e\";}s:10:\"\0*\0changes\";a:0:{}s:8:\"\0*\0casts\";a:0:{}s:17:\"\0*\0classCastCache\";a:0:{}s:21:\"\0*\0attributeCastCache\";a:0:{}s:13:\"\0*\0dateFormat\";N;s:10:\"\0*\0appends\";a:0:{}s:19:\"\0*\0dispatchesEvents\";a:0:{}s:14:\"\0*\0observables\";a:0:{}s:12:\"\0*\0relations\";a:1:{s:5:\"pivot\";O:44:\"Illuminate\\Database\\Eloquent\\Relations\\Pivot\":34:{s:13:\"\0*\0connection\";s:5:\"mysql\";s:8:\"\0*\0table\";s:20:\"role_has_permissions\";s:13:\"\0*\0primaryKey\";s:2:\"id\";s:10:\"\0*\0keyType\";s:3:\"int\";s:12:\"incrementing\";b:0;s:7:\"\0*\0with\";a:0:{}s:12:\"\0*\0withCount\";a:0:{}s:19:\"preventsLazyLoading\";b:0;s:10:\"\0*\0perPage\";i:15;s:6:\"exists\";b:1;s:18:\"wasRecentlyCreated\";b:0;s:28:\"\0*\0escapeWhenCastingToString\";b:0;s:13:\"\0*\0attributes\";a:2:{s:7:\"role_id\";s:36:\"9e379d80-513c-4b03-943d-f3fcbd1fcc92\";s:13:\"permission_id\";s:36:\"9e379d7c-50a2-4793-955c-46c4568a2f8e\";}s:11:\"\0*\0original\";a:2:{s:7:\"role_id\";s:36:\"9e379d80-513c-4b03-943d-f3fcbd1fcc92\";s:13:\"permission_id\";s:36:\"9e379d7c-50a2-4793-955c-46c4568a2f8e\";}s:10:\"\0*\0changes\";a:0:{}s:8:\"\0*\0casts\";a:0:{}s:17:\"\0*\0classCastCache\";a:0:{}s:21:\"\0*\0attributeCastCache\";a:0:{}s:13:\"\0*\0dateFormat\";N;s:10:\"\0*\0appends\";a:0:{}s:19:\"\0*\0dispatchesEvents\";a:0:{}s:14:\"\0*\0observables\";a:0:{}s:12:\"\0*\0relations\";a:0:{}s:10:\"\0*\0touches\";a:0:{}s:10:\"timestamps\";b:0;s:13:\"usesUniqueIds\";b:0;s:9:\"\0*\0hidden\";a:0:{}s:10:\"\0*\0visible\";a:0:{}s:11:\"\0*\0fillable\";a:0:{}s:10:\"\0*\0guarded\";a:0:{}s:11:\"pivotParent\";r:194;s:12:\"pivotRelated\";O:21:\"App\\Models\\Permission\":30:{s:13:\"\0*\0connection\";s:5:\"mysql\";s:8:\"\0*\0table\";s:11:\"permissions\";s:13:\"\0*\0primaryKey\";s:4:\"uuid\";s:10:\"\0*\0keyType\";s:3:\"int\";s:12:\"incrementing\";b:1;s:7:\"\0*\0with\";a:0:{}s:12:\"\0*\0withCount\";a:0:{}s:19:\"preventsLazyLoading\";b:0;s:10:\"\0*\0perPage\";i:15;s:6:\"exists\";b:0;s:18:\"wasRecentlyCreated\";b:0;s:28:\"\0*\0escapeWhenCastingToString\";b:0;s:13:\"\0*\0attributes\";a:1:{s:10:\"guard_name\";s:3:\"web\";}s:11:\"\0*\0original\";a:0:{}s:10:\"\0*\0changes\";a:0:{}s:8:\"\0*\0casts\";a:0:{}s:17:\"\0*\0classCastCache\";a:0:{}s:21:\"\0*\0attributeCastCache\";a:0:{}s:13:\"\0*\0dateFormat\";N;s:10:\"\0*\0appends\";a:0:{}s:19:\"\0*\0dispatchesEvents\";a:0:{}s:14:\"\0*\0observables\";a:0:{}s:12:\"\0*\0relations\";a:0:{}s:10:\"\0*\0touches\";a:0:{}s:10:\"timestamps\";b:1;s:13:\"usesUniqueIds\";b:1;s:9:\"\0*\0hidden\";a:0:{}s:10:\"\0*\0visible\";a:0:{}s:11:\"\0*\0fillable\";a:0:{}s:10:\"\0*\0guarded\";a:1:{i:0;s:4:\"uuid\";}}s:13:\"\0*\0foreignKey\";s:7:\"role_id\";s:13:\"\0*\0relatedKey\";s:13:\"permission_id\";}}s:10:\"\0*\0touches\";a:0:{}s:10:\"timestamps\";b:1;s:13:\"usesUniqueIds\";b:1;s:9:\"\0*\0hidden\";a:0:{}s:10:\"\0*\0visible\";a:0:{}s:11:\"\0*\0fillable\";a:0:{}s:10:\"\0*\0guarded\";a:1:{i:0;s:4:\"uuid\";}}i:1;O:21:\"App\\Models\\Permission\":30:{s:13:\"\0*\0connection\";s:5:\"mysql\";s:8:\"\0*\0table\";s:11:\"permissions\";s:13:\"\0*\0primaryKey\";s:4:\"uuid\";s:10:\"\0*\0keyType\";s:3:\"int\";s:12:\"incrementing\";b:1;s:7:\"\0*\0with\";a:0:{}s:12:\"\0*\0withCount\";a:0:{}s:19:\"preventsLazyLoading\";b:0;s:10:\"\0*\0perPage\";i:15;s:6:\"exists\";b:1;s:18:\"wasRecentlyCreated\";b:0;s:28:\"\0*\0escapeWhenCastingToString\";b:0;s:13:\"\0*\0attributes\";a:5:{s:4:\"uuid\";s:36:\"9e379d7c-540d-4cef-adf3-aa705ab8712a\";s:4:\"name\";s:21:\"paket-internet-create\";s:10:\"guard_name\";s:3:\"web\";s:10:\"created_at\";s:19:\"2025-02-15 17:57:05\";s:10:\"updated_at\";s:19:\"2025-02-15 17:57:05\";}s:11:\"\0*\0original\";a:7:{s:4:\"uuid\";s:36:\"9e379d7c-540d-4cef-adf3-aa705ab8712a\";s:4:\"name\";s:21:\"paket-internet-create\";s:10:\"guard_name\";s:3:\"web\";s:10:\"created_at\";s:19:\"2025-02-15 17:57:05\";s:10:\"updated_at\";s:19:\"2025-02-15 17:57:05\";s:13:\"pivot_role_id\";s:36:\"9e379d80-513c-4b03-943d-f3fcbd1fcc92\";s:19:\"pivot_permission_id\";s:36:\"9e379d7c-540d-4cef-adf3-aa705ab8712a\";}s:10:\"\0*\0changes\";a:0:{}s:8:\"\0*\0casts\";a:0:{}s:17:\"\0*\0classCastCache\";a:0:{}s:21:\"\0*\0attributeCastCache\";a:0:{}s:13:\"\0*\0dateFormat\";N;s:10:\"\0*\0appends\";a:0:{}s:19:\"\0*\0dispatchesEvents\";a:0:{}s:14:\"\0*\0observables\";a:0:{}s:12:\"\0*\0relations\";a:1:{s:5:\"pivot\";O:44:\"Illuminate\\Database\\Eloquent\\Relations\\Pivot\":34:{s:13:\"\0*\0connection\";s:5:\"mysql\";s:8:\"\0*\0table\";s:20:\"role_has_permissions\";s:13:\"\0*\0primaryKey\";s:2:\"id\";s:10:\"\0*\0keyType\";s:3:\"int\";s:12:\"incrementing\";b:0;s:7:\"\0*\0with\";a:0:{}s:12:\"\0*\0withCount\";a:0:{}s:19:\"preventsLazyLoading\";b:0;s:10:\"\0*\0perPage\";i:15;s:6:\"exists\";b:1;s:18:\"wasRecentlyCreated\";b:0;s:28:\"\0*\0escapeWhenCastingToString\";b:0;s:13:\"\0*\0attributes\";a:2:{s:7:\"role_id\";s:36:\"9e379d80-513c-4b03-943d-f3fcbd1fcc92\";s:13:\"permission_id\";s:36:\"9e379d7c-540d-4cef-adf3-aa705ab8712a\";}s:11:\"\0*\0original\";a:2:{s:7:\"role_id\";s:36:\"9e379d80-513c-4b03-943d-f3fcbd1fcc92\";s:13:\"permission_id\";s:36:\"9e379d7c-540d-4cef-adf3-aa705ab8712a\";}s:10:\"\0*\0changes\";a:0:{}s:8:\"\0*\0casts\";a:0:{}s:17:\"\0*\0classCastCache\";a:0:{}s:21:\"\0*\0attributeCastCache\";a:0:{}s:13:\"\0*\0dateFormat\";N;s:10:\"\0*\0appends\";a:0:{}s:19:\"\0*\0dispatchesEvents\";a:0:{}s:14:\"\0*\0observables\";a:0:{}s:12:\"\0*\0relations\";a:0:{}s:10:\"\0*\0touches\";a:0:{}s:10:\"timestamps\";b:0;s:13:\"usesUniqueIds\";b:0;s:9:\"\0*\0hidden\";a:0:{}s:10:\"\0*\0visible\";a:0:{}s:11:\"\0*\0fillable\";a:0:{}s:10:\"\0*\0guarded\";a:0:{}s:11:\"pivotParent\";r:194;s:12:\"pivotRelated\";r:380;s:13:\"\0*\0foreignKey\";s:7:\"role_id\";s:13:\"\0*\0relatedKey\";s:13:\"permission_id\";}}s:10:\"\0*\0touches\";a:0:{}s:10:\"timestamps\";b:1;s:13:\"usesUniqueIds\";b:1;s:9:\"\0*\0hidden\";a:0:{}s:10:\"\0*\0visible\";a:0:{}s:11:\"\0*\0fillable\";a:0:{}s:10:\"\0*\0guarded\";a:1:{i:0;s:4:\"uuid\";}}i:2;O:21:\"App\\Models\\Permission\":30:{s:13:\"\0*\0connection\";s:5:\"mysql\";s:8:\"\0*\0table\";s:11:\"permissions\";s:13:\"\0*\0primaryKey\";s:4:\"uuid\";s:10:\"\0*\0keyType\";s:3:\"int\";s:12:\"incrementing\";b:1;s:7:\"\0*\0with\";a:0:{}s:12:\"\0*\0withCount\";a:0:{}s:19:\"preventsLazyLoading\";b:0;s:10:\"\0*\0perPage\";i:15;s:6:\"exists\";b:1;s:18:\"wasRecentlyCreated\";b:0;s:28:\"\0*\0escapeWhenCastingToString\";b:0;s:13:\"\0*\0attributes\";a:5:{s:4:\"uuid\";s:36:\"9e379d7c-5761-41c6-b3f1-4aa4c6c2427b\";s:4:\"name\";s:21:\"paket-internet-update\";s:10:\"guard_name\";s:3:\"web\";s:10:\"created_at\";s:19:\"2025-02-15 17:57:05\";s:10:\"updated_at\";s:19:\"2025-02-15 17:57:05\";}s:11:\"\0*\0original\";a:7:{s:4:\"uuid\";s:36:\"9e379d7c-5761-41c6-b3f1-4aa4c6c2427b\";s:4:\"name\";s:21:\"paket-internet-update\";s:10:\"guard_name\";s:3:\"web\";s:10:\"created_at\";s:19:\"2025-02-15 17:57:05\";s:10:\"updated_at\";s:19:\"2025-02-15 17:57:05\";s:13:\"pivot_role_id\";s:36:\"9e379d80-513c-4b03-943d-f3fcbd1fcc92\";s:19:\"pivot_permission_id\";s:36:\"9e379d7c-5761-41c6-b3f1-4aa4c6c2427b\";}s:10:\"\0*\0changes\";a:0:{}s:8:\"\0*\0casts\";a:0:{}s:17:\"\0*\0classCastCache\";a:0:{}s:21:\"\0*\0attributeCastCache\";a:0:{}s:13:\"\0*\0dateFormat\";N;s:10:\"\0*\0appends\";a:0:{}s:19:\"\0*\0dispatchesEvents\";a:0:{}s:14:\"\0*\0observables\";a:0:{}s:12:\"\0*\0relations\";a:1:{s:5:\"pivot\";O:44:\"Illuminate\\Database\\Eloquent\\Relations\\Pivot\":34:{s:13:\"\0*\0connection\";s:5:\"mysql\";s:8:\"\0*\0table\";s:20:\"role_has_permissions\";s:13:\"\0*\0primaryKey\";s:2:\"id\";s:10:\"\0*\0keyType\";s:3:\"int\";s:12:\"incrementing\";b:0;s:7:\"\0*\0with\";a:0:{}s:12:\"\0*\0withCount\";a:0:{}s:19:\"preventsLazyLoading\";b:0;s:10:\"\0*\0perPage\";i:15;s:6:\"exists\";b:1;s:18:\"wasRecentlyCreated\";b:0;s:28:\"\0*\0escapeWhenCastingToString\";b:0;s:13:\"\0*\0attributes\";a:2:{s:7:\"role_id\";s:36:\"9e379d80-513c-4b03-943d-f3fcbd1fcc92\";s:13:\"permission_id\";s:36:\"9e379d7c-5761-41c6-b3f1-4aa4c6c2427b\";}s:11:\"\0*\0original\";a:2:{s:7:\"role_id\";s:36:\"9e379d80-513c-4b03-943d-f3fcbd1fcc92\";s:13:\"permission_id\";s:36:\"9e379d7c-5761-41c6-b3f1-4aa4c6c2427b\";}s:10:\"\0*\0changes\";a:0:{}s:8:\"\0*\0casts\";a:0:{}s:17:\"\0*\0classCastCache\";a:0:{}s:21:\"\0*\0attributeCastCache\";a:0:{}s:13:\"\0*\0dateFormat\";N;s:10:\"\0*\0appends\";a:0:{}s:19:\"\0*\0dispatchesEvents\";a:0:{}s:14:\"\0*\0observables\";a:0:{}s:12:\"\0*\0relations\";a:0:{}s:10:\"\0*\0touches\";a:0:{}s:10:\"timestamps\";b:0;s:13:\"usesUniqueIds\";b:0;s:9:\"\0*\0hidden\";a:0:{}s:10:\"\0*\0visible\";a:0:{}s:11:\"\0*\0fillable\";a:0:{}s:10:\"\0*\0guarded\";a:0:{}s:11:\"pivotParent\";r:194;s:12:\"pivotRelated\";r:380;s:13:\"\0*\0foreignKey\";s:7:\"role_id\";s:13:\"\0*\0relatedKey\";s:13:\"permission_id\";}}s:10:\"\0*\0touches\";a:0:{}s:10:\"timestamps\";b:1;s:13:\"usesUniqueIds\";b:1;s:9:\"\0*\0hidden\";a:0:{}s:10:\"\0*\0visible\";a:0:{}s:11:\"\0*\0fillable\";a:0:{}s:10:\"\0*\0guarded\";a:1:{i:0;s:4:\"uuid\";}}i:3;O:21:\"App\\Models\\Permission\":30:{s:13:\"\0*\0connection\";s:5:\"mysql\";s:8:\"\0*\0table\";s:11:\"permissions\";s:13:\"\0*\0primaryKey\";s:4:\"uuid\";s:10:\"\0*\0keyType\";s:3:\"int\";s:12:\"incrementing\";b:1;s:7:\"\0*\0with\";a:0:{}s:12:\"\0*\0withCount\";a:0:{}s:19:\"preventsLazyLoading\";b:0;s:10:\"\0*\0perPage\";i:15;s:6:\"exists\";b:1;s:18:\"wasRecentlyCreated\";b:0;s:28:\"\0*\0escapeWhenCastingToString\";b:0;s:13:\"\0*\0attributes\";a:5:{s:4:\"uuid\";s:36:\"9e379d7c-5aff-4042-b691-3640cfad3902\";s:4:\"name\";s:21:\"paket-internet-delete\";s:10:\"guard_name\";s:3:\"web\";s:10:\"created_at\";s:19:\"2025-02-15 17:57:05\";s:10:\"updated_at\";s:19:\"2025-02-15 17:57:05\";}s:11:\"\0*\0original\";a:7:{s:4:\"uuid\";s:36:\"9e379d7c-5aff-4042-b691-3640cfad3902\";s:4:\"name\";s:21:\"paket-internet-delete\";s:10:\"guard_name\";s:3:\"web\";s:10:\"created_at\";s:19:\"2025-02-15 17:57:05\";s:10:\"updated_at\";s:19:\"2025-02-15 17:57:05\";s:13:\"pivot_role_id\";s:36:\"9e379d80-513c-4b03-943d-f3fcbd1fcc92\";s:19:\"pivot_permission_id\";s:36:\"9e379d7c-5aff-4042-b691-3640cfad3902\";}s:10:\"\0*\0changes\";a:0:{}s:8:\"\0*\0casts\";a:0:{}s:17:\"\0*\0classCastCache\";a:0:{}s:21:\"\0*\0attributeCastCache\";a:0:{}s:13:\"\0*\0dateFormat\";N;s:10:\"\0*\0appends\";a:0:{}s:19:\"\0*\0dispatchesEvents\";a:0:{}s:14:\"\0*\0observables\";a:0:{}s:12:\"\0*\0relations\";a:1:{s:5:\"pivot\";O:44:\"Illuminate\\Database\\Eloquent\\Relations\\Pivot\":34:{s:13:\"\0*\0connection\";s:5:\"mysql\";s:8:\"\0*\0table\";s:20:\"role_has_permissions\";s:13:\"\0*\0primaryKey\";s:2:\"id\";s:10:\"\0*\0keyType\";s:3:\"int\";s:12:\"incrementing\";b:0;s:7:\"\0*\0with\";a:0:{}s:12:\"\0*\0withCount\";a:0:{}s:19:\"preventsLazyLoading\";b:0;s:10:\"\0*\0perPage\";i:15;s:6:\"exists\";b:1;s:18:\"wasRecentlyCreated\";b:0;s:28:\"\0*\0escapeWhenCastingToString\";b:0;s:13:\"\0*\0attributes\";a:2:{s:7:\"role_id\";s:36:\"9e379d80-513c-4b03-943d-f3fcbd1fcc92\";s:13:\"permission_id\";s:36:\"9e379d7c-5aff-4042-b691-3640cfad3902\";}s:11:\"\0*\0original\";a:2:{s:7:\"role_id\";s:36:\"9e379d80-513c-4b03-943d-f3fcbd1fcc92\";s:13:\"permission_id\";s:36:\"9e379d7c-5aff-4042-b691-3640cfad3902\";}s:10:\"\0*\0changes\";a:0:{}s:8:\"\0*\0casts\";a:0:{}s:17:\"\0*\0classCastCache\";a:0:{}s:21:\"\0*\0attributeCastCache\";a:0:{}s:13:\"\0*\0dateFormat\";N;s:10:\"\0*\0appends\";a:0:{}s:19:\"\0*\0dispatchesEvents\";a:0:{}s:14:\"\0*\0observables\";a:0:{}s:12:\"\0*\0relations\";a:0:{}s:10:\"\0*\0touches\";a:0:{}s:10:\"timestamps\";b:0;s:13:\"usesUniqueIds\";b:0;s:9:\"\0*\0hidden\";a:0:{}s:10:\"\0*\0visible\";a:0:{}s:11:\"\0*\0fillable\";a:0:{}s:10:\"\0*\0guarded\";a:0:{}s:11:\"pivotParent\";r:194;s:12:\"pivotRelated\";r:380;s:13:\"\0*\0foreignKey\";s:7:\"role_id\";s:13:\"\0*\0relatedKey\";s:13:\"permission_id\";}}s:10:\"\0*\0touches\";a:0:{}s:10:\"timestamps\";b:1;s:13:\"usesUniqueIds\";b:1;s:9:\"\0*\0hidden\";a:0:{}s:10:\"\0*\0visible\";a:0:{}s:11:\"\0*\0fillable\";a:0:{}s:10:\"\0*\0guarded\";a:1:{i:0;s:4:\"uuid\";}}i:4;O:21:\"App\\Models\\Permission\":30:{s:13:\"\0*\0connection\";s:5:\"mysql\";s:8:\"\0*\0table\";s:11:\"permissions\";s:13:\"\0*\0primaryKey\";s:4:\"uuid\";s:10:\"\0*\0keyType\";s:3:\"int\";s:12:\"incrementing\";b:1;s:7:\"\0*\0with\";a:0:{}s:12:\"\0*\0withCount\";a:0:{}s:19:\"preventsLazyLoading\";b:0;s:10:\"\0*\0perPage\";i:15;s:6:\"exists\";b:1;s:18:\"wasRecentlyCreated\";b:0;s:28:\"\0*\0escapeWhenCastingToString\";b:0;s:13:\"\0*\0attributes\";a:5:{s:4:\"uuid\";s:36:\"9e379d7c-5ef2-49c7-9f53-f24a4d04a8dc\";s:4:\"name\";s:9:\"odp-index\";s:10:\"guard_name\";s:3:\"web\";s:10:\"created_at\";s:19:\"2025-02-15 17:57:05\";s:10:\"updated_at\";s:19:\"2025-02-15 17:57:05\";}s:11:\"\0*\0original\";a:7:{s:4:\"uuid\";s:36:\"9e379d7c-5ef2-49c7-9f53-f24a4d04a8dc\";s:4:\"name\";s:9:\"odp-index\";s:10:\"guard_name\";s:3:\"web\";s:10:\"created_at\";s:19:\"2025-02-15 17:57:05\";s:10:\"updated_at\";s:19:\"2025-02-15 17:57:05\";s:13:\"pivot_role_id\";s:36:\"9e379d80-513c-4b03-943d-f3fcbd1fcc92\";s:19:\"pivot_permission_id\";s:36:\"9e379d7c-5ef2-49c7-9f53-f24a4d04a8dc\";}s:10:\"\0*\0changes\";a:0:{}s:8:\"\0*\0casts\";a:0:{}s:17:\"\0*\0classCastCache\";a:0:{}s:21:\"\0*\0attributeCastCache\";a:0:{}s:13:\"\0*\0dateFormat\";N;s:10:\"\0*\0appends\";a:0:{}s:19:\"\0*\0dispatchesEvents\";a:0:{}s:14:\"\0*\0observables\";a:0:{}s:12:\"\0*\0relations\";a:1:{s:5:\"pivot\";O:44:\"Illuminate\\Database\\Eloquent\\Relations\\Pivot\":34:{s:13:\"\0*\0connection\";s:5:\"mysql\";s:8:\"\0*\0table\";s:20:\"role_has_permissions\";s:13:\"\0*\0primaryKey\";s:2:\"id\";s:10:\"\0*\0keyType\";s:3:\"int\";s:12:\"incrementing\";b:0;s:7:\"\0*\0with\";a:0:{}s:12:\"\0*\0withCount\";a:0:{}s:19:\"preventsLazyLoading\";b:0;s:10:\"\0*\0perPage\";i:15;s:6:\"exists\";b:1;s:18:\"wasRecentlyCreated\";b:0;s:28:\"\0*\0escapeWhenCastingToString\";b:0;s:13:\"\0*\0attributes\";a:2:{s:7:\"role_id\";s:36:\"9e379d80-513c-4b03-943d-f3fcbd1fcc92\";s:13:\"permission_id\";s:36:\"9e379d7c-5ef2-49c7-9f53-f24a4d04a8dc\";}s:11:\"\0*\0original\";a:2:{s:7:\"role_id\";s:36:\"9e379d80-513c-4b03-943d-f3fcbd1fcc92\";s:13:\"permission_id\";s:36:\"9e379d7c-5ef2-49c7-9f53-f24a4d04a8dc\";}s:10:\"\0*\0changes\";a:0:{}s:8:\"\0*\0casts\";a:0:{}s:17:\"\0*\0classCastCache\";a:0:{}s:21:\"\0*\0attributeCastCache\";a:0:{}s:13:\"\0*\0dateFormat\";N;s:10:\"\0*\0appends\";a:0:{}s:19:\"\0*\0dispatchesEvents\";a:0:{}s:14:\"\0*\0observables\";a:0:{}s:12:\"\0*\0relations\";a:0:{}s:10:\"\0*\0touches\";a:0:{}s:10:\"timestamps\";b:0;s:13:\"usesUniqueIds\";b:0;s:9:\"\0*\0hidden\";a:0:{}s:10:\"\0*\0visible\";a:0:{}s:11:\"\0*\0fillable\";a:0:{}s:10:\"\0*\0guarded\";a:0:{}s:11:\"pivotParent\";r:194;s:12:\"pivotRelated\";r:380;s:13:\"\0*\0foreignKey\";s:7:\"role_id\";s:13:\"\0*\0relatedKey\";s:13:\"permission_id\";}}s:10:\"\0*\0touches\";a:0:{}s:10:\"timestamps\";b:1;s:13:\"usesUniqueIds\";b:1;s:9:\"\0*\0hidden\";a:0:{}s:10:\"\0*\0visible\";a:0:{}s:11:\"\0*\0fillable\";a:0:{}s:10:\"\0*\0guarded\";a:1:{i:0;s:4:\"uuid\";}}i:5;O:21:\"App\\Models\\Permission\":30:{s:13:\"\0*\0connection\";s:5:\"mysql\";s:8:\"\0*\0table\";s:11:\"permissions\";s:13:\"\0*\0primaryKey\";s:4:\"uuid\";s:10:\"\0*\0keyType\";s:3:\"int\";s:12:\"incrementing\";b:1;s:7:\"\0*\0with\";a:0:{}s:12:\"\0*\0withCount\";a:0:{}s:19:\"preventsLazyLoading\";b:0;s:10:\"\0*\0perPage\";i:15;s:6:\"exists\";b:1;s:18:\"wasRecentlyCreated\";b:0;s:28:\"\0*\0escapeWhenCastingToString\";b:0;s:13:\"\0*\0attributes\";a:5:{s:4:\"uuid\";s:36:\"9e379d7c-62fa-40f2-a826-f4a05252ae32\";s:4:\"name\";s:10:\"odp-create\";s:10:\"guard_name\";s:3:\"web\";s:10:\"created_at\";s:19:\"2025-02-15 17:57:05\";s:10:\"updated_at\";s:19:\"2025-02-15 17:57:05\";}s:11:\"\0*\0original\";a:7:{s:4:\"uuid\";s:36:\"9e379d7c-62fa-40f2-a826-f4a05252ae32\";s:4:\"name\";s:10:\"odp-create\";s:10:\"guard_name\";s:3:\"web\";s:10:\"created_at\";s:19:\"2025-02-15 17:57:05\";s:10:\"updated_at\";s:19:\"2025-02-15 17:57:05\";s:13:\"pivot_role_id\";s:36:\"9e379d80-513c-4b03-943d-f3fcbd1fcc92\";s:19:\"pivot_permission_id\";s:36:\"9e379d7c-62fa-40f2-a826-f4a05252ae32\";}s:10:\"\0*\0changes\";a:0:{}s:8:\"\0*\0casts\";a:0:{}s:17:\"\0*\0classCastCache\";a:0:{}s:21:\"\0*\0attributeCastCache\";a:0:{}s:13:\"\0*\0dateFormat\";N;s:10:\"\0*\0appends\";a:0:{}s:19:\"\0*\0dispatchesEvents\";a:0:{}s:14:\"\0*\0observables\";a:0:{}s:12:\"\0*\0relations\";a:1:{s:5:\"pivot\";O:44:\"Illuminate\\Database\\Eloquent\\Relations\\Pivot\":34:{s:13:\"\0*\0connection\";s:5:\"mysql\";s:8:\"\0*\0table\";s:20:\"role_has_permissions\";s:13:\"\0*\0primaryKey\";s:2:\"id\";s:10:\"\0*\0keyType\";s:3:\"int\";s:12:\"incrementing\";b:0;s:7:\"\0*\0with\";a:0:{}s:12:\"\0*\0withCount\";a:0:{}s:19:\"preventsLazyLoading\";b:0;s:10:\"\0*\0perPage\";i:15;s:6:\"exists\";b:1;s:18:\"wasRecentlyCreated\";b:0;s:28:\"\0*\0escapeWhenCastingToString\";b:0;s:13:\"\0*\0attributes\";a:2:{s:7:\"role_id\";s:36:\"9e379d80-513c-4b03-943d-f3fcbd1fcc92\";s:13:\"permission_id\";s:36:\"9e379d7c-62fa-40f2-a826-f4a05252ae32\";}s:11:\"\0*\0original\";a:2:{s:7:\"role_id\";s:36:\"9e379d80-513c-4b03-943d-f3fcbd1fcc92\";s:13:\"permission_id\";s:36:\"9e379d7c-62fa-40f2-a826-f4a05252ae32\";}s:10:\"\0*\0changes\";a:0:{}s:8:\"\0*\0casts\";a:0:{}s:17:\"\0*\0classCastCache\";a:0:{}s:21:\"\0*\0attributeCastCache\";a:0:{}s:13:\"\0*\0dateFormat\";N;s:10:\"\0*\0appends\";a:0:{}s:19:\"\0*\0dispatchesEvents\";a:0:{}s:14:\"\0*\0observables\";a:0:{}s:12:\"\0*\0relations\";a:0:{}s:10:\"\0*\0touches\";a:0:{}s:10:\"timestamps\";b:0;s:13:\"usesUniqueIds\";b:0;s:9:\"\0*\0hidden\";a:0:{}s:10:\"\0*\0visible\";a:0:{}s:11:\"\0*\0fillable\";a:0:{}s:10:\"\0*\0guarded\";a:0:{}s:11:\"pivotParent\";r:194;s:12:\"pivotRelated\";r:380;s:13:\"\0*\0foreignKey\";s:7:\"role_id\";s:13:\"\0*\0relatedKey\";s:13:\"permission_id\";}}s:10:\"\0*\0touches\";a:0:{}s:10:\"timestamps\";b:1;s:13:\"usesUniqueIds\";b:1;s:9:\"\0*\0hidden\";a:0:{}s:10:\"\0*\0visible\";a:0:{}s:11:\"\0*\0fillable\";a:0:{}s:10:\"\0*\0guarded\";a:1:{i:0;s:4:\"uuid\";}}i:6;O:21:\"App\\Models\\Permission\":30:{s:13:\"\0*\0connection\";s:5:\"mysql\";s:8:\"\0*\0table\";s:11:\"permissions\";s:13:\"\0*\0primaryKey\";s:4:\"uuid\";s:10:\"\0*\0keyType\";s:3:\"int\";s:12:\"incrementing\";b:1;s:7:\"\0*\0with\";a:0:{}s:12:\"\0*\0withCount\";a:0:{}s:19:\"preventsLazyLoading\";b:0;s:10:\"\0*\0perPage\";i:15;s:6:\"exists\";b:1;s:18:\"wasRecentlyCreated\";b:0;s:28:\"\0*\0escapeWhenCastingToString\";b:0;s:13:\"\0*\0attributes\";a:5:{s:4:\"uuid\";s:36:\"9e379d7c-66e0-4b6a-ad56-4f7feb0258a9\";s:4:\"name\";s:10:\"odp-update\";s:10:\"guard_name\";s:3:\"web\";s:10:\"created_at\";s:19:\"2025-02-15 17:57:05\";s:10:\"updated_at\";s:19:\"2025-02-15 17:57:05\";}s:11:\"\0*\0original\";a:7:{s:4:\"uuid\";s:36:\"9e379d7c-66e0-4b6a-ad56-4f7feb0258a9\";s:4:\"name\";s:10:\"odp-update\";s:10:\"guard_name\";s:3:\"web\";s:10:\"created_at\";s:19:\"2025-02-15 17:57:05\";s:10:\"updated_at\";s:19:\"2025-02-15 17:57:05\";s:13:\"pivot_role_id\";s:36:\"9e379d80-513c-4b03-943d-f3fcbd1fcc92\";s:19:\"pivot_permission_id\";s:36:\"9e379d7c-66e0-4b6a-ad56-4f7feb0258a9\";}s:10:\"\0*\0changes\";a:0:{}s:8:\"\0*\0casts\";a:0:{}s:17:\"\0*\0classCastCache\";a:0:{}s:21:\"\0*\0attributeCastCache\";a:0:{}s:13:\"\0*\0dateFormat\";N;s:10:\"\0*\0appends\";a:0:{}s:19:\"\0*\0dispatchesEvents\";a:0:{}s:14:\"\0*\0observables\";a:0:{}s:12:\"\0*\0relations\";a:1:{s:5:\"pivot\";O:44:\"Illuminate\\Database\\Eloquent\\Relations\\Pivot\":34:{s:13:\"\0*\0connection\";s:5:\"mysql\";s:8:\"\0*\0table\";s:20:\"role_has_permissions\";s:13:\"\0*\0primaryKey\";s:2:\"id\";s:10:\"\0*\0keyType\";s:3:\"int\";s:12:\"incrementing\";b:0;s:7:\"\0*\0with\";a:0:{}s:12:\"\0*\0withCount\";a:0:{}s:19:\"preventsLazyLoading\";b:0;s:10:\"\0*\0perPage\";i:15;s:6:\"exists\";b:1;s:18:\"wasRecentlyCreated\";b:0;s:28:\"\0*\0escapeWhenCastingToString\";b:0;s:13:\"\0*\0attributes\";a:2:{s:7:\"role_id\";s:36:\"9e379d80-513c-4b03-943d-f3fcbd1fcc92\";s:13:\"permission_id\";s:36:\"9e379d7c-66e0-4b6a-ad56-4f7feb0258a9\";}s:11:\"\0*\0original\";a:2:{s:7:\"role_id\";s:36:\"9e379d80-513c-4b03-943d-f3fcbd1fcc92\";s:13:\"permission_id\";s:36:\"9e379d7c-66e0-4b6a-ad56-4f7feb0258a9\";}s:10:\"\0*\0changes\";a:0:{}s:8:\"\0*\0casts\";a:0:{}s:17:\"\0*\0classCastCache\";a:0:{}s:21:\"\0*\0attributeCastCache\";a:0:{}s:13:\"\0*\0dateFormat\";N;s:10:\"\0*\0appends\";a:0:{}s:19:\"\0*\0dispatchesEvents\";a:0:{}s:14:\"\0*\0observables\";a:0:{}s:12:\"\0*\0relations\";a:0:{}s:10:\"\0*\0touches\";a:0:{}s:10:\"timestamps\";b:0;s:13:\"usesUniqueIds\";b:0;s:9:\"\0*\0hidden\";a:0:{}s:10:\"\0*\0visible\";a:0:{}s:11:\"\0*\0fillable\";a:0:{}s:10:\"\0*\0guarded\";a:0:{}s:11:\"pivotParent\";r:194;s:12:\"pivotRelated\";r:380;s:13:\"\0*\0foreignKey\";s:7:\"role_id\";s:13:\"\0*\0relatedKey\";s:13:\"permission_id\";}}s:10:\"\0*\0touches\";a:0:{}s:10:\"timestamps\";b:1;s:13:\"usesUniqueIds\";b:1;s:9:\"\0*\0hidden\";a:0:{}s:10:\"\0*\0visible\";a:0:{}s:11:\"\0*\0fillable\";a:0:{}s:10:\"\0*\0guarded\";a:1:{i:0;s:4:\"uuid\";}}i:7;O:21:\"App\\Models\\Permission\":30:{s:13:\"\0*\0connection\";s:5:\"mysql\";s:8:\"\0*\0table\";s:11:\"permissions\";s:13:\"\0*\0primaryKey\";s:4:\"uuid\";s:10:\"\0*\0keyType\";s:3:\"int\";s:12:\"incrementing\";b:1;s:7:\"\0*\0with\";a:0:{}s:12:\"\0*\0withCount\";a:0:{}s:19:\"preventsLazyLoading\";b:0;s:10:\"\0*\0perPage\";i:15;s:6:\"exists\";b:1;s:18:\"wasRecentlyCreated\";b:0;s:28:\"\0*\0escapeWhenCastingToString\";b:0;s:13:\"\0*\0attributes\";a:5:{s:4:\"uuid\";s:36:\"9e379d7c-6ac6-4f74-974a-d661e0faeb5b\";s:4:\"name\";s:10:\"odp-delete\";s:10:\"guard_name\";s:3:\"web\";s:10:\"created_at\";s:19:\"2025-02-15 17:57:05\";s:10:\"updated_at\";s:19:\"2025-02-15 17:57:05\";}s:11:\"\0*\0original\";a:7:{s:4:\"uuid\";s:36:\"9e379d7c-6ac6-4f74-974a-d661e0faeb5b\";s:4:\"name\";s:10:\"odp-delete\";s:10:\"guard_name\";s:3:\"web\";s:10:\"created_at\";s:19:\"2025-02-15 17:57:05\";s:10:\"updated_at\";s:19:\"2025-02-15 17:57:05\";s:13:\"pivot_role_id\";s:36:\"9e379d80-513c-4b03-943d-f3fcbd1fcc92\";s:19:\"pivot_permission_id\";s:36:\"9e379d7c-6ac6-4f74-974a-d661e0faeb5b\";}s:10:\"\0*\0changes\";a:0:{}s:8:\"\0*\0casts\";a:0:{}s:17:\"\0*\0classCastCache\";a:0:{}s:21:\"\0*\0attributeCastCache\";a:0:{}s:13:\"\0*\0dateFormat\";N;s:10:\"\0*\0appends\";a:0:{}s:19:\"\0*\0dispatchesEvents\";a:0:{}s:14:\"\0*\0observables\";a:0:{}s:12:\"\0*\0relations\";a:1:{s:5:\"pivot\";O:44:\"Illuminate\\Database\\Eloquent\\Relations\\Pivot\":34:{s:13:\"\0*\0connection\";s:5:\"mysql\";s:8:\"\0*\0table\";s:20:\"role_has_permissions\";s:13:\"\0*\0primaryKey\";s:2:\"id\";s:10:\"\0*\0keyType\";s:3:\"int\";s:12:\"incrementing\";b:0;s:7:\"\0*\0with\";a:0:{}s:12:\"\0*\0withCount\";a:0:{}s:19:\"preventsLazyLoading\";b:0;s:10:\"\0*\0perPage\";i:15;s:6:\"exists\";b:1;s:18:\"wasRecentlyCreated\";b:0;s:28:\"\0*\0escapeWhenCastingToString\";b:0;s:13:\"\0*\0attributes\";a:2:{s:7:\"role_id\";s:36:\"9e379d80-513c-4b03-943d-f3fcbd1fcc92\";s:13:\"permission_id\";s:36:\"9e379d7c-6ac6-4f74-974a-d661e0faeb5b\";}s:11:\"\0*\0original\";a:2:{s:7:\"role_id\";s:36:\"9e379d80-513c-4b03-943d-f3fcbd1fcc92\";s:13:\"permission_id\";s:36:\"9e379d7c-6ac6-4f74-974a-d661e0faeb5b\";}s:10:\"\0*\0changes\";a:0:{}s:8:\"\0*\0casts\";a:0:{}s:17:\"\0*\0classCastCache\";a:0:{}s:21:\"\0*\0attributeCastCache\";a:0:{}s:13:\"\0*\0dateFormat\";N;s:10:\"\0*\0appends\";a:0:{}s:19:\"\0*\0dispatchesEvents\";a:0:{}s:14:\"\0*\0observables\";a:0:{}s:12:\"\0*\0relations\";a:0:{}s:10:\"\0*\0touches\";a:0:{}s:10:\"timestamps\";b:0;s:13:\"usesUniqueIds\";b:0;s:9:\"\0*\0hidden\";a:0:{}s:10:\"\0*\0visible\";a:0:{}s:11:\"\0*\0fillable\";a:0:{}s:10:\"\0*\0guarded\";a:0:{}s:11:\"pivotParent\";r:194;s:12:\"pivotRelated\";r:380;s:13:\"\0*\0foreignKey\";s:7:\"role_id\";s:13:\"\0*\0relatedKey\";s:13:\"permission_id\";}}s:10:\"\0*\0touches\";a:0:{}s:10:\"timestamps\";b:1;s:13:\"usesUniqueIds\";b:1;s:9:\"\0*\0hidden\";a:0:{}s:10:\"\0*\0visible\";a:0:{}s:11:\"\0*\0fillable\";a:0:{}s:10:\"\0*\0guarded\";a:1:{i:0;s:4:\"uuid\";}}i:8;O:21:\"App\\Models\\Permission\":30:{s:13:\"\0*\0connection\";s:5:\"mysql\";s:8:\"\0*\0table\";s:11:\"permissions\";s:13:\"\0*\0primaryKey\";s:4:\"uuid\";s:10:\"\0*\0keyType\";s:3:\"int\";s:12:\"incrementing\";b:1;s:7:\"\0*\0with\";a:0:{}s:12:\"\0*\0withCount\";a:0:{}s:19:\"preventsLazyLoading\";b:0;s:10:\"\0*\0perPage\";i:15;s:6:\"exists\";b:1;s:18:\"wasRecentlyCreated\";b:0;s:28:\"\0*\0escapeWhenCastingToString\";b:0;s:13:\"\0*\0attributes\";a:5:{s:4:\"uuid\";s:36:\"9e379d7c-6e23-4816-9a1b-77c2b42c0fd4\";s:4:\"name\";s:15:\"pelanggan-index\";s:10:\"guard_name\";s:3:\"web\";s:10:\"created_at\";s:19:\"2025-02-15 17:57:05\";s:10:\"updated_at\";s:19:\"2025-02-15 17:57:05\";}s:11:\"\0*\0original\";a:7:{s:4:\"uuid\";s:36:\"9e379d7c-6e23-4816-9a1b-77c2b42c0fd4\";s:4:\"name\";s:15:\"pelanggan-index\";s:10:\"guard_name\";s:3:\"web\";s:10:\"created_at\";s:19:\"2025-02-15 17:57:05\";s:10:\"updated_at\";s:19:\"2025-02-15 17:57:05\";s:13:\"pivot_role_id\";s:36:\"9e379d80-513c-4b03-943d-f3fcbd1fcc92\";s:19:\"pivot_permission_id\";s:36:\"9e379d7c-6e23-4816-9a1b-77c2b42c0fd4\";}s:10:\"\0*\0changes\";a:0:{}s:8:\"\0*\0casts\";a:0:{}s:17:\"\0*\0classCastCache\";a:0:{}s:21:\"\0*\0attributeCastCache\";a:0:{}s:13:\"\0*\0dateFormat\";N;s:10:\"\0*\0appends\";a:0:{}s:19:\"\0*\0dispatchesEvents\";a:0:{}s:14:\"\0*\0observables\";a:0:{}s:12:\"\0*\0relations\";a:1:{s:5:\"pivot\";O:44:\"Illuminate\\Database\\Eloquent\\Relations\\Pivot\":34:{s:13:\"\0*\0connection\";s:5:\"mysql\";s:8:\"\0*\0table\";s:20:\"role_has_permissions\";s:13:\"\0*\0primaryKey\";s:2:\"id\";s:10:\"\0*\0keyType\";s:3:\"int\";s:12:\"incrementing\";b:0;s:7:\"\0*\0with\";a:0:{}s:12:\"\0*\0withCount\";a:0:{}s:19:\"preventsLazyLoading\";b:0;s:10:\"\0*\0perPage\";i:15;s:6:\"exists\";b:1;s:18:\"wasRecentlyCreated\";b:0;s:28:\"\0*\0escapeWhenCastingToString\";b:0;s:13:\"\0*\0attributes\";a:2:{s:7:\"role_id\";s:36:\"9e379d80-513c-4b03-943d-f3fcbd1fcc92\";s:13:\"permission_id\";s:36:\"9e379d7c-6e23-4816-9a1b-77c2b42c0fd4\";}s:11:\"\0*\0original\";a:2:{s:7:\"role_id\";s:36:\"9e379d80-513c-4b03-943d-f3fcbd1fcc92\";s:13:\"permission_id\";s:36:\"9e379d7c-6e23-4816-9a1b-77c2b42c0fd4\";}s:10:\"\0*\0changes\";a:0:{}s:8:\"\0*\0casts\";a:0:{}s:17:\"\0*\0classCastCache\";a:0:{}s:21:\"\0*\0attributeCastCache\";a:0:{}s:13:\"\0*\0dateFormat\";N;s:10:\"\0*\0appends\";a:0:{}s:19:\"\0*\0dispatchesEvents\";a:0:{}s:14:\"\0*\0observables\";a:0:{}s:12:\"\0*\0relations\";a:0:{}s:10:\"\0*\0touches\";a:0:{}s:10:\"timestamps\";b:0;s:13:\"usesUniqueIds\";b:0;s:9:\"\0*\0hidden\";a:0:{}s:10:\"\0*\0visible\";a:0:{}s:11:\"\0*\0fillable\";a:0:{}s:10:\"\0*\0guarded\";a:0:{}s:11:\"pivotParent\";r:194;s:12:\"pivotRelated\";r:380;s:13:\"\0*\0foreignKey\";s:7:\"role_id\";s:13:\"\0*\0relatedKey\";s:13:\"permission_id\";}}s:10:\"\0*\0touches\";a:0:{}s:10:\"timestamps\";b:1;s:13:\"usesUniqueIds\";b:1;s:9:\"\0*\0hidden\";a:0:{}s:10:\"\0*\0visible\";a:0:{}s:11:\"\0*\0fillable\";a:0:{}s:10:\"\0*\0guarded\";a:1:{i:0;s:4:\"uuid\";}}i:9;O:21:\"App\\Models\\Permission\":30:{s:13:\"\0*\0connection\";s:5:\"mysql\";s:8:\"\0*\0table\";s:11:\"permissions\";s:13:\"\0*\0primaryKey\";s:4:\"uuid\";s:10:\"\0*\0keyType\";s:3:\"int\";s:12:\"incrementing\";b:1;s:7:\"\0*\0with\";a:0:{}s:12:\"\0*\0withCount\";a:0:{}s:19:\"preventsLazyLoading\";b:0;s:10:\"\0*\0perPage\";i:15;s:6:\"exists\";b:1;s:18:\"wasRecentlyCreated\";b:0;s:28:\"\0*\0escapeWhenCastingToString\";b:0;s:13:\"\0*\0attributes\";a:5:{s:4:\"uuid\";s:36:\"9e379d7c-7253-4c1d-a0f6-5a491d68cc1b\";s:4:\"name\";s:16:\"pelanggan-create\";s:10:\"guard_name\";s:3:\"web\";s:10:\"created_at\";s:19:\"2025-02-15 17:57:05\";s:10:\"updated_at\";s:19:\"2025-02-15 17:57:05\";}s:11:\"\0*\0original\";a:7:{s:4:\"uuid\";s:36:\"9e379d7c-7253-4c1d-a0f6-5a491d68cc1b\";s:4:\"name\";s:16:\"pelanggan-create\";s:10:\"guard_name\";s:3:\"web\";s:10:\"created_at\";s:19:\"2025-02-15 17:57:05\";s:10:\"updated_at\";s:19:\"2025-02-15 17:57:05\";s:13:\"pivot_role_id\";s:36:\"9e379d80-513c-4b03-943d-f3fcbd1fcc92\";s:19:\"pivot_permission_id\";s:36:\"9e379d7c-7253-4c1d-a0f6-5a491d68cc1b\";}s:10:\"\0*\0changes\";a:0:{}s:8:\"\0*\0casts\";a:0:{}s:17:\"\0*\0classCastCache\";a:0:{}s:21:\"\0*\0attributeCastCache\";a:0:{}s:13:\"\0*\0dateFormat\";N;s:10:\"\0*\0appends\";a:0:{}s:19:\"\0*\0dispatchesEvents\";a:0:{}s:14:\"\0*\0observables\";a:0:{}s:12:\"\0*\0relations\";a:1:{s:5:\"pivot\";O:44:\"Illuminate\\Database\\Eloquent\\Relations\\Pivot\":34:{s:13:\"\0*\0connection\";s:5:\"mysql\";s:8:\"\0*\0table\";s:20:\"role_has_permissions\";s:13:\"\0*\0primaryKey\";s:2:\"id\";s:10:\"\0*\0keyType\";s:3:\"int\";s:12:\"incrementing\";b:0;s:7:\"\0*\0with\";a:0:{}s:12:\"\0*\0withCount\";a:0:{}s:19:\"preventsLazyLoading\";b:0;s:10:\"\0*\0perPage\";i:15;s:6:\"exists\";b:1;s:18:\"wasRecentlyCreated\";b:0;s:28:\"\0*\0escapeWhenCastingToString\";b:0;s:13:\"\0*\0attributes\";a:2:{s:7:\"role_id\";s:36:\"9e379d80-513c-4b03-943d-f3fcbd1fcc92\";s:13:\"permission_id\";s:36:\"9e379d7c-7253-4c1d-a0f6-5a491d68cc1b\";}s:11:\"\0*\0original\";a:2:{s:7:\"role_id\";s:36:\"9e379d80-513c-4b03-943d-f3fcbd1fcc92\";s:13:\"permission_id\";s:36:\"9e379d7c-7253-4c1d-a0f6-5a491d68cc1b\";}s:10:\"\0*\0changes\";a:0:{}s:8:\"\0*\0casts\";a:0:{}s:17:\"\0*\0classCastCache\";a:0:{}s:21:\"\0*\0attributeCastCache\";a:0:{}s:13:\"\0*\0dateFormat\";N;s:10:\"\0*\0appends\";a:0:{}s:19:\"\0*\0dispatchesEvents\";a:0:{}s:14:\"\0*\0observables\";a:0:{}s:12:\"\0*\0relations\";a:0:{}s:10:\"\0*\0touches\";a:0:{}s:10:\"timestamps\";b:0;s:13:\"usesUniqueIds\";b:0;s:9:\"\0*\0hidden\";a:0:{}s:10:\"\0*\0visible\";a:0:{}s:11:\"\0*\0fillable\";a:0:{}s:10:\"\0*\0guarded\";a:0:{}s:11:\"pivotParent\";r:194;s:12:\"pivotRelated\";r:380;s:13:\"\0*\0foreignKey\";s:7:\"role_id\";s:13:\"\0*\0relatedKey\";s:13:\"permission_id\";}}s:10:\"\0*\0touches\";a:0:{}s:10:\"timestamps\";b:1;s:13:\"usesUniqueIds\";b:1;s:9:\"\0*\0hidden\";a:0:{}s:10:\"\0*\0visible\";a:0:{}s:11:\"\0*\0fillable\";a:0:{}s:10:\"\0*\0guarded\";a:1:{i:0;s:4:\"uuid\";}}i:10;O:21:\"App\\Models\\Permission\":30:{s:13:\"\0*\0connection\";s:5:\"mysql\";s:8:\"\0*\0table\";s:11:\"permissions\";s:13:\"\0*\0primaryKey\";s:4:\"uuid\";s:10:\"\0*\0keyType\";s:3:\"int\";s:12:\"incrementing\";b:1;s:7:\"\0*\0with\";a:0:{}s:12:\"\0*\0withCount\";a:0:{}s:19:\"preventsLazyLoading\";b:0;s:10:\"\0*\0perPage\";i:15;s:6:\"exists\";b:1;s:18:\"wasRecentlyCreated\";b:0;s:28:\"\0*\0escapeWhenCastingToString\";b:0;s:13:\"\0*\0attributes\";a:5:{s:4:\"uuid\";s:36:\"9e379d7c-7686-414a-88ba-509da48dda64\";s:4:\"name\";s:16:\"pelanggan-update\";s:10:\"guard_name\";s:3:\"web\";s:10:\"created_at\";s:19:\"2025-02-15 17:57:05\";s:10:\"updated_at\";s:19:\"2025-02-15 17:57:05\";}s:11:\"\0*\0original\";a:7:{s:4:\"uuid\";s:36:\"9e379d7c-7686-414a-88ba-509da48dda64\";s:4:\"name\";s:16:\"pelanggan-update\";s:10:\"guard_name\";s:3:\"web\";s:10:\"created_at\";s:19:\"2025-02-15 17:57:05\";s:10:\"updated_at\";s:19:\"2025-02-15 17:57:05\";s:13:\"pivot_role_id\";s:36:\"9e379d80-513c-4b03-943d-f3fcbd1fcc92\";s:19:\"pivot_permission_id\";s:36:\"9e379d7c-7686-414a-88ba-509da48dda64\";}s:10:\"\0*\0changes\";a:0:{}s:8:\"\0*\0casts\";a:0:{}s:17:\"\0*\0classCastCache\";a:0:{}s:21:\"\0*\0attributeCastCache\";a:0:{}s:13:\"\0*\0dateFormat\";N;s:10:\"\0*\0appends\";a:0:{}s:19:\"\0*\0dispatchesEvents\";a:0:{}s:14:\"\0*\0observables\";a:0:{}s:12:\"\0*\0relations\";a:1:{s:5:\"pivot\";O:44:\"Illuminate\\Database\\Eloquent\\Relations\\Pivot\":34:{s:13:\"\0*\0connection\";s:5:\"mysql\";s:8:\"\0*\0table\";s:20:\"role_has_permissions\";s:13:\"\0*\0primaryKey\";s:2:\"id\";s:10:\"\0*\0keyType\";s:3:\"int\";s:12:\"incrementing\";b:0;s:7:\"\0*\0with\";a:0:{}s:12:\"\0*\0withCount\";a:0:{}s:19:\"preventsLazyLoading\";b:0;s:10:\"\0*\0perPage\";i:15;s:6:\"exists\";b:1;s:18:\"wasRecentlyCreated\";b:0;s:28:\"\0*\0escapeWhenCastingToString\";b:0;s:13:\"\0*\0attributes\";a:2:{s:7:\"role_id\";s:36:\"9e379d80-513c-4b03-943d-f3fcbd1fcc92\";s:13:\"permission_id\";s:36:\"9e379d7c-7686-414a-88ba-509da48dda64\";}s:11:\"\0*\0original\";a:2:{s:7:\"role_id\";s:36:\"9e379d80-513c-4b03-943d-f3fcbd1fcc92\";s:13:\"permission_id\";s:36:\"9e379d7c-7686-414a-88ba-509da48dda64\";}s:10:\"\0*\0changes\";a:0:{}s:8:\"\0*\0casts\";a:0:{}s:17:\"\0*\0classCastCache\";a:0:{}s:21:\"\0*\0attributeCastCache\";a:0:{}s:13:\"\0*\0dateFormat\";N;s:10:\"\0*\0appends\";a:0:{}s:19:\"\0*\0dispatchesEvents\";a:0:{}s:14:\"\0*\0observables\";a:0:{}s:12:\"\0*\0relations\";a:0:{}s:10:\"\0*\0touches\";a:0:{}s:10:\"timestamps\";b:0;s:13:\"usesUniqueIds\";b:0;s:9:\"\0*\0hidden\";a:0:{}s:10:\"\0*\0visible\";a:0:{}s:11:\"\0*\0fillable\";a:0:{}s:10:\"\0*\0guarded\";a:0:{}s:11:\"pivotParent\";r:194;s:12:\"pivotRelated\";r:380;s:13:\"\0*\0foreignKey\";s:7:\"role_id\";s:13:\"\0*\0relatedKey\";s:13:\"permission_id\";}}s:10:\"\0*\0touches\";a:0:{}s:10:\"timestamps\";b:1;s:13:\"usesUniqueIds\";b:1;s:9:\"\0*\0hidden\";a:0:{}s:10:\"\0*\0visible\";a:0:{}s:11:\"\0*\0fillable\";a:0:{}s:10:\"\0*\0guarded\";a:1:{i:0;s:4:\"uuid\";}}i:11;O:21:\"App\\Models\\Permission\":30:{s:13:\"\0*\0connection\";s:5:\"mysql\";s:8:\"\0*\0table\";s:11:\"permissions\";s:13:\"\0*\0primaryKey\";s:4:\"uuid\";s:10:\"\0*\0keyType\";s:3:\"int\";s:12:\"incrementing\";b:1;s:7:\"\0*\0with\";a:0:{}s:12:\"\0*\0withCount\";a:0:{}s:19:\"preventsLazyLoading\";b:0;s:10:\"\0*\0perPage\";i:15;s:6:\"exists\";b:1;s:18:\"wasRecentlyCreated\";b:0;s:28:\"\0*\0escapeWhenCastingToString\";b:0;s:13:\"\0*\0attributes\";a:5:{s:4:\"uuid\";s:36:\"9e379d7c-7a84-4973-87ee-bc91a56f7adf\";s:4:\"name\";s:16:\"pelanggan-delete\";s:10:\"guard_name\";s:3:\"web\";s:10:\"created_at\";s:19:\"2025-02-15 17:57:05\";s:10:\"updated_at\";s:19:\"2025-02-15 17:57:05\";}s:11:\"\0*\0original\";a:7:{s:4:\"uuid\";s:36:\"9e379d7c-7a84-4973-87ee-bc91a56f7adf\";s:4:\"name\";s:16:\"pelanggan-delete\";s:10:\"guard_name\";s:3:\"web\";s:10:\"created_at\";s:19:\"2025-02-15 17:57:05\";s:10:\"updated_at\";s:19:\"2025-02-15 17:57:05\";s:13:\"pivot_role_id\";s:36:\"9e379d80-513c-4b03-943d-f3fcbd1fcc92\";s:19:\"pivot_permission_id\";s:36:\"9e379d7c-7a84-4973-87ee-bc91a56f7adf\";}s:10:\"\0*\0changes\";a:0:{}s:8:\"\0*\0casts\";a:0:{}s:17:\"\0*\0classCastCache\";a:0:{}s:21:\"\0*\0attributeCastCache\";a:0:{}s:13:\"\0*\0dateFormat\";N;s:10:\"\0*\0appends\";a:0:{}s:19:\"\0*\0dispatchesEvents\";a:0:{}s:14:\"\0*\0observables\";a:0:{}s:12:\"\0*\0relations\";a:1:{s:5:\"pivot\";O:44:\"Illuminate\\Database\\Eloquent\\Relations\\Pivot\":34:{s:13:\"\0*\0connection\";s:5:\"mysql\";s:8:\"\0*\0table\";s:20:\"role_has_permissions\";s:13:\"\0*\0primaryKey\";s:2:\"id\";s:10:\"\0*\0keyType\";s:3:\"int\";s:12:\"incrementing\";b:0;s:7:\"\0*\0with\";a:0:{}s:12:\"\0*\0withCount\";a:0:{}s:19:\"preventsLazyLoading\";b:0;s:10:\"\0*\0perPage\";i:15;s:6:\"exists\";b:1;s:18:\"wasRecentlyCreated\";b:0;s:28:\"\0*\0escapeWhenCastingToString\";b:0;s:13:\"\0*\0attributes\";a:2:{s:7:\"role_id\";s:36:\"9e379d80-513c-4b03-943d-f3fcbd1fcc92\";s:13:\"permission_id\";s:36:\"9e379d7c-7a84-4973-87ee-bc91a56f7adf\";}s:11:\"\0*\0original\";a:2:{s:7:\"role_id\";s:36:\"9e379d80-513c-4b03-943d-f3fcbd1fcc92\";s:13:\"permission_id\";s:36:\"9e379d7c-7a84-4973-87ee-bc91a56f7adf\";}s:10:\"\0*\0changes\";a:0:{}s:8:\"\0*\0casts\";a:0:{}s:17:\"\0*\0classCastCache\";a:0:{}s:21:\"\0*\0attributeCastCache\";a:0:{}s:13:\"\0*\0dateFormat\";N;s:10:\"\0*\0appends\";a:0:{}s:19:\"\0*\0dispatchesEvents\";a:0:{}s:14:\"\0*\0observables\";a:0:{}s:12:\"\0*\0relations\";a:0:{}s:10:\"\0*\0touches\";a:0:{}s:10:\"timestamps\";b:0;s:13:\"usesUniqueIds\";b:0;s:9:\"\0*\0hidden\";a:0:{}s:10:\"\0*\0visible\";a:0:{}s:11:\"\0*\0fillable\";a:0:{}s:10:\"\0*\0guarded\";a:0:{}s:11:\"pivotParent\";r:194;s:12:\"pivotRelated\";r:380;s:13:\"\0*\0foreignKey\";s:7:\"role_id\";s:13:\"\0*\0relatedKey\";s:13:\"permission_id\";}}s:10:\"\0*\0touches\";a:0:{}s:10:\"timestamps\";b:1;s:13:\"usesUniqueIds\";b:1;s:9:\"\0*\0hidden\";a:0:{}s:10:\"\0*\0visible\";a:0:{}s:11:\"\0*\0fillable\";a:0:{}s:10:\"\0*\0guarded\";a:1:{i:0;s:4:\"uuid\";}}i:12;O:21:\"App\\Models\\Permission\":30:{s:13:\"\0*\0connection\";s:5:\"mysql\";s:8:\"\0*\0table\";s:11:\"permissions\";s:13:\"\0*\0primaryKey\";s:4:\"uuid\";s:10:\"\0*\0keyType\";s:3:\"int\";s:12:\"incrementing\";b:1;s:7:\"\0*\0with\";a:0:{}s:12:\"\0*\0withCount\";a:0:{}s:19:\"preventsLazyLoading\";b:0;s:10:\"\0*\0perPage\";i:15;s:6:\"exists\";b:1;s:18:\"wasRecentlyCreated\";b:0;s:28:\"\0*\0escapeWhenCastingToString\";b:0;s:13:\"\0*\0attributes\";a:5:{s:4:\"uuid\";s:36:\"9e379d7c-9004-4885-9f69-79ec94e495cb\";s:4:\"name\";s:13:\"pegawai-index\";s:10:\"guard_name\";s:3:\"web\";s:10:\"created_at\";s:19:\"2025-02-15 17:57:05\";s:10:\"updated_at\";s:19:\"2025-02-15 17:57:05\";}s:11:\"\0*\0original\";a:7:{s:4:\"uuid\";s:36:\"9e379d7c-9004-4885-9f69-79ec94e495cb\";s:4:\"name\";s:13:\"pegawai-index\";s:10:\"guard_name\";s:3:\"web\";s:10:\"created_at\";s:19:\"2025-02-15 17:57:05\";s:10:\"updated_at\";s:19:\"2025-02-15 17:57:05\";s:13:\"pivot_role_id\";s:36:\"9e379d80-513c-4b03-943d-f3fcbd1fcc92\";s:19:\"pivot_permission_id\";s:36:\"9e379d7c-9004-4885-9f69-79ec94e495cb\";}s:10:\"\0*\0changes\";a:0:{}s:8:\"\0*\0casts\";a:0:{}s:17:\"\0*\0classCastCache\";a:0:{}s:21:\"\0*\0attributeCastCache\";a:0:{}s:13:\"\0*\0dateFormat\";N;s:10:\"\0*\0appends\";a:0:{}s:19:\"\0*\0dispatchesEvents\";a:0:{}s:14:\"\0*\0observables\";a:0:{}s:12:\"\0*\0relations\";a:1:{s:5:\"pivot\";O:44:\"Illuminate\\Database\\Eloquent\\Relations\\Pivot\":34:{s:13:\"\0*\0connection\";s:5:\"mysql\";s:8:\"\0*\0table\";s:20:\"role_has_permissions\";s:13:\"\0*\0primaryKey\";s:2:\"id\";s:10:\"\0*\0keyType\";s:3:\"int\";s:12:\"incrementing\";b:0;s:7:\"\0*\0with\";a:0:{}s:12:\"\0*\0withCount\";a:0:{}s:19:\"preventsLazyLoading\";b:0;s:10:\"\0*\0perPage\";i:15;s:6:\"exists\";b:1;s:18:\"wasRecentlyCreated\";b:0;s:28:\"\0*\0escapeWhenCastingToString\";b:0;s:13:\"\0*\0attributes\";a:2:{s:7:\"role_id\";s:36:\"9e379d80-513c-4b03-943d-f3fcbd1fcc92\";s:13:\"permission_id\";s:36:\"9e379d7c-9004-4885-9f69-79ec94e495cb\";}s:11:\"\0*\0original\";a:2:{s:7:\"role_id\";s:36:\"9e379d80-513c-4b03-943d-f3fcbd1fcc92\";s:13:\"permission_id\";s:36:\"9e379d7c-9004-4885-9f69-79ec94e495cb\";}s:10:\"\0*\0changes\";a:0:{}s:8:\"\0*\0casts\";a:0:{}s:17:\"\0*\0classCastCache\";a:0:{}s:21:\"\0*\0attributeCastCache\";a:0:{}s:13:\"\0*\0dateFormat\";N;s:10:\"\0*\0appends\";a:0:{}s:19:\"\0*\0dispatchesEvents\";a:0:{}s:14:\"\0*\0observables\";a:0:{}s:12:\"\0*\0relations\";a:0:{}s:10:\"\0*\0touches\";a:0:{}s:10:\"timestamps\";b:0;s:13:\"usesUniqueIds\";b:0;s:9:\"\0*\0hidden\";a:0:{}s:10:\"\0*\0visible\";a:0:{}s:11:\"\0*\0fillable\";a:0:{}s:10:\"\0*\0guarded\";a:0:{}s:11:\"pivotParent\";r:194;s:12:\"pivotRelated\";r:380;s:13:\"\0*\0foreignKey\";s:7:\"role_id\";s:13:\"\0*\0relatedKey\";s:13:\"permission_id\";}}s:10:\"\0*\0touches\";a:0:{}s:10:\"timestamps\";b:1;s:13:\"usesUniqueIds\";b:1;s:9:\"\0*\0hidden\";a:0:{}s:10:\"\0*\0visible\";a:0:{}s:11:\"\0*\0fillable\";a:0:{}s:10:\"\0*\0guarded\";a:1:{i:0;s:4:\"uuid\";}}i:13;O:21:\"App\\Models\\Permission\":30:{s:13:\"\0*\0connection\";s:5:\"mysql\";s:8:\"\0*\0table\";s:11:\"permissions\";s:13:\"\0*\0primaryKey\";s:4:\"uuid\";s:10:\"\0*\0keyType\";s:3:\"int\";s:12:\"incrementing\";b:1;s:7:\"\0*\0with\";a:0:{}s:12:\"\0*\0withCount\";a:0:{}s:19:\"preventsLazyLoading\";b:0;s:10:\"\0*\0perPage\";i:15;s:6:\"exists\";b:1;s:18:\"wasRecentlyCreated\";b:0;s:28:\"\0*\0escapeWhenCastingToString\";b:0;s:13:\"\0*\0attributes\";a:5:{s:4:\"uuid\";s:36:\"9e379d7c-941b-4fa3-8cee-59ed631c7977\";s:4:\"name\";s:14:\"pegawai-create\";s:10:\"guard_name\";s:3:\"web\";s:10:\"created_at\";s:19:\"2025-02-15 17:57:05\";s:10:\"updated_at\";s:19:\"2025-02-15 17:57:05\";}s:11:\"\0*\0original\";a:7:{s:4:\"uuid\";s:36:\"9e379d7c-941b-4fa3-8cee-59ed631c7977\";s:4:\"name\";s:14:\"pegawai-create\";s:10:\"guard_name\";s:3:\"web\";s:10:\"created_at\";s:19:\"2025-02-15 17:57:05\";s:10:\"updated_at\";s:19:\"2025-02-15 17:57:05\";s:13:\"pivot_role_id\";s:36:\"9e379d80-513c-4b03-943d-f3fcbd1fcc92\";s:19:\"pivot_permission_id\";s:36:\"9e379d7c-941b-4fa3-8cee-59ed631c7977\";}s:10:\"\0*\0changes\";a:0:{}s:8:\"\0*\0casts\";a:0:{}s:17:\"\0*\0classCastCache\";a:0:{}s:21:\"\0*\0attributeCastCache\";a:0:{}s:13:\"\0*\0dateFormat\";N;s:10:\"\0*\0appends\";a:0:{}s:19:\"\0*\0dispatchesEvents\";a:0:{}s:14:\"\0*\0observables\";a:0:{}s:12:\"\0*\0relations\";a:1:{s:5:\"pivot\";O:44:\"Illuminate\\Database\\Eloquent\\Relations\\Pivot\":34:{s:13:\"\0*\0connection\";s:5:\"mysql\";s:8:\"\0*\0table\";s:20:\"role_has_permissions\";s:13:\"\0*\0primaryKey\";s:2:\"id\";s:10:\"\0*\0keyType\";s:3:\"int\";s:12:\"incrementing\";b:0;s:7:\"\0*\0with\";a:0:{}s:12:\"\0*\0withCount\";a:0:{}s:19:\"preventsLazyLoading\";b:0;s:10:\"\0*\0perPage\";i:15;s:6:\"exists\";b:1;s:18:\"wasRecentlyCreated\";b:0;s:28:\"\0*\0escapeWhenCastingToString\";b:0;s:13:\"\0*\0attributes\";a:2:{s:7:\"role_id\";s:36:\"9e379d80-513c-4b03-943d-f3fcbd1fcc92\";s:13:\"permission_id\";s:36:\"9e379d7c-941b-4fa3-8cee-59ed631c7977\";}s:11:\"\0*\0original\";a:2:{s:7:\"role_id\";s:36:\"9e379d80-513c-4b03-943d-f3fcbd1fcc92\";s:13:\"permission_id\";s:36:\"9e379d7c-941b-4fa3-8cee-59ed631c7977\";}s:10:\"\0*\0changes\";a:0:{}s:8:\"\0*\0casts\";a:0:{}s:17:\"\0*\0classCastCache\";a:0:{}s:21:\"\0*\0attributeCastCache\";a:0:{}s:13:\"\0*\0dateFormat\";N;s:10:\"\0*\0appends\";a:0:{}s:19:\"\0*\0dispatchesEvents\";a:0:{}s:14:\"\0*\0observables\";a:0:{}s:12:\"\0*\0relations\";a:0:{}s:10:\"\0*\0touches\";a:0:{}s:10:\"timestamps\";b:0;s:13:\"usesUniqueIds\";b:0;s:9:\"\0*\0hidden\";a:0:{}s:10:\"\0*\0visible\";a:0:{}s:11:\"\0*\0fillable\";a:0:{}s:10:\"\0*\0guarded\";a:0:{}s:11:\"pivotParent\";r:194;s:12:\"pivotRelated\";r:380;s:13:\"\0*\0foreignKey\";s:7:\"role_id\";s:13:\"\0*\0relatedKey\";s:13:\"permission_id\";}}s:10:\"\0*\0touches\";a:0:{}s:10:\"timestamps\";b:1;s:13:\"usesUniqueIds\";b:1;s:9:\"\0*\0hidden\";a:0:{}s:10:\"\0*\0visible\";a:0:{}s:11:\"\0*\0fillable\";a:0:{}s:10:\"\0*\0guarded\";a:1:{i:0;s:4:\"uuid\";}}i:14;O:21:\"App\\Models\\Permission\":30:{s:13:\"\0*\0connection\";s:5:\"mysql\";s:8:\"\0*\0table\";s:11:\"permissions\";s:13:\"\0*\0primaryKey\";s:4:\"uuid\";s:10:\"\0*\0keyType\";s:3:\"int\";s:12:\"incrementing\";b:1;s:7:\"\0*\0with\";a:0:{}s:12:\"\0*\0withCount\";a:0:{}s:19:\"preventsLazyLoading\";b:0;s:10:\"\0*\0perPage\";i:15;s:6:\"exists\";b:1;s:18:\"wasRecentlyCreated\";b:0;s:28:\"\0*\0escapeWhenCastingToString\";b:0;s:13:\"\0*\0attributes\";a:5:{s:4:\"uuid\";s:36:\"9e379d7c-988c-4cda-8e7a-bc034d170339\";s:4:\"name\";s:14:\"pegawai-update\";s:10:\"guard_name\";s:3:\"web\";s:10:\"created_at\";s:19:\"2025-02-15 17:57:05\";s:10:\"updated_at\";s:19:\"2025-02-15 17:57:05\";}s:11:\"\0*\0original\";a:7:{s:4:\"uuid\";s:36:\"9e379d7c-988c-4cda-8e7a-bc034d170339\";s:4:\"name\";s:14:\"pegawai-update\";s:10:\"guard_name\";s:3:\"web\";s:10:\"created_at\";s:19:\"2025-02-15 17:57:05\";s:10:\"updated_at\";s:19:\"2025-02-15 17:57:05\";s:13:\"pivot_role_id\";s:36:\"9e379d80-513c-4b03-943d-f3fcbd1fcc92\";s:19:\"pivot_permission_id\";s:36:\"9e379d7c-988c-4cda-8e7a-bc034d170339\";}s:10:\"\0*\0changes\";a:0:{}s:8:\"\0*\0casts\";a:0:{}s:17:\"\0*\0classCastCache\";a:0:{}s:21:\"\0*\0attributeCastCache\";a:0:{}s:13:\"\0*\0dateFormat\";N;s:10:\"\0*\0appends\";a:0:{}s:19:\"\0*\0dispatchesEvents\";a:0:{}s:14:\"\0*\0observables\";a:0:{}s:12:\"\0*\0relations\";a:1:{s:5:\"pivot\";O:44:\"Illuminate\\Database\\Eloquent\\Relations\\Pivot\":34:{s:13:\"\0*\0connection\";s:5:\"mysql\";s:8:\"\0*\0table\";s:20:\"role_has_permissions\";s:13:\"\0*\0primaryKey\";s:2:\"id\";s:10:\"\0*\0keyType\";s:3:\"int\";s:12:\"incrementing\";b:0;s:7:\"\0*\0with\";a:0:{}s:12:\"\0*\0withCount\";a:0:{}s:19:\"preventsLazyLoading\";b:0;s:10:\"\0*\0perPage\";i:15;s:6:\"exists\";b:1;s:18:\"wasRecentlyCreated\";b:0;s:28:\"\0*\0escapeWhenCastingToString\";b:0;s:13:\"\0*\0attributes\";a:2:{s:7:\"role_id\";s:36:\"9e379d80-513c-4b03-943d-f3fcbd1fcc92\";s:13:\"permission_id\";s:36:\"9e379d7c-988c-4cda-8e7a-bc034d170339\";}s:11:\"\0*\0original\";a:2:{s:7:\"role_id\";s:36:\"9e379d80-513c-4b03-943d-f3fcbd1fcc92\";s:13:\"permission_id\";s:36:\"9e379d7c-988c-4cda-8e7a-bc034d170339\";}s:10:\"\0*\0changes\";a:0:{}s:8:\"\0*\0casts\";a:0:{}s:17:\"\0*\0classCastCache\";a:0:{}s:21:\"\0*\0attributeCastCache\";a:0:{}s:13:\"\0*\0dateFormat\";N;s:10:\"\0*\0appends\";a:0:{}s:19:\"\0*\0dispatchesEvents\";a:0:{}s:14:\"\0*\0observables\";a:0:{}s:12:\"\0*\0relations\";a:0:{}s:10:\"\0*\0touches\";a:0:{}s:10:\"timestamps\";b:0;s:13:\"usesUniqueIds\";b:0;s:9:\"\0*\0hidden\";a:0:{}s:10:\"\0*\0visible\";a:0:{}s:11:\"\0*\0fillable\";a:0:{}s:10:\"\0*\0guarded\";a:0:{}s:11:\"pivotParent\";r:194;s:12:\"pivotRelated\";r:380;s:13:\"\0*\0foreignKey\";s:7:\"role_id\";s:13:\"\0*\0relatedKey\";s:13:\"permission_id\";}}s:10:\"\0*\0touches\";a:0:{}s:10:\"timestamps\";b:1;s:13:\"usesUniqueIds\";b:1;s:9:\"\0*\0hidden\";a:0:{}s:10:\"\0*\0visible\";a:0:{}s:11:\"\0*\0fillable\";a:0:{}s:10:\"\0*\0guarded\";a:1:{i:0;s:4:\"uuid\";}}i:15;O:21:\"App\\Models\\Permission\":30:{s:13:\"\0*\0connection\";s:5:\"mysql\";s:8:\"\0*\0table\";s:11:\"permissions\";s:13:\"\0*\0primaryKey\";s:4:\"uuid\";s:10:\"\0*\0keyType\";s:3:\"int\";s:12:\"incrementing\";b:1;s:7:\"\0*\0with\";a:0:{}s:12:\"\0*\0withCount\";a:0:{}s:19:\"preventsLazyLoading\";b:0;s:10:\"\0*\0perPage\";i:15;s:6:\"exists\";b:1;s:18:\"wasRecentlyCreated\";b:0;s:28:\"\0*\0escapeWhenCastingToString\";b:0;s:13:\"\0*\0attributes\";a:5:{s:4:\"uuid\";s:36:\"9e379d7c-9c61-46d7-be6c-730179613bd0\";s:4:\"name\";s:14:\"pegawai-delete\";s:10:\"guard_name\";s:3:\"web\";s:10:\"created_at\";s:19:\"2025-02-15 17:57:05\";s:10:\"updated_at\";s:19:\"2025-02-15 17:57:05\";}s:11:\"\0*\0original\";a:7:{s:4:\"uuid\";s:36:\"9e379d7c-9c61-46d7-be6c-730179613bd0\";s:4:\"name\";s:14:\"pegawai-delete\";s:10:\"guard_name\";s:3:\"web\";s:10:\"created_at\";s:19:\"2025-02-15 17:57:05\";s:10:\"updated_at\";s:19:\"2025-02-15 17:57:05\";s:13:\"pivot_role_id\";s:36:\"9e379d80-513c-4b03-943d-f3fcbd1fcc92\";s:19:\"pivot_permission_id\";s:36:\"9e379d7c-9c61-46d7-be6c-730179613bd0\";}s:10:\"\0*\0changes\";a:0:{}s:8:\"\0*\0casts\";a:0:{}s:17:\"\0*\0classCastCache\";a:0:{}s:21:\"\0*\0attributeCastCache\";a:0:{}s:13:\"\0*\0dateFormat\";N;s:10:\"\0*\0appends\";a:0:{}s:19:\"\0*\0dispatchesEvents\";a:0:{}s:14:\"\0*\0observables\";a:0:{}s:12:\"\0*\0relations\";a:1:{s:5:\"pivot\";O:44:\"Illuminate\\Database\\Eloquent\\Relations\\Pivot\":34:{s:13:\"\0*\0connection\";s:5:\"mysql\";s:8:\"\0*\0table\";s:20:\"role_has_permissions\";s:13:\"\0*\0primaryKey\";s:2:\"id\";s:10:\"\0*\0keyType\";s:3:\"int\";s:12:\"incrementing\";b:0;s:7:\"\0*\0with\";a:0:{}s:12:\"\0*\0withCount\";a:0:{}s:19:\"preventsLazyLoading\";b:0;s:10:\"\0*\0perPage\";i:15;s:6:\"exists\";b:1;s:18:\"wasRecentlyCreated\";b:0;s:28:\"\0*\0escapeWhenCastingToString\";b:0;s:13:\"\0*\0attributes\";a:2:{s:7:\"role_id\";s:36:\"9e379d80-513c-4b03-943d-f3fcbd1fcc92\";s:13:\"permission_id\";s:36:\"9e379d7c-9c61-46d7-be6c-730179613bd0\";}s:11:\"\0*\0original\";a:2:{s:7:\"role_id\";s:36:\"9e379d80-513c-4b03-943d-f3fcbd1fcc92\";s:13:\"permission_id\";s:36:\"9e379d7c-9c61-46d7-be6c-730179613bd0\";}s:10:\"\0*\0changes\";a:0:{}s:8:\"\0*\0casts\";a:0:{}s:17:\"\0*\0classCastCache\";a:0:{}s:21:\"\0*\0attributeCastCache\";a:0:{}s:13:\"\0*\0dateFormat\";N;s:10:\"\0*\0appends\";a:0:{}s:19:\"\0*\0dispatchesEvents\";a:0:{}s:14:\"\0*\0observables\";a:0:{}s:12:\"\0*\0relations\";a:0:{}s:10:\"\0*\0touches\";a:0:{}s:10:\"timestamps\";b:0;s:13:\"usesUniqueIds\";b:0;s:9:\"\0*\0hidden\";a:0:{}s:10:\"\0*\0visible\";a:0:{}s:11:\"\0*\0fillable\";a:0:{}s:10:\"\0*\0guarded\";a:0:{}s:11:\"pivotParent\";r:194;s:12:\"pivotRelated\";r:380;s:13:\"\0*\0foreignKey\";s:7:\"role_id\";s:13:\"\0*\0relatedKey\";s:13:\"permission_id\";}}s:10:\"\0*\0touches\";a:0:{}s:10:\"timestamps\";b:1;s:13:\"usesUniqueIds\";b:1;s:9:\"\0*\0hidden\";a:0:{}s:10:\"\0*\0visible\";a:0:{}s:11:\"\0*\0fillable\";a:0:{}s:10:\"\0*\0guarded\";a:1:{i:0;s:4:\"uuid\";}}i:16;O:21:\"App\\Models\\Permission\":30:{s:13:\"\0*\0connection\";s:5:\"mysql\";s:8:\"\0*\0table\";s:11:\"permissions\";s:13:\"\0*\0primaryKey\";s:4:\"uuid\";s:10:\"\0*\0keyType\";s:3:\"int\";s:12:\"incrementing\";b:1;s:7:\"\0*\0with\";a:0:{}s:12:\"\0*\0withCount\";a:0:{}s:19:\"preventsLazyLoading\";b:0;s:10:\"\0*\0perPage\";i:15;s:6:\"exists\";b:1;s:18:\"wasRecentlyCreated\";b:0;s:28:\"\0*\0escapeWhenCastingToString\";b:0;s:13:\"\0*\0attributes\";a:5:{s:4:\"uuid\";s:36:\"9e379d7c-a0f7-43b4-8e96-d0d786247828\";s:4:\"name\";s:16:\"pembayaran-index\";s:10:\"guard_name\";s:3:\"web\";s:10:\"created_at\";s:19:\"2025-02-15 17:57:05\";s:10:\"updated_at\";s:19:\"2025-02-15 17:57:05\";}s:11:\"\0*\0original\";a:7:{s:4:\"uuid\";s:36:\"9e379d7c-a0f7-43b4-8e96-d0d786247828\";s:4:\"name\";s:16:\"pembayaran-index\";s:10:\"guard_name\";s:3:\"web\";s:10:\"created_at\";s:19:\"2025-02-15 17:57:05\";s:10:\"updated_at\";s:19:\"2025-02-15 17:57:05\";s:13:\"pivot_role_id\";s:36:\"9e379d80-513c-4b03-943d-f3fcbd1fcc92\";s:19:\"pivot_permission_id\";s:36:\"9e379d7c-a0f7-43b4-8e96-d0d786247828\";}s:10:\"\0*\0changes\";a:0:{}s:8:\"\0*\0casts\";a:0:{}s:17:\"\0*\0classCastCache\";a:0:{}s:21:\"\0*\0attributeCastCache\";a:0:{}s:13:\"\0*\0dateFormat\";N;s:10:\"\0*\0appends\";a:0:{}s:19:\"\0*\0dispatchesEvents\";a:0:{}s:14:\"\0*\0observables\";a:0:{}s:12:\"\0*\0relations\";a:1:{s:5:\"pivot\";O:44:\"Illuminate\\Database\\Eloquent\\Relations\\Pivot\":34:{s:13:\"\0*\0connection\";s:5:\"mysql\";s:8:\"\0*\0table\";s:20:\"role_has_permissions\";s:13:\"\0*\0primaryKey\";s:2:\"id\";s:10:\"\0*\0keyType\";s:3:\"int\";s:12:\"incrementing\";b:0;s:7:\"\0*\0with\";a:0:{}s:12:\"\0*\0withCount\";a:0:{}s:19:\"preventsLazyLoading\";b:0;s:10:\"\0*\0perPage\";i:15;s:6:\"exists\";b:1;s:18:\"wasRecentlyCreated\";b:0;s:28:\"\0*\0escapeWhenCastingToString\";b:0;s:13:\"\0*\0attributes\";a:2:{s:7:\"role_id\";s:36:\"9e379d80-513c-4b03-943d-f3fcbd1fcc92\";s:13:\"permission_id\";s:36:\"9e379d7c-a0f7-43b4-8e96-d0d786247828\";}s:11:\"\0*\0original\";a:2:{s:7:\"role_id\";s:36:\"9e379d80-513c-4b03-943d-f3fcbd1fcc92\";s:13:\"permission_id\";s:36:\"9e379d7c-a0f7-43b4-8e96-d0d786247828\";}s:10:\"\0*\0changes\";a:0:{}s:8:\"\0*\0casts\";a:0:{}s:17:\"\0*\0classCastCache\";a:0:{}s:21:\"\0*\0attributeCastCache\";a:0:{}s:13:\"\0*\0dateFormat\";N;s:10:\"\0*\0appends\";a:0:{}s:19:\"\0*\0dispatchesEvents\";a:0:{}s:14:\"\0*\0observables\";a:0:{}s:12:\"\0*\0relations\";a:0:{}s:10:\"\0*\0touches\";a:0:{}s:10:\"timestamps\";b:0;s:13:\"usesUniqueIds\";b:0;s:9:\"\0*\0hidden\";a:0:{}s:10:\"\0*\0visible\";a:0:{}s:11:\"\0*\0fillable\";a:0:{}s:10:\"\0*\0guarded\";a:0:{}s:11:\"pivotParent\";r:194;s:12:\"pivotRelated\";r:380;s:13:\"\0*\0foreignKey\";s:7:\"role_id\";s:13:\"\0*\0relatedKey\";s:13:\"permission_id\";}}s:10:\"\0*\0touches\";a:0:{}s:10:\"timestamps\";b:1;s:13:\"usesUniqueIds\";b:1;s:9:\"\0*\0hidden\";a:0:{}s:10:\"\0*\0visible\";a:0:{}s:11:\"\0*\0fillable\";a:0:{}s:10:\"\0*\0guarded\";a:1:{i:0;s:4:\"uuid\";}}i:17;O:21:\"App\\Models\\Permission\":30:{s:13:\"\0*\0connection\";s:5:\"mysql\";s:8:\"\0*\0table\";s:11:\"permissions\";s:13:\"\0*\0primaryKey\";s:4:\"uuid\";s:10:\"\0*\0keyType\";s:3:\"int\";s:12:\"incrementing\";b:1;s:7:\"\0*\0with\";a:0:{}s:12:\"\0*\0withCount\";a:0:{}s:19:\"preventsLazyLoading\";b:0;s:10:\"\0*\0perPage\";i:15;s:6:\"exists\";b:1;s:18:\"wasRecentlyCreated\";b:0;s:28:\"\0*\0escapeWhenCastingToString\";b:0;s:13:\"\0*\0attributes\";a:5:{s:4:\"uuid\";s:36:\"9e379d7c-a560-4c60-ae36-b2a79f687908\";s:4:\"name\";s:17:\"pembayaran-create\";s:10:\"guard_name\";s:3:\"web\";s:10:\"created_at\";s:19:\"2025-02-15 17:57:05\";s:10:\"updated_at\";s:19:\"2025-02-15 17:57:05\";}s:11:\"\0*\0original\";a:7:{s:4:\"uuid\";s:36:\"9e379d7c-a560-4c60-ae36-b2a79f687908\";s:4:\"name\";s:17:\"pembayaran-create\";s:10:\"guard_name\";s:3:\"web\";s:10:\"created_at\";s:19:\"2025-02-15 17:57:05\";s:10:\"updated_at\";s:19:\"2025-02-15 17:57:05\";s:13:\"pivot_role_id\";s:36:\"9e379d80-513c-4b03-943d-f3fcbd1fcc92\";s:19:\"pivot_permission_id\";s:36:\"9e379d7c-a560-4c60-ae36-b2a79f687908\";}s:10:\"\0*\0changes\";a:0:{}s:8:\"\0*\0casts\";a:0:{}s:17:\"\0*\0classCastCache\";a:0:{}s:21:\"\0*\0attributeCastCache\";a:0:{}s:13:\"\0*\0dateFormat\";N;s:10:\"\0*\0appends\";a:0:{}s:19:\"\0*\0dispatchesEvents\";a:0:{}s:14:\"\0*\0observables\";a:0:{}s:12:\"\0*\0relations\";a:1:{s:5:\"pivot\";O:44:\"Illuminate\\Database\\Eloquent\\Relations\\Pivot\":34:{s:13:\"\0*\0connection\";s:5:\"mysql\";s:8:\"\0*\0table\";s:20:\"role_has_permissions\";s:13:\"\0*\0primaryKey\";s:2:\"id\";s:10:\"\0*\0keyType\";s:3:\"int\";s:12:\"incrementing\";b:0;s:7:\"\0*\0with\";a:0:{}s:12:\"\0*\0withCount\";a:0:{}s:19:\"preventsLazyLoading\";b:0;s:10:\"\0*\0perPage\";i:15;s:6:\"exists\";b:1;s:18:\"wasRecentlyCreated\";b:0;s:28:\"\0*\0escapeWhenCastingToString\";b:0;s:13:\"\0*\0attributes\";a:2:{s:7:\"role_id\";s:36:\"9e379d80-513c-4b03-943d-f3fcbd1fcc92\";s:13:\"permission_id\";s:36:\"9e379d7c-a560-4c60-ae36-b2a79f687908\";}s:11:\"\0*\0original\";a:2:{s:7:\"role_id\";s:36:\"9e379d80-513c-4b03-943d-f3fcbd1fcc92\";s:13:\"permission_id\";s:36:\"9e379d7c-a560-4c60-ae36-b2a79f687908\";}s:10:\"\0*\0changes\";a:0:{}s:8:\"\0*\0casts\";a:0:{}s:17:\"\0*\0classCastCache\";a:0:{}s:21:\"\0*\0attributeCastCache\";a:0:{}s:13:\"\0*\0dateFormat\";N;s:10:\"\0*\0appends\";a:0:{}s:19:\"\0*\0dispatchesEvents\";a:0:{}s:14:\"\0*\0observables\";a:0:{}s:12:\"\0*\0relations\";a:0:{}s:10:\"\0*\0touches\";a:0:{}s:10:\"timestamps\";b:0;s:13:\"usesUniqueIds\";b:0;s:9:\"\0*\0hidden\";a:0:{}s:10:\"\0*\0visible\";a:0:{}s:11:\"\0*\0fillable\";a:0:{}s:10:\"\0*\0guarded\";a:0:{}s:11:\"pivotParent\";r:194;s:12:\"pivotRelated\";r:380;s:13:\"\0*\0foreignKey\";s:7:\"role_id\";s:13:\"\0*\0relatedKey\";s:13:\"permission_id\";}}s:10:\"\0*\0touches\";a:0:{}s:10:\"timestamps\";b:1;s:13:\"usesUniqueIds\";b:1;s:9:\"\0*\0hidden\";a:0:{}s:10:\"\0*\0visible\";a:0:{}s:11:\"\0*\0fillable\";a:0:{}s:10:\"\0*\0guarded\";a:1:{i:0;s:4:\"uuid\";}}i:18;O:21:\"App\\Models\\Permission\":30:{s:13:\"\0*\0connection\";s:5:\"mysql\";s:8:\"\0*\0table\";s:11:\"permissions\";s:13:\"\0*\0primaryKey\";s:4:\"uuid\";s:10:\"\0*\0keyType\";s:3:\"int\";s:12:\"incrementing\";b:1;s:7:\"\0*\0with\";a:0:{}s:12:\"\0*\0withCount\";a:0:{}s:19:\"preventsLazyLoading\";b:0;s:10:\"\0*\0perPage\";i:15;s:6:\"exists\";b:1;s:18:\"wasRecentlyCreated\";b:0;s:28:\"\0*\0escapeWhenCastingToString\";b:0;s:13:\"\0*\0attributes\";a:5:{s:4:\"uuid\";s:36:\"9e379d7c-a95e-45ab-a4fa-2b4e2ae5cabe\";s:4:\"name\";s:24:\"laporan-pembayaran-index\";s:10:\"guard_name\";s:3:\"web\";s:10:\"created_at\";s:19:\"2025-02-15 17:57:05\";s:10:\"updated_at\";s:19:\"2025-02-15 17:57:05\";}s:11:\"\0*\0original\";a:7:{s:4:\"uuid\";s:36:\"9e379d7c-a95e-45ab-a4fa-2b4e2ae5cabe\";s:4:\"name\";s:24:\"laporan-pembayaran-index\";s:10:\"guard_name\";s:3:\"web\";s:10:\"created_at\";s:19:\"2025-02-15 17:57:05\";s:10:\"updated_at\";s:19:\"2025-02-15 17:57:05\";s:13:\"pivot_role_id\";s:36:\"9e379d80-513c-4b03-943d-f3fcbd1fcc92\";s:19:\"pivot_permission_id\";s:36:\"9e379d7c-a95e-45ab-a4fa-2b4e2ae5cabe\";}s:10:\"\0*\0changes\";a:0:{}s:8:\"\0*\0casts\";a:0:{}s:17:\"\0*\0classCastCache\";a:0:{}s:21:\"\0*\0attributeCastCache\";a:0:{}s:13:\"\0*\0dateFormat\";N;s:10:\"\0*\0appends\";a:0:{}s:19:\"\0*\0dispatchesEvents\";a:0:{}s:14:\"\0*\0observables\";a:0:{}s:12:\"\0*\0relations\";a:1:{s:5:\"pivot\";O:44:\"Illuminate\\Database\\Eloquent\\Relations\\Pivot\":34:{s:13:\"\0*\0connection\";s:5:\"mysql\";s:8:\"\0*\0table\";s:20:\"role_has_permissions\";s:13:\"\0*\0primaryKey\";s:2:\"id\";s:10:\"\0*\0keyType\";s:3:\"int\";s:12:\"incrementing\";b:0;s:7:\"\0*\0with\";a:0:{}s:12:\"\0*\0withCount\";a:0:{}s:19:\"preventsLazyLoading\";b:0;s:10:\"\0*\0perPage\";i:15;s:6:\"exists\";b:1;s:18:\"wasRecentlyCreated\";b:0;s:28:\"\0*\0escapeWhenCastingToString\";b:0;s:13:\"\0*\0attributes\";a:2:{s:7:\"role_id\";s:36:\"9e379d80-513c-4b03-943d-f3fcbd1fcc92\";s:13:\"permission_id\";s:36:\"9e379d7c-a95e-45ab-a4fa-2b4e2ae5cabe\";}s:11:\"\0*\0original\";a:2:{s:7:\"role_id\";s:36:\"9e379d80-513c-4b03-943d-f3fcbd1fcc92\";s:13:\"permission_id\";s:36:\"9e379d7c-a95e-45ab-a4fa-2b4e2ae5cabe\";}s:10:\"\0*\0changes\";a:0:{}s:8:\"\0*\0casts\";a:0:{}s:17:\"\0*\0classCastCache\";a:0:{}s:21:\"\0*\0attributeCastCache\";a:0:{}s:13:\"\0*\0dateFormat\";N;s:10:\"\0*\0appends\";a:0:{}s:19:\"\0*\0dispatchesEvents\";a:0:{}s:14:\"\0*\0observables\";a:0:{}s:12:\"\0*\0relations\";a:0:{}s:10:\"\0*\0touches\";a:0:{}s:10:\"timestamps\";b:0;s:13:\"usesUniqueIds\";b:0;s:9:\"\0*\0hidden\";a:0:{}s:10:\"\0*\0visible\";a:0:{}s:11:\"\0*\0fillable\";a:0:{}s:10:\"\0*\0guarded\";a:0:{}s:11:\"pivotParent\";r:194;s:12:\"pivotRelated\";r:380;s:13:\"\0*\0foreignKey\";s:7:\"role_id\";s:13:\"\0*\0relatedKey\";s:13:\"permission_id\";}}s:10:\"\0*\0touches\";a:0:{}s:10:\"timestamps\";b:1;s:13:\"usesUniqueIds\";b:1;s:9:\"\0*\0hidden\";a:0:{}s:10:\"\0*\0visible\";a:0:{}s:11:\"\0*\0fillable\";a:0:{}s:10:\"\0*\0guarded\";a:1:{i:0;s:4:\"uuid\";}}i:19;O:21:\"App\\Models\\Permission\":30:{s:13:\"\0*\0connection\";s:5:\"mysql\";s:8:\"\0*\0table\";s:11:\"permissions\";s:13:\"\0*\0primaryKey\";s:4:\"uuid\";s:10:\"\0*\0keyType\";s:3:\"int\";s:12:\"incrementing\";b:1;s:7:\"\0*\0with\";a:0:{}s:12:\"\0*\0withCount\";a:0:{}s:19:\"preventsLazyLoading\";b:0;s:10:\"\0*\0perPage\";i:15;s:6:\"exists\";b:1;s:18:\"wasRecentlyCreated\";b:0;s:28:\"\0*\0escapeWhenCastingToString\";b:0;s:13:\"\0*\0attributes\";a:5:{s:4:\"uuid\";s:36:\"9e379d7c-ae51-47bb-8aee-69e0ebebcf71\";s:4:\"name\";s:24:\"laporan-pembayaran-print\";s:10:\"guard_name\";s:3:\"web\";s:10:\"created_at\";s:19:\"2025-02-15 17:57:05\";s:10:\"updated_at\";s:19:\"2025-02-15 17:57:05\";}s:11:\"\0*\0original\";a:7:{s:4:\"uuid\";s:36:\"9e379d7c-ae51-47bb-8aee-69e0ebebcf71\";s:4:\"name\";s:24:\"laporan-pembayaran-print\";s:10:\"guard_name\";s:3:\"web\";s:10:\"created_at\";s:19:\"2025-02-15 17:57:05\";s:10:\"updated_at\";s:19:\"2025-02-15 17:57:05\";s:13:\"pivot_role_id\";s:36:\"9e379d80-513c-4b03-943d-f3fcbd1fcc92\";s:19:\"pivot_permission_id\";s:36:\"9e379d7c-ae51-47bb-8aee-69e0ebebcf71\";}s:10:\"\0*\0changes\";a:0:{}s:8:\"\0*\0casts\";a:0:{}s:17:\"\0*\0classCastCache\";a:0:{}s:21:\"\0*\0attributeCastCache\";a:0:{}s:13:\"\0*\0dateFormat\";N;s:10:\"\0*\0appends\";a:0:{}s:19:\"\0*\0dispatchesEvents\";a:0:{}s:14:\"\0*\0observables\";a:0:{}s:12:\"\0*\0relations\";a:1:{s:5:\"pivot\";O:44:\"Illuminate\\Database\\Eloquent\\Relations\\Pivot\":34:{s:13:\"\0*\0connection\";s:5:\"mysql\";s:8:\"\0*\0table\";s:20:\"role_has_permissions\";s:13:\"\0*\0primaryKey\";s:2:\"id\";s:10:\"\0*\0keyType\";s:3:\"int\";s:12:\"incrementing\";b:0;s:7:\"\0*\0with\";a:0:{}s:12:\"\0*\0withCount\";a:0:{}s:19:\"preventsLazyLoading\";b:0;s:10:\"\0*\0perPage\";i:15;s:6:\"exists\";b:1;s:18:\"wasRecentlyCreated\";b:0;s:28:\"\0*\0escapeWhenCastingToString\";b:0;s:13:\"\0*\0attributes\";a:2:{s:7:\"role_id\";s:36:\"9e379d80-513c-4b03-943d-f3fcbd1fcc92\";s:13:\"permission_id\";s:36:\"9e379d7c-ae51-47bb-8aee-69e0ebebcf71\";}s:11:\"\0*\0original\";a:2:{s:7:\"role_id\";s:36:\"9e379d80-513c-4b03-943d-f3fcbd1fcc92\";s:13:\"permission_id\";s:36:\"9e379d7c-ae51-47bb-8aee-69e0ebebcf71\";}s:10:\"\0*\0changes\";a:0:{}s:8:\"\0*\0casts\";a:0:{}s:17:\"\0*\0classCastCache\";a:0:{}s:21:\"\0*\0attributeCastCache\";a:0:{}s:13:\"\0*\0dateFormat\";N;s:10:\"\0*\0appends\";a:0:{}s:19:\"\0*\0dispatchesEvents\";a:0:{}s:14:\"\0*\0observables\";a:0:{}s:12:\"\0*\0relations\";a:0:{}s:10:\"\0*\0touches\";a:0:{}s:10:\"timestamps\";b:0;s:13:\"usesUniqueIds\";b:0;s:9:\"\0*\0hidden\";a:0:{}s:10:\"\0*\0visible\";a:0:{}s:11:\"\0*\0fillable\";a:0:{}s:10:\"\0*\0guarded\";a:0:{}s:11:\"pivotParent\";r:194;s:12:\"pivotRelated\";r:380;s:13:\"\0*\0foreignKey\";s:7:\"role_id\";s:13:\"\0*\0relatedKey\";s:13:\"permission_id\";}}s:10:\"\0*\0touches\";a:0:{}s:10:\"timestamps\";b:1;s:13:\"usesUniqueIds\";b:1;s:9:\"\0*\0hidden\";a:0:{}s:10:\"\0*\0visible\";a:0:{}s:11:\"\0*\0fillable\";a:0:{}s:10:\"\0*\0guarded\";a:1:{i:0;s:4:\"uuid\";}}i:20;O:21:\"App\\Models\\Permission\":30:{s:13:\"\0*\0connection\";s:5:\"mysql\";s:8:\"\0*\0table\";s:11:\"permissions\";s:13:\"\0*\0primaryKey\";s:4:\"uuid\";s:10:\"\0*\0keyType\";s:3:\"int\";s:12:\"incrementing\";b:1;s:7:\"\0*\0with\";a:0:{}s:12:\"\0*\0withCount\";a:0:{}s:19:\"preventsLazyLoading\";b:0;s:10:\"\0*\0perPage\";i:15;s:6:\"exists\";b:1;s:18:\"wasRecentlyCreated\";b:0;s:28:\"\0*\0escapeWhenCastingToString\";b:0;s:13:\"\0*\0attributes\";a:5:{s:4:\"uuid\";s:36:\"9e379d7c-b2c9-4e70-a017-045d43c55475\";s:4:\"name\";s:21:\"laporan-piutang-index\";s:10:\"guard_name\";s:3:\"web\";s:10:\"created_at\";s:19:\"2025-02-15 17:57:05\";s:10:\"updated_at\";s:19:\"2025-02-15 17:57:05\";}s:11:\"\0*\0original\";a:7:{s:4:\"uuid\";s:36:\"9e379d7c-b2c9-4e70-a017-045d43c55475\";s:4:\"name\";s:21:\"laporan-piutang-index\";s:10:\"guard_name\";s:3:\"web\";s:10:\"created_at\";s:19:\"2025-02-15 17:57:05\";s:10:\"updated_at\";s:19:\"2025-02-15 17:57:05\";s:13:\"pivot_role_id\";s:36:\"9e379d80-513c-4b03-943d-f3fcbd1fcc92\";s:19:\"pivot_permission_id\";s:36:\"9e379d7c-b2c9-4e70-a017-045d43c55475\";}s:10:\"\0*\0changes\";a:0:{}s:8:\"\0*\0casts\";a:0:{}s:17:\"\0*\0classCastCache\";a:0:{}s:21:\"\0*\0attributeCastCache\";a:0:{}s:13:\"\0*\0dateFormat\";N;s:10:\"\0*\0appends\";a:0:{}s:19:\"\0*\0dispatchesEvents\";a:0:{}s:14:\"\0*\0observables\";a:0:{}s:12:\"\0*\0relations\";a:1:{s:5:\"pivot\";O:44:\"Illuminate\\Database\\Eloquent\\Relations\\Pivot\":34:{s:13:\"\0*\0connection\";s:5:\"mysql\";s:8:\"\0*\0table\";s:20:\"role_has_permissions\";s:13:\"\0*\0primaryKey\";s:2:\"id\";s:10:\"\0*\0keyType\";s:3:\"int\";s:12:\"incrementing\";b:0;s:7:\"\0*\0with\";a:0:{}s:12:\"\0*\0withCount\";a:0:{}s:19:\"preventsLazyLoading\";b:0;s:10:\"\0*\0perPage\";i:15;s:6:\"exists\";b:1;s:18:\"wasRecentlyCreated\";b:0;s:28:\"\0*\0escapeWhenCastingToString\";b:0;s:13:\"\0*\0attributes\";a:2:{s:7:\"role_id\";s:36:\"9e379d80-513c-4b03-943d-f3fcbd1fcc92\";s:13:\"permission_id\";s:36:\"9e379d7c-b2c9-4e70-a017-045d43c55475\";}s:11:\"\0*\0original\";a:2:{s:7:\"role_id\";s:36:\"9e379d80-513c-4b03-943d-f3fcbd1fcc92\";s:13:\"permission_id\";s:36:\"9e379d7c-b2c9-4e70-a017-045d43c55475\";}s:10:\"\0*\0changes\";a:0:{}s:8:\"\0*\0casts\";a:0:{}s:17:\"\0*\0classCastCache\";a:0:{}s:21:\"\0*\0attributeCastCache\";a:0:{}s:13:\"\0*\0dateFormat\";N;s:10:\"\0*\0appends\";a:0:{}s:19:\"\0*\0dispatchesEvents\";a:0:{}s:14:\"\0*\0observables\";a:0:{}s:12:\"\0*\0relations\";a:0:{}s:10:\"\0*\0touches\";a:0:{}s:10:\"timestamps\";b:0;s:13:\"usesUniqueIds\";b:0;s:9:\"\0*\0hidden\";a:0:{}s:10:\"\0*\0visible\";a:0:{}s:11:\"\0*\0fillable\";a:0:{}s:10:\"\0*\0guarded\";a:0:{}s:11:\"pivotParent\";r:194;s:12:\"pivotRelated\";r:380;s:13:\"\0*\0foreignKey\";s:7:\"role_id\";s:13:\"\0*\0relatedKey\";s:13:\"permission_id\";}}s:10:\"\0*\0touches\";a:0:{}s:10:\"timestamps\";b:1;s:13:\"usesUniqueIds\";b:1;s:9:\"\0*\0hidden\";a:0:{}s:10:\"\0*\0visible\";a:0:{}s:11:\"\0*\0fillable\";a:0:{}s:10:\"\0*\0guarded\";a:1:{i:0;s:4:\"uuid\";}}i:21;O:21:\"App\\Models\\Permission\":30:{s:13:\"\0*\0connection\";s:5:\"mysql\";s:8:\"\0*\0table\";s:11:\"permissions\";s:13:\"\0*\0primaryKey\";s:4:\"uuid\";s:10:\"\0*\0keyType\";s:3:\"int\";s:12:\"incrementing\";b:1;s:7:\"\0*\0with\";a:0:{}s:12:\"\0*\0withCount\";a:0:{}s:19:\"preventsLazyLoading\";b:0;s:10:\"\0*\0perPage\";i:15;s:6:\"exists\";b:1;s:18:\"wasRecentlyCreated\";b:0;s:28:\"\0*\0escapeWhenCastingToString\";b:0;s:13:\"\0*\0attributes\";a:5:{s:4:\"uuid\";s:36:\"9e379d7c-b6bb-4c25-922c-77b83d7e94c6\";s:4:\"name\";s:21:\"laporan-piutang-print\";s:10:\"guard_name\";s:3:\"web\";s:10:\"created_at\";s:19:\"2025-02-15 17:57:05\";s:10:\"updated_at\";s:19:\"2025-02-15 17:57:05\";}s:11:\"\0*\0original\";a:7:{s:4:\"uuid\";s:36:\"9e379d7c-b6bb-4c25-922c-77b83d7e94c6\";s:4:\"name\";s:21:\"laporan-piutang-print\";s:10:\"guard_name\";s:3:\"web\";s:10:\"created_at\";s:19:\"2025-02-15 17:57:05\";s:10:\"updated_at\";s:19:\"2025-02-15 17:57:05\";s:13:\"pivot_role_id\";s:36:\"9e379d80-513c-4b03-943d-f3fcbd1fcc92\";s:19:\"pivot_permission_id\";s:36:\"9e379d7c-b6bb-4c25-922c-77b83d7e94c6\";}s:10:\"\0*\0changes\";a:0:{}s:8:\"\0*\0casts\";a:0:{}s:17:\"\0*\0classCastCache\";a:0:{}s:21:\"\0*\0attributeCastCache\";a:0:{}s:13:\"\0*\0dateFormat\";N;s:10:\"\0*\0appends\";a:0:{}s:19:\"\0*\0dispatchesEvents\";a:0:{}s:14:\"\0*\0observables\";a:0:{}s:12:\"\0*\0relations\";a:1:{s:5:\"pivot\";O:44:\"Illuminate\\Database\\Eloquent\\Relations\\Pivot\":34:{s:13:\"\0*\0connection\";s:5:\"mysql\";s:8:\"\0*\0table\";s:20:\"role_has_permissions\";s:13:\"\0*\0primaryKey\";s:2:\"id\";s:10:\"\0*\0keyType\";s:3:\"int\";s:12:\"incrementing\";b:0;s:7:\"\0*\0with\";a:0:{}s:12:\"\0*\0withCount\";a:0:{}s:19:\"preventsLazyLoading\";b:0;s:10:\"\0*\0perPage\";i:15;s:6:\"exists\";b:1;s:18:\"wasRecentlyCreated\";b:0;s:28:\"\0*\0escapeWhenCastingToString\";b:0;s:13:\"\0*\0attributes\";a:2:{s:7:\"role_id\";s:36:\"9e379d80-513c-4b03-943d-f3fcbd1fcc92\";s:13:\"permission_id\";s:36:\"9e379d7c-b6bb-4c25-922c-77b83d7e94c6\";}s:11:\"\0*\0original\";a:2:{s:7:\"role_id\";s:36:\"9e379d80-513c-4b03-943d-f3fcbd1fcc92\";s:13:\"permission_id\";s:36:\"9e379d7c-b6bb-4c25-922c-77b83d7e94c6\";}s:10:\"\0*\0changes\";a:0:{}s:8:\"\0*\0casts\";a:0:{}s:17:\"\0*\0classCastCache\";a:0:{}s:21:\"\0*\0attributeCastCache\";a:0:{}s:13:\"\0*\0dateFormat\";N;s:10:\"\0*\0appends\";a:0:{}s:19:\"\0*\0dispatchesEvents\";a:0:{}s:14:\"\0*\0observables\";a:0:{}s:12:\"\0*\0relations\";a:0:{}s:10:\"\0*\0touches\";a:0:{}s:10:\"timestamps\";b:0;s:13:\"usesUniqueIds\";b:0;s:9:\"\0*\0hidden\";a:0:{}s:10:\"\0*\0visible\";a:0:{}s:11:\"\0*\0fillable\";a:0:{}s:10:\"\0*\0guarded\";a:0:{}s:11:\"pivotParent\";r:194;s:12:\"pivotRelated\";r:380;s:13:\"\0*\0foreignKey\";s:7:\"role_id\";s:13:\"\0*\0relatedKey\";s:13:\"permission_id\";}}s:10:\"\0*\0touches\";a:0:{}s:10:\"timestamps\";b:1;s:13:\"usesUniqueIds\";b:1;s:9:\"\0*\0hidden\";a:0:{}s:10:\"\0*\0visible\";a:0:{}s:11:\"\0*\0fillable\";a:0:{}s:10:\"\0*\0guarded\";a:1:{i:0;s:4:\"uuid\";}}i:22;O:21:\"App\\Models\\Permission\":30:{s:13:\"\0*\0connection\";s:5:\"mysql\";s:8:\"\0*\0table\";s:11:\"permissions\";s:13:\"\0*\0primaryKey\";s:4:\"uuid\";s:10:\"\0*\0keyType\";s:3:\"int\";s:12:\"incrementing\";b:1;s:7:\"\0*\0with\";a:0:{}s:12:\"\0*\0withCount\";a:0:{}s:19:\"preventsLazyLoading\";b:0;s:10:\"\0*\0perPage\";i:15;s:6:\"exists\";b:1;s:18:\"wasRecentlyCreated\";b:0;s:28:\"\0*\0escapeWhenCastingToString\";b:0;s:13:\"\0*\0attributes\";a:5:{s:4:\"uuid\";s:36:\"9e59d59c-27e7-4a96-935f-e95392e11066\";s:4:\"name\";s:21:\"pengaturan-perusahaan\";s:10:\"guard_name\";s:3:\"web\";s:10:\"created_at\";s:19:\"2025-03-04 18:12:10\";s:10:\"updated_at\";s:19:\"2025-03-04 18:12:10\";}s:11:\"\0*\0original\";a:7:{s:4:\"uuid\";s:36:\"9e59d59c-27e7-4a96-935f-e95392e11066\";s:4:\"name\";s:21:\"pengaturan-perusahaan\";s:10:\"guard_name\";s:3:\"web\";s:10:\"created_at\";s:19:\"2025-03-04 18:12:10\";s:10:\"updated_at\";s:19:\"2025-03-04 18:12:10\";s:13:\"pivot_role_id\";s:36:\"9e379d80-513c-4b03-943d-f3fcbd1fcc92\";s:19:\"pivot_permission_id\";s:36:\"9e59d59c-27e7-4a96-935f-e95392e11066\";}s:10:\"\0*\0changes\";a:0:{}s:8:\"\0*\0casts\";a:0:{}s:17:\"\0*\0classCastCache\";a:0:{}s:21:\"\0*\0attributeCastCache\";a:0:{}s:13:\"\0*\0dateFormat\";N;s:10:\"\0*\0appends\";a:0:{}s:19:\"\0*\0dispatchesEvents\";a:0:{}s:14:\"\0*\0observables\";a:0:{}s:12:\"\0*\0relations\";a:1:{s:5:\"pivot\";O:44:\"Illuminate\\Database\\Eloquent\\Relations\\Pivot\":34:{s:13:\"\0*\0connection\";s:5:\"mysql\";s:8:\"\0*\0table\";s:20:\"role_has_permissions\";s:13:\"\0*\0primaryKey\";s:2:\"id\";s:10:\"\0*\0keyType\";s:3:\"int\";s:12:\"incrementing\";b:0;s:7:\"\0*\0with\";a:0:{}s:12:\"\0*\0withCount\";a:0:{}s:19:\"preventsLazyLoading\";b:0;s:10:\"\0*\0perPage\";i:15;s:6:\"exists\";b:1;s:18:\"wasRecentlyCreated\";b:0;s:28:\"\0*\0escapeWhenCastingToString\";b:0;s:13:\"\0*\0attributes\";a:2:{s:7:\"role_id\";s:36:\"9e379d80-513c-4b03-943d-f3fcbd1fcc92\";s:13:\"permission_id\";s:36:\"9e59d59c-27e7-4a96-935f-e95392e11066\";}s:11:\"\0*\0original\";a:2:{s:7:\"role_id\";s:36:\"9e379d80-513c-4b03-943d-f3fcbd1fcc92\";s:13:\"permission_id\";s:36:\"9e59d59c-27e7-4a96-935f-e95392e11066\";}s:10:\"\0*\0changes\";a:0:{}s:8:\"\0*\0casts\";a:0:{}s:17:\"\0*\0classCastCache\";a:0:{}s:21:\"\0*\0attributeCastCache\";a:0:{}s:13:\"\0*\0dateFormat\";N;s:10:\"\0*\0appends\";a:0:{}s:19:\"\0*\0dispatchesEvents\";a:0:{}s:14:\"\0*\0observables\";a:0:{}s:12:\"\0*\0relations\";a:0:{}s:10:\"\0*\0touches\";a:0:{}s:10:\"timestamps\";b:0;s:13:\"usesUniqueIds\";b:0;s:9:\"\0*\0hidden\";a:0:{}s:10:\"\0*\0visible\";a:0:{}s:11:\"\0*\0fillable\";a:0:{}s:10:\"\0*\0guarded\";a:0:{}s:11:\"pivotParent\";r:194;s:12:\"pivotRelated\";r:380;s:13:\"\0*\0foreignKey\";s:7:\"role_id\";s:13:\"\0*\0relatedKey\";s:13:\"permission_id\";}}s:10:\"\0*\0touches\";a:0:{}s:10:\"timestamps\";b:1;s:13:\"usesUniqueIds\";b:1;s:9:\"\0*\0hidden\";a:0:{}s:10:\"\0*\0visible\";a:0:{}s:11:\"\0*\0fillable\";a:0:{}s:10:\"\0*\0guarded\";a:1:{i:0;s:4:\"uuid\";}}}s:28:\"\0*\0escapeWhenCastingToString\";b:0;}}s:10:\"\0*\0touches\";a:0:{}s:10:\"timestamps\";b:1;s:13:\"usesUniqueIds\";b:1;s:9:\"\0*\0hidden\";a:0:{}s:10:\"\0*\0visible\";a:0:{}s:11:\"\0*\0fillable\";a:0:{}s:10:\"\0*\0guarded\";a:1:{i:0;s:4:\"uuid\";}}}s:28:\"\0*\0escapeWhenCastingToString\";b:0;}}s:10:\"\0*\0touches\";a:0:{}s:10:\"timestamps\";b:1;s:13:\"usesUniqueIds\";b:1;s:9:\"\0*\0hidden\";a:2:{i:0;s:8:\"password\";i:1;s:14:\"remember_token\";}s:10:\"\0*\0visible\";a:0:{}s:11:\"\0*\0fillable\";a:4:{i:0;s:13:\"zona_waktu_id\";i:1;s:4:\"name\";i:2;s:5:\"email\";i:3;s:8:\"password\";}s:10:\"\0*\0guarded\";a:1:{i:0;s:1:\"*\";}s:19:\"\0*\0authPasswordName\";s:8:\"password\";s:20:\"\0*\0rememberTokenName\";s:14:\"remember_token\";s:16:\"\0*\0forceDeleting\";b:0;}s:11:\"permissions\";O:29:\"Illuminate\\Support\\Collection\":2:{s:8:\"\0*\0items\";a:23:{i:0;s:20:\"paket-internet-index\";i:1;s:21:\"paket-internet-create\";i:2;s:21:\"paket-internet-update\";i:3;s:21:\"paket-internet-delete\";i:4;s:9:\"odp-index\";i:5;s:10:\"odp-create\";i:6;s:10:\"odp-update\";i:7;s:10:\"odp-delete\";i:8;s:15:\"pelanggan-index\";i:9;s:16:\"pelanggan-create\";i:10;s:16:\"pelanggan-update\";i:11;s:16:\"pelanggan-delete\";i:12;s:13:\"pegawai-index\";i:13;s:14:\"pegawai-create\";i:14;s:14:\"pegawai-update\";i:15;s:14:\"pegawai-delete\";i:16;s:16:\"pembayaran-index\";i:17;s:17:\"pembayaran-create\";i:18;s:24:\"laporan-pembayaran-index\";i:19;s:24:\"laporan-pembayaran-print\";i:20;s:21:\"laporan-piutang-index\";i:21;s:21:\"laporan-piutang-print\";i:22;s:21:\"pengaturan-perusahaan\";}s:28:\"\0*\0escapeWhenCastingToString\";b:0;}s:10:\"perusahaan\";a:6:{s:2:\"id\";s:36:\"9e4bcaa4-c644-46ad-ac4a-3f98829d6a35\";s:4:\"nama\";s:22:\"PT ABATA TECH SOLUTION\";s:4:\"telp\";s:13:\"6285201365883\";s:9:\"koordinat\";a:2:{i:0;s:18:\"109.52646421141948\";i:1;s:18:\"-7.018096761394982\";}s:6:\"alamat\";s:40:\"Karangrejo, Kesesi, Kebupaten Pekalongan\";s:4:\"logo\";s:86:\"http://127.0.0.1:8000/storage/logo/93B31ADE-5114-C1A0-8766-7D207808466C-1740483595.png\";}}', 1741951579);
INSERT INTO `cache` VALUES ('spatie.permission.cache', 'a:3:{s:5:\"alias\";a:4:{s:1:\"a\";s:4:\"uuid\";s:1:\"b\";s:4:\"name\";s:1:\"c\";s:10:\"guard_name\";s:1:\"r\";s:5:\"roles\";}s:11:\"permissions\";a:48:{i:0;a:4:{s:1:\"a\";s:36:\"9e379d7c-22d4-4c64-a4cd-f1577ff6f3d2\";s:1:\"b\";s:16:\"zona-waktu-index\";s:1:\"c\";s:3:\"web\";s:1:\"r\";a:1:{i:0;s:36:\"9e379d7c-f6ce-4134-9bc5-4f50ac5997da\";}}i:1;a:4:{s:1:\"a\";s:36:\"9e379d7c-3571-405f-8737-602cae2a1976\";s:1:\"b\";s:17:\"zona-waktu-create\";s:1:\"c\";s:3:\"web\";s:1:\"r\";a:1:{i:0;s:36:\"9e379d7c-f6ce-4134-9bc5-4f50ac5997da\";}}i:2;a:4:{s:1:\"a\";s:36:\"9e379d7c-3a5c-47c8-9297-dd9df1e3a79e\";s:1:\"b\";s:17:\"zona-waktu-update\";s:1:\"c\";s:3:\"web\";s:1:\"r\";a:1:{i:0;s:36:\"9e379d7c-f6ce-4134-9bc5-4f50ac5997da\";}}i:3;a:4:{s:1:\"a\";s:36:\"9e379d7c-3e2c-441e-a2c1-eb8340415081\";s:1:\"b\";s:17:\"zona-waktu-delete\";s:1:\"c\";s:3:\"web\";s:1:\"r\";a:1:{i:0;s:36:\"9e379d7c-f6ce-4134-9bc5-4f50ac5997da\";}}i:4;a:4:{s:1:\"a\";s:36:\"9e379d7c-41db-4560-b343-bb1663436790\";s:1:\"b\";s:16:\"perusahaan-index\";s:1:\"c\";s:3:\"web\";s:1:\"r\";a:1:{i:0;s:36:\"9e379d7c-f6ce-4134-9bc5-4f50ac5997da\";}}i:5;a:4:{s:1:\"a\";s:36:\"9e379d7c-4636-4753-b0a7-a4839ad4cb10\";s:1:\"b\";s:17:\"perusahaan-create\";s:1:\"c\";s:3:\"web\";s:1:\"r\";a:1:{i:0;s:36:\"9e379d7c-f6ce-4134-9bc5-4f50ac5997da\";}}i:6;a:4:{s:1:\"a\";s:36:\"9e379d7c-4988-4fd4-baa4-b213d5ddbcbd\";s:1:\"b\";s:17:\"perusahaan-update\";s:1:\"c\";s:3:\"web\";s:1:\"r\";a:1:{i:0;s:36:\"9e379d7c-f6ce-4134-9bc5-4f50ac5997da\";}}i:7;a:4:{s:1:\"a\";s:36:\"9e379d7c-4d58-4bea-a4a7-a5eddd0a1f10\";s:1:\"b\";s:17:\"perusahaan-delete\";s:1:\"c\";s:3:\"web\";s:1:\"r\";a:1:{i:0;s:36:\"9e379d7c-f6ce-4134-9bc5-4f50ac5997da\";}}i:8;a:4:{s:1:\"a\";s:36:\"9e379d7c-50a2-4793-955c-46c4568a2f8e\";s:1:\"b\";s:20:\"paket-internet-index\";s:1:\"c\";s:3:\"web\";s:1:\"r\";a:1:{i:0;s:36:\"9e379d80-513c-4b03-943d-f3fcbd1fcc92\";}}i:9;a:4:{s:1:\"a\";s:36:\"9e379d7c-540d-4cef-adf3-aa705ab8712a\";s:1:\"b\";s:21:\"paket-internet-create\";s:1:\"c\";s:3:\"web\";s:1:\"r\";a:1:{i:0;s:36:\"9e379d80-513c-4b03-943d-f3fcbd1fcc92\";}}i:10;a:4:{s:1:\"a\";s:36:\"9e379d7c-5761-41c6-b3f1-4aa4c6c2427b\";s:1:\"b\";s:21:\"paket-internet-update\";s:1:\"c\";s:3:\"web\";s:1:\"r\";a:1:{i:0;s:36:\"9e379d80-513c-4b03-943d-f3fcbd1fcc92\";}}i:11;a:4:{s:1:\"a\";s:36:\"9e379d7c-5aff-4042-b691-3640cfad3902\";s:1:\"b\";s:21:\"paket-internet-delete\";s:1:\"c\";s:3:\"web\";s:1:\"r\";a:1:{i:0;s:36:\"9e379d80-513c-4b03-943d-f3fcbd1fcc92\";}}i:12;a:4:{s:1:\"a\";s:36:\"9e379d7c-5ef2-49c7-9f53-f24a4d04a8dc\";s:1:\"b\";s:9:\"odp-index\";s:1:\"c\";s:3:\"web\";s:1:\"r\";a:1:{i:0;s:36:\"9e379d80-513c-4b03-943d-f3fcbd1fcc92\";}}i:13;a:4:{s:1:\"a\";s:36:\"9e379d7c-62fa-40f2-a826-f4a05252ae32\";s:1:\"b\";s:10:\"odp-create\";s:1:\"c\";s:3:\"web\";s:1:\"r\";a:1:{i:0;s:36:\"9e379d80-513c-4b03-943d-f3fcbd1fcc92\";}}i:14;a:4:{s:1:\"a\";s:36:\"9e379d7c-66e0-4b6a-ad56-4f7feb0258a9\";s:1:\"b\";s:10:\"odp-update\";s:1:\"c\";s:3:\"web\";s:1:\"r\";a:1:{i:0;s:36:\"9e379d80-513c-4b03-943d-f3fcbd1fcc92\";}}i:15;a:4:{s:1:\"a\";s:36:\"9e379d7c-6ac6-4f74-974a-d661e0faeb5b\";s:1:\"b\";s:10:\"odp-delete\";s:1:\"c\";s:3:\"web\";s:1:\"r\";a:1:{i:0;s:36:\"9e379d80-513c-4b03-943d-f3fcbd1fcc92\";}}i:16;a:4:{s:1:\"a\";s:36:\"9e379d7c-6e23-4816-9a1b-77c2b42c0fd4\";s:1:\"b\";s:15:\"pelanggan-index\";s:1:\"c\";s:3:\"web\";s:1:\"r\";a:1:{i:0;s:36:\"9e379d80-513c-4b03-943d-f3fcbd1fcc92\";}}i:17;a:4:{s:1:\"a\";s:36:\"9e379d7c-7253-4c1d-a0f6-5a491d68cc1b\";s:1:\"b\";s:16:\"pelanggan-create\";s:1:\"c\";s:3:\"web\";s:1:\"r\";a:1:{i:0;s:36:\"9e379d80-513c-4b03-943d-f3fcbd1fcc92\";}}i:18;a:4:{s:1:\"a\";s:36:\"9e379d7c-7686-414a-88ba-509da48dda64\";s:1:\"b\";s:16:\"pelanggan-update\";s:1:\"c\";s:3:\"web\";s:1:\"r\";a:1:{i:0;s:36:\"9e379d80-513c-4b03-943d-f3fcbd1fcc92\";}}i:19;a:4:{s:1:\"a\";s:36:\"9e379d7c-7a84-4973-87ee-bc91a56f7adf\";s:1:\"b\";s:16:\"pelanggan-delete\";s:1:\"c\";s:3:\"web\";s:1:\"r\";a:1:{i:0;s:36:\"9e379d80-513c-4b03-943d-f3fcbd1fcc92\";}}i:20;a:4:{s:1:\"a\";s:36:\"9e379d7c-7ea0-4902-8755-792e3b6a783a\";s:1:\"b\";s:13:\"pemilik-index\";s:1:\"c\";s:3:\"web\";s:1:\"r\";a:1:{i:0;s:36:\"9e379d7c-f6ce-4134-9bc5-4f50ac5997da\";}}i:21;a:4:{s:1:\"a\";s:36:\"9e379d7c-8204-4dc8-91f2-a1236664f3bc\";s:1:\"b\";s:14:\"pemilik-create\";s:1:\"c\";s:3:\"web\";s:1:\"r\";a:1:{i:0;s:36:\"9e379d7c-f6ce-4134-9bc5-4f50ac5997da\";}}i:22;a:4:{s:1:\"a\";s:36:\"9e379d7c-8723-4a53-9360-479c3635ed18\";s:1:\"b\";s:14:\"pemilik-update\";s:1:\"c\";s:3:\"web\";s:1:\"r\";a:1:{i:0;s:36:\"9e379d7c-f6ce-4134-9bc5-4f50ac5997da\";}}i:23;a:4:{s:1:\"a\";s:36:\"9e379d7c-8c32-431e-bea8-584026657dda\";s:1:\"b\";s:14:\"pemilik-delete\";s:1:\"c\";s:3:\"web\";s:1:\"r\";a:1:{i:0;s:36:\"9e379d7c-f6ce-4134-9bc5-4f50ac5997da\";}}i:24;a:4:{s:1:\"a\";s:36:\"9e379d7c-9004-4885-9f69-79ec94e495cb\";s:1:\"b\";s:13:\"pegawai-index\";s:1:\"c\";s:3:\"web\";s:1:\"r\";a:1:{i:0;s:36:\"9e379d80-513c-4b03-943d-f3fcbd1fcc92\";}}i:25;a:4:{s:1:\"a\";s:36:\"9e379d7c-941b-4fa3-8cee-59ed631c7977\";s:1:\"b\";s:14:\"pegawai-create\";s:1:\"c\";s:3:\"web\";s:1:\"r\";a:1:{i:0;s:36:\"9e379d80-513c-4b03-943d-f3fcbd1fcc92\";}}i:26;a:4:{s:1:\"a\";s:36:\"9e379d7c-988c-4cda-8e7a-bc034d170339\";s:1:\"b\";s:14:\"pegawai-update\";s:1:\"c\";s:3:\"web\";s:1:\"r\";a:1:{i:0;s:36:\"9e379d80-513c-4b03-943d-f3fcbd1fcc92\";}}i:27;a:4:{s:1:\"a\";s:36:\"9e379d7c-9c61-46d7-be6c-730179613bd0\";s:1:\"b\";s:14:\"pegawai-delete\";s:1:\"c\";s:3:\"web\";s:1:\"r\";a:1:{i:0;s:36:\"9e379d80-513c-4b03-943d-f3fcbd1fcc92\";}}i:28;a:4:{s:1:\"a\";s:36:\"9e379d7c-a0f7-43b4-8e96-d0d786247828\";s:1:\"b\";s:16:\"pembayaran-index\";s:1:\"c\";s:3:\"web\";s:1:\"r\";a:2:{i:0;s:36:\"9e379d80-513c-4b03-943d-f3fcbd1fcc92\";i:1;s:36:\"9e379d80-599c-4f6e-a337-aa3ba3b0446d\";}}i:29;a:4:{s:1:\"a\";s:36:\"9e379d7c-a560-4c60-ae36-b2a79f687908\";s:1:\"b\";s:17:\"pembayaran-create\";s:1:\"c\";s:3:\"web\";s:1:\"r\";a:2:{i:0;s:36:\"9e379d80-513c-4b03-943d-f3fcbd1fcc92\";i:1;s:36:\"9e379d80-599c-4f6e-a337-aa3ba3b0446d\";}}i:30;a:4:{s:1:\"a\";s:36:\"9e379d7c-a95e-45ab-a4fa-2b4e2ae5cabe\";s:1:\"b\";s:24:\"laporan-pembayaran-index\";s:1:\"c\";s:3:\"web\";s:1:\"r\";a:1:{i:0;s:36:\"9e379d80-513c-4b03-943d-f3fcbd1fcc92\";}}i:31;a:4:{s:1:\"a\";s:36:\"9e379d7c-ae51-47bb-8aee-69e0ebebcf71\";s:1:\"b\";s:24:\"laporan-pembayaran-print\";s:1:\"c\";s:3:\"web\";s:1:\"r\";a:1:{i:0;s:36:\"9e379d80-513c-4b03-943d-f3fcbd1fcc92\";}}i:32;a:4:{s:1:\"a\";s:36:\"9e379d7c-b2c9-4e70-a017-045d43c55475\";s:1:\"b\";s:21:\"laporan-piutang-index\";s:1:\"c\";s:3:\"web\";s:1:\"r\";a:1:{i:0;s:36:\"9e379d80-513c-4b03-943d-f3fcbd1fcc92\";}}i:33;a:4:{s:1:\"a\";s:36:\"9e379d7c-b6bb-4c25-922c-77b83d7e94c6\";s:1:\"b\";s:21:\"laporan-piutang-print\";s:1:\"c\";s:3:\"web\";s:1:\"r\";a:1:{i:0;s:36:\"9e379d80-513c-4b03-943d-f3fcbd1fcc92\";}}i:34;a:4:{s:1:\"a\";s:36:\"9e379d7c-bb69-4487-bdf3-bc5e3a11eade\";s:1:\"b\";s:14:\"pengguna-index\";s:1:\"c\";s:3:\"web\";s:1:\"r\";a:1:{i:0;s:36:\"9e379d7c-f6ce-4134-9bc5-4f50ac5997da\";}}i:35;a:4:{s:1:\"a\";s:36:\"9e379d7c-c015-46bd-836d-853f4f8bed0f\";s:1:\"b\";s:15:\"pengguna-create\";s:1:\"c\";s:3:\"web\";s:1:\"r\";a:1:{i:0;s:36:\"9e379d7c-f6ce-4134-9bc5-4f50ac5997da\";}}i:36;a:4:{s:1:\"a\";s:36:\"9e379d7c-c4db-4311-8392-0ad98cf90ebd\";s:1:\"b\";s:15:\"pengguna-update\";s:1:\"c\";s:3:\"web\";s:1:\"r\";a:1:{i:0;s:36:\"9e379d7c-f6ce-4134-9bc5-4f50ac5997da\";}}i:37;a:4:{s:1:\"a\";s:36:\"9e379d7c-cd88-422f-92f1-eb672ba71f31\";s:1:\"b\";s:15:\"pengguna-delete\";s:1:\"c\";s:3:\"web\";s:1:\"r\";a:1:{i:0;s:36:\"9e379d7c-f6ce-4134-9bc5-4f50ac5997da\";}}i:38;a:4:{s:1:\"a\";s:36:\"9e379d7c-d237-4986-a21c-e33923a6831f\";s:1:\"b\";s:10:\"role-index\";s:1:\"c\";s:3:\"web\";s:1:\"r\";a:1:{i:0;s:36:\"9e379d7c-f6ce-4134-9bc5-4f50ac5997da\";}}i:39;a:4:{s:1:\"a\";s:36:\"9e379d7c-d64a-4b5e-9c0b-3d03afba4461\";s:1:\"b\";s:11:\"role-create\";s:1:\"c\";s:3:\"web\";s:1:\"r\";a:1:{i:0;s:36:\"9e379d7c-f6ce-4134-9bc5-4f50ac5997da\";}}i:40;a:4:{s:1:\"a\";s:36:\"9e379d7c-dbcb-4217-957e-547626f53e6d\";s:1:\"b\";s:11:\"role-update\";s:1:\"c\";s:3:\"web\";s:1:\"r\";a:1:{i:0;s:36:\"9e379d7c-f6ce-4134-9bc5-4f50ac5997da\";}}i:41;a:4:{s:1:\"a\";s:36:\"9e379d7c-e067-485e-b882-9f0534fdc64e\";s:1:\"b\";s:11:\"role-delete\";s:1:\"c\";s:3:\"web\";s:1:\"r\";a:1:{i:0;s:36:\"9e379d7c-f6ce-4134-9bc5-4f50ac5997da\";}}i:42;a:4:{s:1:\"a\";s:36:\"9e379d7c-e4e0-4c50-89f6-c29a91798d6d\";s:1:\"b\";s:16:\"permission-index\";s:1:\"c\";s:3:\"web\";s:1:\"r\";a:1:{i:0;s:36:\"9e379d7c-f6ce-4134-9bc5-4f50ac5997da\";}}i:43;a:4:{s:1:\"a\";s:36:\"9e379d7c-ea2c-4fa5-b731-c94fd6df0dfa\";s:1:\"b\";s:17:\"permission-create\";s:1:\"c\";s:3:\"web\";s:1:\"r\";a:1:{i:0;s:36:\"9e379d7c-f6ce-4134-9bc5-4f50ac5997da\";}}i:44;a:4:{s:1:\"a\";s:36:\"9e379d7c-efcc-472b-8624-f769b7b6f900\";s:1:\"b\";s:17:\"permission-update\";s:1:\"c\";s:3:\"web\";s:1:\"r\";a:1:{i:0;s:36:\"9e379d7c-f6ce-4134-9bc5-4f50ac5997da\";}}i:45;a:4:{s:1:\"a\";s:36:\"9e379d7c-f510-4f2a-a819-c721e88b01a1\";s:1:\"b\";s:17:\"permission-delete\";s:1:\"c\";s:3:\"web\";s:1:\"r\";a:1:{i:0;s:36:\"9e379d7c-f6ce-4134-9bc5-4f50ac5997da\";}}i:46;a:4:{s:1:\"a\";s:36:\"9e522638-67f9-47a0-83d9-ab9cfba07b73\";s:1:\"b\";s:14:\"aplikasi-index\";s:1:\"c\";s:3:\"web\";s:1:\"r\";a:1:{i:0;s:36:\"9e379d7c-f6ce-4134-9bc5-4f50ac5997da\";}}i:47;a:4:{s:1:\"a\";s:36:\"9e59d59c-27e7-4a96-935f-e95392e11066\";s:1:\"b\";s:21:\"pengaturan-perusahaan\";s:1:\"c\";s:3:\"web\";s:1:\"r\";a:1:{i:0;s:36:\"9e379d80-513c-4b03-943d-f3fcbd1fcc92\";}}}s:5:\"roles\";a:3:{i:0;a:3:{s:1:\"a\";s:36:\"9e379d7c-f6ce-4134-9bc5-4f50ac5997da\";s:1:\"b\";s:9:\"DEVELOPER\";s:1:\"c\";s:3:\"web\";}i:1;a:3:{s:1:\"a\";s:36:\"9e379d80-513c-4b03-943d-f3fcbd1fcc92\";s:1:\"b\";s:7:\"PEMILIK\";s:1:\"c\";s:3:\"web\";}i:2;a:3:{s:1:\"a\";s:36:\"9e379d80-599c-4f6e-a337-aa3ba3b0446d\";s:1:\"b\";s:7:\"PEGAWAI\";s:1:\"c\";s:3:\"web\";}}}', 1747482130);
INSERT INTO `cache` VALUES ('user-9e4bc8c7-6734-4bb1-a18d-170a7430727d', 's:3:\"GUN\";', 1747397889);
INSERT INTO `cache` VALUES ('user-9e55e4ec-dfe3-4aec-8fb4-3f38b5b1fa03', 's:6:\"Raning\";', 1747397889);
INSERT INTO `cache` VALUES ('user-timezone-9e4bc8c7-6734-4bb1-a18d-170a7430727d', 's:12:\"Asia/Jakarta\";', 1747397889);
INSERT INTO `cache` VALUES ('user-timezone-9e4bcb66-7d48-4aec-8f27-716cebd438b7', 's:12:\"Asia/Jakarta\";', 1741951398);

-- ----------------------------
-- Table structure for cache_locks
-- ----------------------------
DROP TABLE IF EXISTS `cache_locks`;
CREATE TABLE `cache_locks`  (
  `key` varchar(255) CHARACTER SET utf8mb4 COLLATE utf8mb4_unicode_ci NOT NULL,
  `owner` varchar(255) CHARACTER SET utf8mb4 COLLATE utf8mb4_unicode_ci NOT NULL,
  `expiration` int(11) NOT NULL,
  PRIMARY KEY (`key`) USING BTREE
) ENGINE = InnoDB CHARACTER SET = utf8mb4 COLLATE = utf8mb4_unicode_ci ROW_FORMAT = Dynamic;

-- ----------------------------
-- Records of cache_locks
-- ----------------------------

-- ----------------------------
-- Table structure for failed_jobs
-- ----------------------------
DROP TABLE IF EXISTS `failed_jobs`;
CREATE TABLE `failed_jobs`  (
  `id` bigint(20) UNSIGNED NOT NULL AUTO_INCREMENT,
  `uuid` varchar(255) CHARACTER SET utf8mb4 COLLATE utf8mb4_unicode_ci NOT NULL,
  `connection` text CHARACTER SET utf8mb4 COLLATE utf8mb4_unicode_ci NOT NULL,
  `queue` text CHARACTER SET utf8mb4 COLLATE utf8mb4_unicode_ci NOT NULL,
  `payload` longtext CHARACTER SET utf8mb4 COLLATE utf8mb4_unicode_ci NOT NULL,
  `exception` longtext CHARACTER SET utf8mb4 COLLATE utf8mb4_unicode_ci NOT NULL,
  `failed_at` timestamp NOT NULL DEFAULT current_timestamp(),
  PRIMARY KEY (`id`) USING BTREE,
  UNIQUE INDEX `failed_jobs_uuid_unique`(`uuid`) USING BTREE
) ENGINE = InnoDB AUTO_INCREMENT = 1 CHARACTER SET = utf8mb4 COLLATE = utf8mb4_unicode_ci ROW_FORMAT = Dynamic;

-- ----------------------------
-- Records of failed_jobs
-- ----------------------------

-- ----------------------------
-- Table structure for job_batches
-- ----------------------------
DROP TABLE IF EXISTS `job_batches`;
CREATE TABLE `job_batches`  (
  `id` varchar(255) CHARACTER SET utf8mb4 COLLATE utf8mb4_unicode_ci NOT NULL,
  `name` varchar(255) CHARACTER SET utf8mb4 COLLATE utf8mb4_unicode_ci NOT NULL,
  `total_jobs` int(11) NOT NULL,
  `pending_jobs` int(11) NOT NULL,
  `failed_jobs` int(11) NOT NULL,
  `failed_job_ids` longtext CHARACTER SET utf8mb4 COLLATE utf8mb4_unicode_ci NOT NULL,
  `options` mediumtext CHARACTER SET utf8mb4 COLLATE utf8mb4_unicode_ci NULL DEFAULT NULL,
  `cancelled_at` int(11) NULL DEFAULT NULL,
  `created_at` int(11) NOT NULL,
  `finished_at` int(11) NULL DEFAULT NULL,
  PRIMARY KEY (`id`) USING BTREE
) ENGINE = InnoDB CHARACTER SET = utf8mb4 COLLATE = utf8mb4_unicode_ci ROW_FORMAT = Dynamic;

-- ----------------------------
-- Records of job_batches
-- ----------------------------

-- ----------------------------
-- Table structure for jobs
-- ----------------------------
DROP TABLE IF EXISTS `jobs`;
CREATE TABLE `jobs`  (
  `id` bigint(20) UNSIGNED NOT NULL AUTO_INCREMENT,
  `queue` varchar(255) CHARACTER SET utf8mb4 COLLATE utf8mb4_unicode_ci NOT NULL,
  `payload` longtext CHARACTER SET utf8mb4 COLLATE utf8mb4_unicode_ci NOT NULL,
  `attempts` tinyint(3) UNSIGNED NOT NULL,
  `reserved_at` int(10) UNSIGNED NULL DEFAULT NULL,
  `available_at` int(10) UNSIGNED NOT NULL,
  `created_at` int(10) UNSIGNED NOT NULL,
  PRIMARY KEY (`id`) USING BTREE,
  INDEX `jobs_queue_index`(`queue`) USING BTREE
) ENGINE = InnoDB AUTO_INCREMENT = 2 CHARACTER SET = utf8mb4 COLLATE = utf8mb4_unicode_ci ROW_FORMAT = Dynamic;

-- ----------------------------
-- Records of jobs
-- ----------------------------
INSERT INTO `jobs` VALUES (1, 'default', '{\"uuid\":\"2b7b6f9f-363a-406f-bdb8-85ed5d11a1b2\",\"displayName\":\"App\\\\Jobs\\\\SendNotificationWhatsApp\",\"job\":\"Illuminate\\\\Queue\\\\CallQueuedHandler@call\",\"maxTries\":null,\"maxExceptions\":null,\"failOnTimeout\":false,\"backoff\":null,\"timeout\":null,\"retryUntil\":null,\"data\":{\"commandName\":\"App\\\\Jobs\\\\SendNotificationWhatsApp\",\"command\":\"O:33:\\\"App\\\\Jobs\\\\SendNotificationWhatsApp\\\":3:{s:9:\\\"\\u0000*\\u0000target\\\";s:12:\\\"085201365883\\\";s:10:\\\"\\u0000*\\u0000message\\\";s:495:\\\"\\r\\n Konfirmasi Pembayaran Internet Berhasil\\r\\n\\r\\nHalo Heny ,\\r\\n\\r\\nTerima kasih! Kami telah menerima pembayaran internet Anda dengan rincian sebagai berikut:\\r\\n\\r\\nNama        : Heny\\r\\nAlamat      : Karangrejo, Kesesi, Kebupaten Pekalongan\\r\\nPeriode     : 2025-02\\r\\nNominal     : 150.000\\r\\n\\r\\nTerima kasih telah menggunakan layanan kami! \\r\\nTerima kasih sudah mempercayakan layanan internet Anda kepada kami. Selamat menikmati koneksi yang cepat dan stabil! \\r\\n\\r\\nSalam,\\r\\nPT ABATA TECH SOLUTION\\r\\n\\\";s:5:\\\"delay\\\";O:25:\\\"Illuminate\\\\Support\\\\Carbon\\\":3:{s:4:\\\"date\\\";s:26:\\\"2025-02-25 18:44:53.126499\\\";s:13:\\\"timezone_type\\\";i:3;s:8:\\\"timezone\\\";s:12:\\\"Asia\\/Jakarta\\\";}}\"}}', 0, NULL, 1740483893, 1740483883);

-- ----------------------------
-- Table structure for migrations
-- ----------------------------
DROP TABLE IF EXISTS `migrations`;
CREATE TABLE `migrations`  (
  `id` int(10) UNSIGNED NOT NULL AUTO_INCREMENT,
  `migration` varchar(255) CHARACTER SET utf8mb4 COLLATE utf8mb4_unicode_ci NOT NULL,
  `batch` int(11) NOT NULL,
  PRIMARY KEY (`id`) USING BTREE
) ENGINE = InnoDB AUTO_INCREMENT = 13 CHARACTER SET = utf8mb4 COLLATE = utf8mb4_unicode_ci ROW_FORMAT = Dynamic;

-- ----------------------------
-- Records of migrations
-- ----------------------------
INSERT INTO `migrations` VALUES (1, '0001_01_01_000000_create_users_table', 1);
INSERT INTO `migrations` VALUES (2, '0001_01_01_000001_create_cache_table', 1);
INSERT INTO `migrations` VALUES (3, '0001_01_01_000002_create_jobs_table', 1);
INSERT INTO `migrations` VALUES (4, '2024_12_24_185911_create_permission_tables', 1);
INSERT INTO `migrations` VALUES (5, '2024_12_26_193807_create_zona_waktus_table', 1);
INSERT INTO `migrations` VALUES (6, '2024_12_26_193820_create_paket_internets_table', 1);
INSERT INTO `migrations` VALUES (7, '2024_12_26_193830_create_perusahaans_table', 1);
INSERT INTO `migrations` VALUES (8, '2024_12_26_193838_create_pelanggans_table', 1);
INSERT INTO `migrations` VALUES (9, '2024_12_26_193904_create_user_perusahaans_table', 1);
INSERT INTO `migrations` VALUES (10, '2024_12_26_194514_create_transaksis_table', 1);
INSERT INTO `migrations` VALUES (11, '2025_02_15_140929_create_odps_table', 1);
INSERT INTO `migrations` VALUES (12, '2025_02_20_174012_create_pembayarans_table', 2);

-- ----------------------------
-- Table structure for model_has_permissions
-- ----------------------------
DROP TABLE IF EXISTS `model_has_permissions`;
CREATE TABLE `model_has_permissions`  (
  `permission_id` char(36) CHARACTER SET utf8mb4 COLLATE utf8mb4_unicode_ci NOT NULL,
  `model_type` varchar(255) CHARACTER SET utf8mb4 COLLATE utf8mb4_unicode_ci NOT NULL,
  `model_id` char(36) CHARACTER SET utf8mb4 COLLATE utf8mb4_unicode_ci NOT NULL,
  PRIMARY KEY (`permission_id`, `model_id`, `model_type`) USING BTREE,
  INDEX `model_has_permissions_model_id_model_type_index`(`model_id`, `model_type`) USING BTREE,
  CONSTRAINT `model_has_permissions_permission_id_foreign` FOREIGN KEY (`permission_id`) REFERENCES `permissions` (`uuid`) ON DELETE CASCADE ON UPDATE RESTRICT
) ENGINE = InnoDB CHARACTER SET = utf8mb4 COLLATE = utf8mb4_unicode_ci ROW_FORMAT = Dynamic;

-- ----------------------------
-- Records of model_has_permissions
-- ----------------------------

-- ----------------------------
-- Table structure for model_has_roles
-- ----------------------------
DROP TABLE IF EXISTS `model_has_roles`;
CREATE TABLE `model_has_roles`  (
  `role_id` char(36) CHARACTER SET utf8mb4 COLLATE utf8mb4_unicode_ci NOT NULL,
  `model_type` varchar(255) CHARACTER SET utf8mb4 COLLATE utf8mb4_unicode_ci NOT NULL,
  `model_id` char(36) CHARACTER SET utf8mb4 COLLATE utf8mb4_unicode_ci NOT NULL,
  PRIMARY KEY (`role_id`, `model_id`, `model_type`) USING BTREE,
  INDEX `model_has_roles_model_id_model_type_index`(`model_id`, `model_type`) USING BTREE,
  CONSTRAINT `model_has_roles_role_id_foreign` FOREIGN KEY (`role_id`) REFERENCES `roles` (`uuid`) ON DELETE CASCADE ON UPDATE RESTRICT
) ENGINE = InnoDB CHARACTER SET = utf8mb4 COLLATE = utf8mb4_unicode_ci ROW_FORMAT = Dynamic;

-- ----------------------------
-- Records of model_has_roles
-- ----------------------------
INSERT INTO `model_has_roles` VALUES ('9e379d7c-f6ce-4134-9bc5-4f50ac5997da', 'App\\Models\\User', '9e379d80-4ec0-4314-b6ba-358a259ec70f');
INSERT INTO `model_has_roles` VALUES ('9e379d80-513c-4b03-943d-f3fcbd1fcc92', 'App\\Models\\User', '9e37a367-c07f-489f-8367-8779081246d1');
INSERT INTO `model_has_roles` VALUES ('9e379d80-599c-4f6e-a337-aa3ba3b0446d', 'App\\Models\\User', '9e38edc1-2230-406c-9594-c7cb9d9b694e');
INSERT INTO `model_has_roles` VALUES ('9e379d80-513c-4b03-943d-f3fcbd1fcc92', 'App\\Models\\User', '9e4203af-2072-4534-b7d3-ac559b9ec721');
INSERT INTO `model_has_roles` VALUES ('9e379d80-513c-4b03-943d-f3fcbd1fcc92', 'App\\Models\\User', '9e4bc8c7-6734-4bb1-a18d-170a7430727d');
INSERT INTO `model_has_roles` VALUES ('9e379d80-513c-4b03-943d-f3fcbd1fcc92', 'App\\Models\\User', '9e4bcb66-7d48-4aec-8f27-716cebd438b7');
INSERT INTO `model_has_roles` VALUES ('9e379d80-599c-4f6e-a337-aa3ba3b0446d', 'App\\Models\\User', '9e55e4ec-dfe3-4aec-8fb4-3f38b5b1fa03');

-- ----------------------------
-- Table structure for odps
-- ----------------------------
DROP TABLE IF EXISTS `odps`;
CREATE TABLE `odps`  (
  `id` char(36) CHARACTER SET utf8mb4 COLLATE utf8mb4_unicode_ci NOT NULL,
  `perusahaan_id` char(36) CHARACTER SET utf8mb4 COLLATE utf8mb4_unicode_ci NULL DEFAULT NULL COMMENT 'id perusahaan',
  `nama` varchar(255) CHARACTER SET utf8mb4 COLLATE utf8mb4_unicode_ci NULL DEFAULT NULL,
  `alamat` varchar(255) CHARACTER SET utf8mb4 COLLATE utf8mb4_unicode_ci NULL DEFAULT NULL,
  `koordinat` varchar(255) CHARACTER SET utf8mb4 COLLATE utf8mb4_unicode_ci NULL DEFAULT NULL,
  `deleted_at` timestamp NULL DEFAULT NULL,
  `created_at` timestamp NULL DEFAULT NULL,
  `updated_at` timestamp NULL DEFAULT NULL,
  PRIMARY KEY (`id`) USING BTREE
) ENGINE = InnoDB CHARACTER SET = utf8mb4 COLLATE = utf8mb4_unicode_ci ROW_FORMAT = Dynamic;

-- ----------------------------
-- Records of odps
-- ----------------------------
INSERT INTO `odps` VALUES ('9e4bcbe3-f94a-4359-917b-e601b4fa08a3', '9e4bcaa4-c644-46ad-ac4a-3f98829d6a35', 'KARANGREJO - 001', 'Karangrejo, Kesesi, Kebupaten Pekalongan', '[109.5261209245839353343399125151336193084716796875,-7.0179236835203226974044810049235820770263671875]', NULL, '2025-02-25 18:43:24', '2025-02-25 18:43:24');
INSERT INTO `odps` VALUES ('9e4bf034-c6ca-4c52-bbc3-d85621562fec', '9e37a0c9-2ccc-45ba-8853-c9b92b95c97f', 'ODP-KRJ01-KSS', 'Ds.KarangrejoKesesi', '[109.52074719052023965559783391654491424560546875,-7.0172880761875831012730486690998077392578125]', NULL, '2025-02-25 20:24:57', '2025-02-25 20:24:57');
INSERT INTO `odps` VALUES ('9e52a26f-ef0e-4522-a9c3-d91d728065cc', '9e37a0c9-2ccc-45ba-8853-c9b92b95c97f', 'ODP-GBK-SBG01', 'Dk.Sibango Ds. Gebangkerep-Sragi', '[109.5636087908616076447287923656404018402099609375,-6.94817832423240133721265010535717010498046875]', NULL, '2025-03-01 04:18:17', '2025-03-01 04:18:17');
INSERT INTO `odps` VALUES ('9e52a2b3-2f9d-4670-a73a-61491ce65d38', '9e37a0c9-2ccc-45ba-8853-c9b92b95c97f', 'ODP-GBK-SBG02', 'Dk.Sibango Ds. Gebangkerep-Sragi', '[109.5632829073935425867603044025599956512451171875,-6.946098670790405549269053153693675994873046875]', NULL, '2025-03-01 04:19:01', '2025-03-01 04:19:01');
INSERT INTO `odps` VALUES ('9e52fa97-2edd-471d-8c01-58bc0ab0da25', '9e37a0c9-2ccc-45ba-8853-c9b92b95c97f', 'ODC-ODP-SMKD-FLM1', 'Dk. Peklontongan Ds. Sumubkidul-Sragi', '[109.53834921678526370669715106487274169921875,-6.9686830582700025615849881432950496673583984375]', NULL, '2025-03-01 08:24:47', '2025-03-03 13:12:52');
INSERT INTO `odps` VALUES ('9e52fae3-6e22-4f7e-bdeb-4f52e61dbe03', '9e37a0c9-2ccc-45ba-8853-c9b92b95c97f', 'ODP-SMKD-MWR1', 'Dk. Peklontongan Ds. Sumubkidul-Sragi', '[109.5385753574856124714642646722495555877685546875,-6.9677760127722052629906102083623409271240234375]', NULL, '2025-03-01 08:25:37', '2025-03-01 08:25:37');
INSERT INTO `odps` VALUES ('9e52fb6d-35a9-41e2-9b2c-919a7d84a350', '9e37a0c9-2ccc-45ba-8853-c9b92b95c97f', 'ODP-SMKD-MWR2', 'Dk. Peklontongan Ds. Sumubkidul-Sragi', '[109.5396868300183967903649318031966686248779296875,-6.9680800909067528436935390345752239227294921875]', NULL, '2025-03-01 08:27:07', '2025-03-01 08:27:07');
INSERT INTO `odps` VALUES ('9e52fbb0-554e-4fe3-b0f0-3865dddd04bf', '9e37a0c9-2ccc-45ba-8853-c9b92b95c97f', 'ODP-SMKD-MWR3', 'Dk. Peklontongan Ds. Sumubkidul-Sragi', '[109.540218199411668820175691507756710052490234375,-6.9681919998092070045458967797458171844482421875]', NULL, '2025-03-01 08:27:51', '2025-03-01 08:27:51');
INSERT INTO `odps` VALUES ('9e52fdf0-44c9-4706-b7c9-9585075848b6', '9e37a0c9-2ccc-45ba-8853-c9b92b95c97f', 'ODP-SMKD-BLDS1', 'Dk. Peklontongan Ds. Sumubkidul-Sragi', '[109.538276951856374807903193868696689605712890625,-6.9673217167769934121679398231208324432373046875]', NULL, '2025-03-01 08:34:08', '2025-03-01 08:34:08');
INSERT INTO `odps` VALUES ('9e53054c-5ae5-4c33-a45a-7c8e7954b70e', '9e37a0c9-2ccc-45ba-8853-c9b92b95c97f', 'ODC-ODP-SMKD-KRGM1', 'Dk. Karangmas Ds. Sumubkidul-Sragi', '[109.5396915279949183741337037645280361175537109375,-6.97064145544317170788417570292949676513671875]', NULL, '2025-03-01 08:54:43', '2025-03-07 11:34:01');
INSERT INTO `odps` VALUES ('9e5305c2-22cc-4295-b4e7-772042099e9c', '9e37a0c9-2ccc-45ba-8853-c9b92b95c97f', 'ODP-SMKD-KRGM2', 'Dk.Karangmas Ds.Sumubkidul-Sragi', '[109.5381958350202040719523211009800434112548828125,-6.971231767761338460331899113953113555908203125]', NULL, '2025-03-01 08:56:00', '2025-03-01 08:56:00');
INSERT INTO `odps` VALUES ('9e530620-e908-4297-b109-b5be980862bc', '9e37a0c9-2ccc-45ba-8853-c9b92b95c97f', 'ODP-SMKD-KRGM3', 'Dk.Karangmas Ds.Sumubkidul-Sragi', '[109.5391182189866725593674345873296260833740234375,-6.971417775848834708085632883012294769287109375]', NULL, '2025-03-01 08:57:02', '2025-03-01 08:57:02');
INSERT INTO `odps` VALUES ('9e530880-d287-4bc0-9e38-dac009842347', '9e37a0c9-2ccc-45ba-8853-c9b92b95c97f', 'ODP-BLKS-BBD1', 'Dk.Babadan Ds. Bulaksari-Sragi', '[109.5271398505982034521366585977375507354736328125,-6.9621718728545829435461200773715972900390625]', NULL, '2025-03-01 09:03:41', '2025-03-01 09:03:41');
INSERT INTO `odps` VALUES ('9e533c08-d026-4cd5-a872-411a52c79518', '9e37a0c9-2ccc-45ba-8853-c9b92b95c97f', 'ODP-GBK-STU01', 'Dk. Santri Urip Ds. Gebangkerep-Sragi', '[109.564784738588315349261392839252948760986328125,-6.9531666431479806078641558997333049774169921875]', NULL, '2025-03-01 11:27:46', '2025-03-01 11:27:46');
INSERT INTO `odps` VALUES ('9e53c557-7cbd-471e-aec3-b111e7398200', '9e37a0c9-2ccc-45ba-8853-c9b92b95c97f', 'ODP-PRJ-PPD1', 'Dk.Pepedan Ds.Pantirejo-Kesesi', '[109.5309936747673162926730583421885967254638671875,-6.9774863004171692182353581301867961883544921875]', NULL, '2025-03-01 17:51:43', '2025-03-01 17:51:43');
INSERT INTO `odps` VALUES ('9e5408a3-1109-46d2-92ba-f3c95c876dda', '9e37a0c9-2ccc-45ba-8853-c9b92b95c97f', 'ODP-SMKD-KRGM4', 'Dk.Karangmas Ds.Sumubkidul-Sragi', '[109.5396054414043049973770393989980220794677734375,-6.97110359617744279603357426822185516357421875]', NULL, '2025-03-01 20:59:53', '2025-03-01 20:59:53');
INSERT INTO `odps` VALUES ('9e542359-59f0-48b3-adc2-21a82efb53f1', '9e37a0c9-2ccc-45ba-8853-c9b92b95c97f', 'ODP-BLP-TPC02', 'Dk.Tegalpacing-Ds.Bulakpelem-Sragi', '[109.561959053764070404213271103799343109130859375,-6.9349908779292519511727732606232166290283203125]', NULL, '2025-03-01 22:14:34', '2025-03-01 22:14:34');
INSERT INTO `odps` VALUES ('9e5527bc-5239-4128-b661-0a9a577bb550', '9e37a0c9-2ccc-45ba-8853-c9b92b95c97f', 'ODP-KJB01', 'Dk.Kalijambe Kidul Ds.Kalijambe-Sragi', '[109.5483558543841127175255678594112396240234375,-6.965654083223085990539402700960636138916015625]', NULL, '2025-03-02 10:22:40', '2025-03-02 10:22:40');
INSERT INTO `odps` VALUES ('9e560271-c1e4-436e-8709-6f3c1a351775', '9e37a0c9-2ccc-45ba-8853-c9b92b95c97f', 'ODP-SMKD-SKLH01', 'Ds. Sumubkidul-Sragi', '[109.539325005494646347870002500712871551513671875,-6.9666873403343316795144346542656421661376953125]', NULL, '2025-03-02 20:34:13', '2025-03-02 20:34:13');
INSERT INTO `odps` VALUES ('9e576654-e145-4153-b776-4df957e772f4', '9e37a0c9-2ccc-45ba-8853-c9b92b95c97f', 'ODC-ODP-SMKD-MTN01', 'Ds. Sumubkidul-Sragi', '[109.5385867488776057143695652484893798828125,-6.9656254943936488643885240890085697174072265625]', NULL, '2025-03-03 13:09:21', '2025-03-07 11:37:59');
INSERT INTO `odps` VALUES ('9e576681-8a8f-4f9a-b0c5-701eb513704d', '9e37a0c9-2ccc-45ba-8853-c9b92b95c97f', 'ODC-ODP-SMKD-KBJ01', 'Ds. Sumubkidul-Sragi', '[109.5386813712824078947960515506565570831298828125,-6.9644974328011670650084852240979671478271484375]', NULL, '2025-03-03 13:09:51', '2025-03-05 21:14:29');
INSERT INTO `odps` VALUES ('9e5766b7-93be-4fad-ba14-bc2b32f72b8a', '9e37a0c9-2ccc-45ba-8853-c9b92b95c97f', 'ODP-SMKD-KPL01', 'Ds. Sumubkidul-Sragi', '[109.538956790067601332339108921587467193603515625,-6.96348505899203473745728842914104461669921875]', NULL, '2025-03-03 13:10:26', '2025-03-03 13:10:26');
INSERT INTO `odps` VALUES ('9e5766d9-7223-4eb5-a43e-3a986c93f095', '9e37a0c9-2ccc-45ba-8853-c9b92b95c97f', 'ODP-SMKD-ANK01', 'Ds. Sumubkidul-Sragi', '[109.5400085052030618726348620839416980743408203125,-6.9637653713567573277032352052628993988037109375]', NULL, '2025-03-03 13:10:48', '2025-03-03 13:10:48');
INSERT INTO `odps` VALUES ('9e57670c-200b-4752-a3fe-d4b7821e20d6', '9e37a0c9-2ccc-45ba-8853-c9b92b95c97f', 'ODP-SMKD-HWR01', 'Ds. Sumubkidul-Sragi', '[109.537604441628417362153413705527782440185546875,-6.9630933629904490089757018722593784332275390625]', NULL, '2025-03-03 13:11:21', '2025-03-03 13:11:21');
INSERT INTO `odps` VALUES ('9e5768b1-bef6-4966-b08c-711b8c6a5435', '9e37a0c9-2ccc-45ba-8853-c9b92b95c97f', 'ODP-SMKD-GW01', 'Ds. Sumubkidul-Sragi', '[109.53951568838027696983772329986095428466796875,-6.969296858121339255376369692385196685791015625]', NULL, '2025-03-03 13:15:58', '2025-03-03 13:15:58');
INSERT INTO `odps` VALUES ('9e576917-554d-447a-832d-bd8c614a03e4', '9e37a0c9-2ccc-45ba-8853-c9b92b95c97f', 'ODP-SMKD-WHY01', 'Ds. Sumubkidul-Sragi', '[109.538255494238825349384569562971591949462890625,-6.969084423450794929522089660167694091796875]', NULL, '2025-03-03 13:17:04', '2025-03-03 13:17:04');
INSERT INTO `odps` VALUES ('9e576b53-2971-4f72-8c3e-b2e670541ab9', '9e37a0c9-2ccc-45ba-8853-c9b92b95c97f', 'ODP-SMKD-TGH01', 'Ds. Sumubkidul-Sragi', '[109.5405715346012271993458853103220462799072265625,-6.9703204588826537246859516017138957977294921875]', NULL, '2025-03-03 13:23:19', '2025-03-03 13:23:19');
INSERT INTO `odps` VALUES ('9e576b72-5aa8-4bb0-a28d-a9fd1f28bf5d', '9e37a0c9-2ccc-45ba-8853-c9b92b95c97f', 'ODP-SMKD-MKM01', 'Ds. Sumubkidul-Sragi', '[109.5406080536350117426991346292197704315185546875,-6.96953425798761827536509372293949127197265625]', NULL, '2025-03-03 13:23:39', '2025-03-03 13:23:39');
INSERT INTO `odps` VALUES ('9e576bab-9465-46ba-9a3c-bc7c23a2ad05', '9e37a0c9-2ccc-45ba-8853-c9b92b95c97f', 'ODP-SMKD-KSR01', 'Ds. Sumubkidul-Sragi', '[109.5390199616395676684987847693264484405517578125,-6.96238543986947888697613961994647979736328125]', NULL, '2025-03-03 13:24:17', '2025-03-03 13:24:17');
INSERT INTO `odps` VALUES ('9e57811c-8f2d-4497-9e56-281a2532b74d', '9e37a0c9-2ccc-45ba-8853-c9b92b95c97f', 'ODP-SML-BND01', 'Ds. Sumulor-Sragi', '[109.536688844570477385786944068968296051025390625,-6.962874350676173662577639333903789520263671875]', NULL, '2025-03-03 14:24:14', '2025-03-03 14:24:14');
INSERT INTO `odps` VALUES ('9e5928f1-5d84-496b-b483-f3a16dd3c6d2', '9e37a0c9-2ccc-45ba-8853-c9b92b95c97f', 'ODP-BLP-TPC03', 'Dk. Tegalpacing-Ds. Bulakpelem', '[109.5608769156752799744936055503785610198974609375,-6.9332828078211576894318568520247936248779296875]', NULL, '2025-03-04 10:09:21', '2025-03-04 10:09:21');
INSERT INTO `odps` VALUES ('9e597737-7a64-414d-bdc8-2df773c40cf6', '9e37a0c9-2ccc-45ba-8853-c9b92b95c97f', 'ODP-PRJ-JBL01', 'Dk.Jlubang Ds.Pantirejo-Kesesi', '[109.52179438104258224484510719776153564453125,-6.97826736107600709146936424076557159423828125]', NULL, '2025-03-04 13:48:14', '2025-03-04 13:48:14');
INSERT INTO `odps` VALUES ('9e5b7284-f531-42ec-ab7d-16290498c668', '9e37a0c9-2ccc-45ba-8853-c9b92b95c97f', 'ODP-PRJ-PPD02', 'Dk. Pepedan-Ds.Pantirejo-Kesesi', '[109.5305989810785689542171894572675228118896484375,-6.9763978843638625448875245638191699981689453125]', NULL, '2025-03-05 13:26:45', '2025-03-05 13:26:45');
INSERT INTO `odps` VALUES ('9e5b7415-77d2-4521-b8ca-bde488c46be9', '9e37a0c9-2ccc-45ba-8853-c9b92b95c97f', 'ODC-ODP-GBK-KTG01', 'Dk. Ketagihan Ds. Gebangkerep-Sragi', '[109.564515735818446273697190918028354644775390625,-6.9500798369165437406991259194910526275634765625]', NULL, '2025-03-05 13:31:07', '2025-03-05 13:31:07');
INSERT INTO `odps` VALUES ('9e5b74cb-8120-43ea-815c-0e760fac2304', '9e37a0c9-2ccc-45ba-8853-c9b92b95c97f', 'ODP-SJR-KRD01', 'Dk.Krandon Ds. Sijeruk-Sragi', '[109.557702336991241054420243017375469207763671875,-6.925195707340350281810970045626163482666015625]', NULL, '2025-03-05 13:33:07', '2025-03-05 13:33:07');
INSERT INTO `odps` VALUES ('9e5b8992-a2e5-441b-81d2-77dfa691ae0a', '9e37a0c9-2ccc-45ba-8853-c9b92b95c97f', 'ODP-SMKD-GRD01', 'Ds. Sumubkidul-Sragi', '[109.541262571406832648790441453456878662109375,-6.9712050838718511158731416799128055572509765625]', NULL, '2025-03-05 14:31:13', '2025-03-05 14:31:13');
INSERT INTO `odps` VALUES ('9e5c1a34-e078-4c96-bfb1-3f10d522607a', '9e37a0c9-2ccc-45ba-8853-c9b92b95c97f', 'ODP-SMKD-KBJ02', 'Ds. Sumubkidul-Sragi', '[109.5381659590077987331824260763823986053466796875,-6.96435159999646202777512371540069580078125]', NULL, '2025-03-05 21:15:38', '2025-03-05 21:15:38');
INSERT INTO `odps` VALUES ('9e5f3c83-d019-4e33-abd5-0ba68d57034b', '9e37a0c9-2ccc-45ba-8853-c9b92b95c97f', 'ODP-PRJ-JBL02', 'Dk.Jlubang-Ds. Pantirejo-Kesesi', '[109.5212925429020884848796413280069828033447265625,-6.977275121285146042282576672732830047607421875]', NULL, '2025-03-07 10:39:03', '2025-03-07 10:39:03');
INSERT INTO `odps` VALUES ('9e5f5219-4b2c-4eda-997e-ad589f7dc41b', '9e37a0c9-2ccc-45ba-8853-c9b92b95c97f', 'ODP-SMKD-MTN02', 'Ds. Sumubkidul-Sragi', '[109.539624276973341920893290080130100250244140625,-6.96583558356513776743668131530284881591796875]', NULL, '2025-03-07 11:39:24', '2025-03-07 11:39:24');
INSERT INTO `odps` VALUES ('9e5f523d-0680-47c0-b9b4-00e0e97b08fa', '9e37a0c9-2ccc-45ba-8853-c9b92b95c97f', 'ODP-SMKD-MTN03', 'Ds. Sumubkidul-Sragi', '[109.5398107490281205400606268085539340972900390625,-6.9652138517870838541057310067117214202880859375]', NULL, '2025-03-07 11:39:48', '2025-03-07 11:39:48');

-- ----------------------------
-- Table structure for paket_internets
-- ----------------------------
DROP TABLE IF EXISTS `paket_internets`;
CREATE TABLE `paket_internets`  (
  `id` char(36) CHARACTER SET utf8mb4 COLLATE utf8mb4_unicode_ci NOT NULL,
  `perusahaan_id` char(36) CHARACTER SET utf8mb4 COLLATE utf8mb4_unicode_ci NULL DEFAULT NULL COMMENT 'id perusahaan',
  `nama` varchar(255) CHARACTER SET utf8mb4 COLLATE utf8mb4_unicode_ci NULL DEFAULT NULL,
  `harga` bigint(20) NULL DEFAULT NULL,
  `deleted_at` timestamp NULL DEFAULT NULL,
  `created_at` timestamp NULL DEFAULT NULL,
  `updated_at` timestamp NULL DEFAULT NULL,
  PRIMARY KEY (`id`) USING BTREE
) ENGINE = InnoDB CHARACTER SET = utf8mb4 COLLATE = utf8mb4_unicode_ci ROW_FORMAT = Dynamic;

-- ----------------------------
-- Records of paket_internets
-- ----------------------------
INSERT INTO `paket_internets` VALUES ('03441136-f55a-11ef-947b-b8ca3af85f26', '9e37a0c9-2ccc-45ba-8853-c9b92b95c97f', 'Up to 15Mbps', 200000, NULL, '2025-02-28 05:24:42', '2025-02-28 05:24:42');
INSERT INTO `paket_internets` VALUES ('0951c412-f55a-11ef-947b-b8ca3af85f26', '9e37a0c9-2ccc-45ba-8853-c9b92b95c97f', 'Up to 20Mbps', 250000, NULL, '2025-02-28 05:24:42', '2025-02-28 05:24:42');
INSERT INTO `paket_internets` VALUES ('9e4bcbc0-bc8f-4a67-a282-eb2cad3694c7', '9e4bcaa4-c644-46ad-ac4a-3f98829d6a35', 'UP To 10 Mbps', 150000, NULL, '2025-02-25 18:43:01', '2025-02-25 18:43:01');
INSERT INTO `paket_internets` VALUES ('9e52a82f-4078-4192-80f0-e1d2ecc55043', '9e37a0c9-2ccc-45ba-8853-c9b92b95c97f', 'Up to 12mbps Instansi', 166500, NULL, '2025-03-01 04:34:21', '2025-03-01 04:34:21');
INSERT INTO `paket_internets` VALUES ('9e52a863-cdbc-4e55-9d91-4158a2110057', '9e37a0c9-2ccc-45ba-8853-c9b92b95c97f', 'Up to 15mbps Instansi', 222000, NULL, '2025-03-01 04:34:56', '2025-03-01 04:35:38');
INSERT INTO `paket_internets` VALUES ('c51f7311-f559-11ef-947b-b8ca3af85f26', '9e37a0c9-2ccc-45ba-8853-c9b92b95c97f', 'Up to 3Mbps', 100000, NULL, '2025-02-28 05:24:42', '2025-02-28 05:24:42');
INSERT INTO `paket_internets` VALUES ('e0bfbdf8-f559-11ef-947b-b8ca3af85f26', '9e37a0c9-2ccc-45ba-8853-c9b92b95c97f', 'Up to 5Mbps', 125000, NULL, '2025-02-28 05:24:42', '2025-02-28 05:24:42');
INSERT INTO `paket_internets` VALUES ('ed525232-f559-11ef-947b-b8ca3af85f26', '9e37a0c9-2ccc-45ba-8853-c9b92b95c97f', 'Up to 10Mbps', 150000, NULL, '2025-02-28 05:24:42', '2025-02-28 05:24:42');
INSERT INTO `paket_internets` VALUES ('fa368320-f559-11ef-947b-b8ca3af85f26', '9e37a0c9-2ccc-45ba-8853-c9b92b95c97f', 'Up to 12Mbps', 165000, NULL, '2025-02-28 05:24:42', '2025-02-28 05:24:42');

-- ----------------------------
-- Table structure for password_reset_tokens
-- ----------------------------
DROP TABLE IF EXISTS `password_reset_tokens`;
CREATE TABLE `password_reset_tokens`  (
  `email` varchar(255) CHARACTER SET utf8mb4 COLLATE utf8mb4_unicode_ci NOT NULL,
  `token` varchar(255) CHARACTER SET utf8mb4 COLLATE utf8mb4_unicode_ci NOT NULL,
  `created_at` timestamp NULL DEFAULT NULL,
  PRIMARY KEY (`email`) USING BTREE
) ENGINE = InnoDB CHARACTER SET = utf8mb4 COLLATE = utf8mb4_unicode_ci ROW_FORMAT = Dynamic;

-- ----------------------------
-- Records of password_reset_tokens
-- ----------------------------

-- ----------------------------
-- Table structure for pelanggans
-- ----------------------------
DROP TABLE IF EXISTS `pelanggans`;
CREATE TABLE `pelanggans`  (
  `id` char(36) CHARACTER SET utf8mb4 COLLATE utf8mb4_unicode_ci NOT NULL,
  `perusahaan_id` char(36) CHARACTER SET utf8mb4 COLLATE utf8mb4_unicode_ci NULL DEFAULT NULL COMMENT 'id perusahaan',
  `odp_id` char(36) CHARACTER SET utf8mb4 COLLATE utf8mb4_unicode_ci NULL DEFAULT NULL COMMENT 'id odp',
  `paket_internet_id` char(36) CHARACTER SET utf8mb4 COLLATE utf8mb4_unicode_ci NULL DEFAULT NULL COMMENT 'id paket internet',
  `nama` varchar(255) CHARACTER SET utf8mb4 COLLATE utf8mb4_unicode_ci NULL DEFAULT NULL,
  `tanggal_bayar` tinyint(4) NULL DEFAULT NULL,
  `telp` varchar(255) CHARACTER SET utf8mb4 COLLATE utf8mb4_unicode_ci NULL DEFAULT NULL,
  `alamat` text CHARACTER SET utf8mb4 COLLATE utf8mb4_unicode_ci NULL DEFAULT NULL,
  `deleted_at` timestamp NULL DEFAULT NULL,
  `created_at` timestamp NULL DEFAULT NULL,
  `updated_at` timestamp NULL DEFAULT NULL,
  PRIMARY KEY (`id`) USING BTREE
) ENGINE = InnoDB CHARACTER SET = utf8mb4 COLLATE = utf8mb4_unicode_ci ROW_FORMAT = Dynamic;

-- ----------------------------
-- Records of pelanggans
-- ----------------------------
INSERT INTO `pelanggans` VALUES ('3c3e1add-f55f-11ef-947b-b8ca3af85f26', '9e37a0c9-2ccc-45ba-8853-c9b92b95c97f', NULL, 'c51f7311-f559-11ef-947b-b8ca3af85f26', 'Hening', 10, NULL, 'Ds. Pantirejo - Kesesi', NULL, NULL, NULL);
INSERT INTO `pelanggans` VALUES ('3c3ee6a8-f55f-11ef-947b-b8ca3af85f26', '9e37a0c9-2ccc-45ba-8853-c9b92b95c97f', NULL, 'c51f7311-f559-11ef-947b-b8ca3af85f26', 'Musleh', 10, NULL, 'Ds. Gebangkerep - Sragi', NULL, NULL, NULL);
INSERT INTO `pelanggans` VALUES ('3c3f42c9-f55f-11ef-947b-b8ca3af85f26', '9e37a0c9-2ccc-45ba-8853-c9b92b95c97f', NULL, 'c51f7311-f559-11ef-947b-b8ca3af85f26', 'Mbk Lili', 20, NULL, 'Ds. Bulakpelem-Sragi', NULL, NULL, NULL);
INSERT INTO `pelanggans` VALUES ('3c4065e7-f55f-11ef-947b-b8ca3af85f26', '9e37a0c9-2ccc-45ba-8853-c9b92b95c97f', '9e52fbb0-554e-4fe3-b0f0-3865dddd04bf', 'e0bfbdf8-f559-11ef-947b-b8ca3af85f26', 'Abdul Rozak', 10, '085640221159', 'Ds. Sumubkidul - Sragi', NULL, NULL, '2025-03-01 08:29:54');
INSERT INTO `pelanggans` VALUES ('3c40d3e0-f55f-11ef-947b-b8ca3af85f26', '9e37a0c9-2ccc-45ba-8853-c9b92b95c97f', '9e52fa97-2edd-471d-8c01-58bc0ab0da25', 'e0bfbdf8-f559-11ef-947b-b8ca3af85f26', 'Beno Slamet', 10, '085848439392', 'Ds. Sumubkidul - Sragi', NULL, NULL, '2025-03-03 13:05:37');
INSERT INTO `pelanggans` VALUES ('3c410246-f55f-11ef-947b-b8ca3af85f26', '9e37a0c9-2ccc-45ba-8853-c9b92b95c97f', '9e52fa97-2edd-471d-8c01-58bc0ab0da25', 'e0bfbdf8-f559-11ef-947b-b8ca3af85f26', 'Sumiati', 10, '085742086118', 'Ds. Sumubkidul - Sragi', NULL, NULL, '2025-03-03 15:54:42');
INSERT INTO `pelanggans` VALUES ('3c411e6a-f55f-11ef-947b-b8ca3af85f26', '9e37a0c9-2ccc-45ba-8853-c9b92b95c97f', NULL, 'e0bfbdf8-f559-11ef-947b-b8ca3af85f26', 'Asmuni', 10, '081325733189', 'Ds. Pantirejo - Kesesi', NULL, NULL, NULL);
INSERT INTO `pelanggans` VALUES ('3c41768a-f55f-11ef-947b-b8ca3af85f26', '9e37a0c9-2ccc-45ba-8853-c9b92b95c97f', NULL, 'e0bfbdf8-f559-11ef-947b-b8ca3af85f26', 'Eva Rizkiana', 10, '089617230430', 'Ds. Bulakpelem - Sragi', NULL, NULL, NULL);
INSERT INTO `pelanggans` VALUES ('3c418beb-f55f-11ef-947b-b8ca3af85f26', '9e37a0c9-2ccc-45ba-8853-c9b92b95c97f', NULL, 'e0bfbdf8-f559-11ef-947b-b8ca3af85f26', 'Sri BH', 10, NULL, 'Ds. Sumubkidul - Sragi', NULL, NULL, NULL);
INSERT INTO `pelanggans` VALUES ('3c41a0d0-f55f-11ef-947b-b8ca3af85f26', '9e37a0c9-2ccc-45ba-8853-c9b92b95c97f', NULL, 'e0bfbdf8-f559-11ef-947b-b8ca3af85f26', 'Jaeni', 15, NULL, 'Ds. Bulakpelem-Sragi', NULL, NULL, NULL);
INSERT INTO `pelanggans` VALUES ('3c420f9a-f55f-11ef-947b-b8ca3af85f26', '9e37a0c9-2ccc-45ba-8853-c9b92b95c97f', '9e4bf034-c6ca-4c52-bbc3-d85621562fec', '03441136-f55a-11ef-947b-b8ca3af85f26', 'Yeni Setya', 10, '085710767389', 'Ds.Karangrejo-Kesesi', NULL, NULL, '2025-03-06 18:23:01');
INSERT INTO `pelanggans` VALUES ('3c422588-f55f-11ef-947b-b8ca3af85f26', '9e37a0c9-2ccc-45ba-8853-c9b92b95c97f', '9e4bf034-c6ca-4c52-bbc3-d85621562fec', 'ed525232-f559-11ef-947b-b8ca3af85f26', 'Guntur', 10, '085201365883', 'Ds. Karangrejo -Kesesi', NULL, NULL, '2025-03-02 18:55:26');
INSERT INTO `pelanggans` VALUES ('3c42422f-f55f-11ef-947b-b8ca3af85f26', '9e37a0c9-2ccc-45ba-8853-c9b92b95c97f', '9e542359-59f0-48b3-adc2-21a82efb53f1', 'ed525232-f559-11ef-947b-b8ca3af85f26', 'Luluk Refi H.', 10, '085640615632', 'Dk.Tegalpacing Ds. Bulakpelem - Sragi', NULL, NULL, '2025-03-01 22:16:41');
INSERT INTO `pelanggans` VALUES ('3c42974c-f55f-11ef-947b-b8ca3af85f26', '9e37a0c9-2ccc-45ba-8853-c9b92b95c97f', '9e53c557-7cbd-471e-aec3-b111e7398200', 'ed525232-f559-11ef-947b-b8ca3af85f26', 'AtmoWikromo', 10, '085713406343', 'Ds. Pantirejo - Kesesi', NULL, NULL, '2025-03-03 05:18:21');
INSERT INTO `pelanggans` VALUES ('3c42b478-f55f-11ef-947b-b8ca3af85f26', '9e37a0c9-2ccc-45ba-8853-c9b92b95c97f', '9e53054c-5ae5-4c33-a45a-7c8e7954b70e', 'ed525232-f559-11ef-947b-b8ca3af85f26', 'Anto Warung', 10, '085', 'Ds. Mulyorejo - Kesesi', NULL, NULL, '2025-03-06 21:08:13');
INSERT INTO `pelanggans` VALUES ('3c42c921-f55f-11ef-947b-b8ca3af85f26', '9e37a0c9-2ccc-45ba-8853-c9b92b95c97f', '9e533c08-d026-4cd5-a872-411a52c79518', 'ed525232-f559-11ef-947b-b8ca3af85f26', 'Narso', 10, '082316209412', 'Ds. Gebangkerep - Sragi', NULL, NULL, '2025-03-03 13:34:13');
INSERT INTO `pelanggans` VALUES ('3c432f85-f55f-11ef-947b-b8ca3af85f26', '9e37a0c9-2ccc-45ba-8853-c9b92b95c97f', '9e5527bc-5239-4128-b661-0a9a577bb550', 'ed525232-f559-11ef-947b-b8ca3af85f26', 'Ratna Ningsih', 10, '081286785101', 'Ds. Kalijambe - Sragi', NULL, NULL, '2025-03-05 20:27:09');
INSERT INTO `pelanggans` VALUES ('3c4348d9-f55f-11ef-947b-b8ca3af85f26', '9e37a0c9-2ccc-45ba-8853-c9b92b95c97f', '9e560271-c1e4-436e-8709-6f3c1a351775', 'ed525232-f559-11ef-947b-b8ca3af85f26', 'Om Tahar', 10, '082328754438', 'Ds. Sumubkidul - Sragi', NULL, NULL, '2025-03-02 20:34:30');
INSERT INTO `pelanggans` VALUES ('3c43a69c-f55f-11ef-947b-b8ca3af85f26', '9e37a0c9-2ccc-45ba-8853-c9b92b95c97f', '9e57811c-8f2d-4497-9e56-281a2532b74d', 'ed525232-f559-11ef-947b-b8ca3af85f26', 'Pak Somad', 10, '085325754725', 'Ds. Sumublor -Sragi', NULL, NULL, '2025-03-03 14:25:08');
INSERT INTO `pelanggans` VALUES ('3c43c475-f55f-11ef-947b-b8ca3af85f26', '9e37a0c9-2ccc-45ba-8853-c9b92b95c97f', NULL, 'ed525232-f559-11ef-947b-b8ca3af85f27', 'Om Yanto/Mbk Sofia', 10, '085742494528', 'Ds. Pantirejo - Kesesi', NULL, NULL, NULL);
INSERT INTO `pelanggans` VALUES ('3c443af8-f55f-11ef-947b-b8ca3af85f26', '9e37a0c9-2ccc-45ba-8853-c9b92b95c97f', NULL, 'ed525232-f559-11ef-947b-b8ca3af85f26', 'Yahya', 10, '085201199262', 'Ds. Sumubkidul - Sragi', NULL, NULL, NULL);
INSERT INTO `pelanggans` VALUES ('3c4451b6-f55f-11ef-947b-b8ca3af85f26', '9e37a0c9-2ccc-45ba-8853-c9b92b95c97f', '9e52a2b3-2f9d-4670-a73a-61491ce65d38', '9e52a863-cdbc-4e55-9d91-4158a2110057', 'SMP 4 Sragi', 10, '08520136588322', 'Ds. Klunjukan - Sragi', NULL, NULL, '2025-03-08 18:29:58');
INSERT INTO `pelanggans` VALUES ('3c4462c7-f55f-11ef-947b-b8ca3af85f26', '9e37a0c9-2ccc-45ba-8853-c9b92b95c97f', NULL, 'ed525232-f559-11ef-947b-b8ca3af85f26', 'Wawan pak Wiryo', 10, '08562573666', 'Ds. Mulyorejo - Kesesi', NULL, NULL, NULL);
INSERT INTO `pelanggans` VALUES ('3c44c5fd-f55f-11ef-947b-b8ca3af85f26', '9e37a0c9-2ccc-45ba-8853-c9b92b95c97f', '9e52fdf0-44c9-4706-b7c9-9585075848b6', 'ed525232-f559-11ef-947b-b8ca3af85f26', 'Imam Malik', 10, '085810045307', 'Ds. Sumubkidul - Sragi', NULL, NULL, '2025-03-02 13:03:14');
INSERT INTO `pelanggans` VALUES ('3c44db57-f55f-11ef-947b-b8ca3af85f26', '9e37a0c9-2ccc-45ba-8853-c9b92b95c97f', NULL, 'ed525232-f559-11ef-947b-b8ca3af85f26', 'Toko yani Jlubang', 10, '087815162684', 'Ds. Pantirejo - Kesesi', NULL, NULL, NULL);
INSERT INTO `pelanggans` VALUES ('3c45418f-f55f-11ef-947b-b8ca3af85f26', '9e37a0c9-2ccc-45ba-8853-c9b92b95c97f', NULL, 'ed525232-f559-11ef-947b-b8ca3af85f26', 'Aliyah', 10, '085966250598', 'Ds. Pantirejo - Kesesi', NULL, NULL, NULL);
INSERT INTO `pelanggans` VALUES ('3c4556ac-f55f-11ef-947b-b8ca3af85f26', '9e37a0c9-2ccc-45ba-8853-c9b92b95c97f', NULL, 'ed525232-f559-11ef-947b-b8ca3af85f26', 'Mak Gemok/Lusi', 10, '085747243826', 'Ds. Pantirejo - Kesesi', NULL, NULL, NULL);
INSERT INTO `pelanggans` VALUES ('3c456902-f55f-11ef-947b-b8ca3af85f26', '9e37a0c9-2ccc-45ba-8853-c9b92b95c97f', '9e52a2b3-2f9d-4670-a73a-61491ce65d38', 'ed525232-f559-11ef-947b-b8ca3af85f26', 'Amelliyani', 10, '085870756423', 'Dk. Sibango Ds. Gebangkerep - Sragi', NULL, NULL, '2025-03-01 04:21:10');
INSERT INTO `pelanggans` VALUES ('3c45ca36-f55f-11ef-947b-b8ca3af85f26', '9e37a0c9-2ccc-45ba-8853-c9b92b95c97f', NULL, 'ed525232-f559-11ef-947b-b8ca3af85f26', 'Mas Agus Suntoro', 10, '085742826003', 'Ds. Sumubkidul - Sragi', NULL, NULL, NULL);
INSERT INTO `pelanggans` VALUES ('3c45dfc3-f55f-11ef-947b-b8ca3af85f26', '9e37a0c9-2ccc-45ba-8853-c9b92b95c97f', NULL, 'ed525232-f559-11ef-947b-b8ca3af85f26', 'Dwi Mak Nur', 10, NULL, 'Ds. Sumubkidul - Sragi', NULL, NULL, NULL);
INSERT INTO `pelanggans` VALUES ('3c45f187-f55f-11ef-947b-b8ca3af85f26', '9e37a0c9-2ccc-45ba-8853-c9b92b95c97f', '9e52fb6d-35a9-41e2-9b2c-919a7d84a350', 'ed525232-f559-11ef-947b-b8ca3af85f26', 'Iffa Fitriana Melati', 10, '085647222897', 'Ds. Sumubkidul - Sragi', NULL, NULL, '2025-03-02 18:42:02');
INSERT INTO `pelanggans` VALUES ('3c465c05-f55f-11ef-947b-b8ca3af85f26', '9e37a0c9-2ccc-45ba-8853-c9b92b95c97f', '9e52fb6d-35a9-41e2-9b2c-919a7d84a350', 'ed525232-f559-11ef-947b-b8ca3af85f26', 'Faqih', 10, '08157631787', 'Ds. Sumubkidul - Sragi', NULL, NULL, '2025-03-04 20:45:42');
INSERT INTO `pelanggans` VALUES ('3c466fe1-f55f-11ef-947b-b8ca3af85f26', '9e37a0c9-2ccc-45ba-8853-c9b92b95c97f', '9e5527bc-5239-4128-b661-0a9a577bb550', 'ed525232-f559-11ef-947b-b8ca3af85f26', 'Febi', 10, '087736854649', 'Ds. Kalijambe - Sragi', NULL, NULL, '2025-03-02 10:23:18');
INSERT INTO `pelanggans` VALUES ('3c46813c-f55f-11ef-947b-b8ca3af85f26', '9e37a0c9-2ccc-45ba-8853-c9b92b95c97f', NULL, 'ed525232-f559-11ef-947b-b8ca3af85f26', 'Mbk Mus', 10, '085694566101', 'Ds. Pantirejo - Kesesi', NULL, NULL, NULL);
INSERT INTO `pelanggans` VALUES ('3c46eb62-f55f-11ef-947b-b8ca3af85f26', '9e37a0c9-2ccc-45ba-8853-c9b92b95c97f', NULL, 'ed525232-f559-11ef-947b-b8ca3af85f26', 'Eroh', 10, '085712256323', 'Ds. Sumubkidul - Sragi', NULL, NULL, NULL);
INSERT INTO `pelanggans` VALUES ('3c46fed5-f55f-11ef-947b-b8ca3af85f26', '9e37a0c9-2ccc-45ba-8853-c9b92b95c97f', '9e53054c-5ae5-4c33-a45a-7c8e7954b70e', 'ed525232-f559-11ef-947b-b8ca3af85f26', 'Letheng/Triyono', 10, '087844408900', 'Ds. Sumubkidul - Sragi', NULL, NULL, '2025-03-07 11:34:29');
INSERT INTO `pelanggans` VALUES ('3c471dc9-f55f-11ef-947b-b8ca3af85f26', '9e37a0c9-2ccc-45ba-8853-c9b92b95c97f', '9e576b72-5aa8-4bb0-a28d-a9fd1f28bf5d', 'ed525232-f559-11ef-947b-b8ca3af85f26', 'Sri Hanah', 10, '081', 'Ds. Sumubkidul - Sragi', NULL, NULL, '2025-03-07 11:35:00');
INSERT INTO `pelanggans` VALUES ('3c4771b4-f55f-11ef-947b-b8ca3af85f26', '9e37a0c9-2ccc-45ba-8853-c9b92b95c97f', NULL, 'ed525232-f559-11ef-947b-b8ca3af85f26', 'Isti/Sri', 10, NULL, 'Ds. Sumubkidul - Sragi', NULL, NULL, NULL);
INSERT INTO `pelanggans` VALUES ('3c47844a-f55f-11ef-947b-b8ca3af85f26', '9e37a0c9-2ccc-45ba-8853-c9b92b95c97f', '9e5f523d-0680-47c0-b9b4-00e0e97b08fa', 'ed525232-f559-11ef-947b-b8ca3af85f26', 'Pak Supir', 10, '081', 'Ds. Sumubkidul - Sragi', NULL, NULL, '2025-03-07 11:40:14');
INSERT INTO `pelanggans` VALUES ('3c4795d4-f55f-11ef-947b-b8ca3af85f26', '9e37a0c9-2ccc-45ba-8853-c9b92b95c97f', '9e576681-8a8f-4f9a-b0c5-701eb513704d', 'ed525232-f559-11ef-947b-b8ca3af85f26', 'Mbk Santi / Sicas', 10, '081', 'Ds. Sumubkidul - Sragi', NULL, NULL, '2025-03-07 11:42:08');
INSERT INTO `pelanggans` VALUES ('3c47b72b-f55f-11ef-947b-b8ca3af85f26', '9e37a0c9-2ccc-45ba-8853-c9b92b95c97f', '9e576bab-9465-46ba-9a3c-bc7c23a2ad05', 'ed525232-f559-11ef-947b-b8ca3af85f26', 'Eko Kaper', 10, '081', 'Ds. Sumubkidul - Sragi', NULL, NULL, '2025-03-07 11:41:20');
INSERT INTO `pelanggans` VALUES ('3c4881c4-f55f-11ef-947b-b8ca3af85f26', '9e37a0c9-2ccc-45ba-8853-c9b92b95c97f', NULL, 'ed525232-f559-11ef-947b-b8ca3af85f26', 'Rica ', 10, '085854800349', 'Ds. Sumubkidul - Sragi', NULL, NULL, NULL);
INSERT INTO `pelanggans` VALUES ('3c4896af-f55f-11ef-947b-b8ca3af85f26', '9e37a0c9-2ccc-45ba-8853-c9b92b95c97f', NULL, 'ed525232-f559-11ef-947b-b8ca3af85f26', 'Mbk Musriyah', 10, NULL, 'Ds. Sumubkidul - Sragi', NULL, NULL, NULL);
INSERT INTO `pelanggans` VALUES ('3c48ac3b-f55f-11ef-947b-b8ca3af85f26', '9e37a0c9-2ccc-45ba-8853-c9b92b95c97f', '9e576bab-9465-46ba-9a3c-bc7c23a2ad05', 'ed525232-f559-11ef-947b-b8ca3af85f26', 'Mbk Dian', 10, '081', 'Ds. Sumubkidul - Sragi', NULL, NULL, '2025-03-07 11:40:53');
INSERT INTO `pelanggans` VALUES ('3c490ac4-f55f-11ef-947b-b8ca3af85f26', '9e37a0c9-2ccc-45ba-8853-c9b92b95c97f', '9e5408a3-1109-46d2-92ba-f3c95c876dda', 'ed525232-f559-11ef-947b-b8ca3af85f26', 'Eva Risqianah', 10, '082313236095', 'Ds. Sumubkidul - Sragi', NULL, NULL, '2025-03-06 17:46:01');
INSERT INTO `pelanggans` VALUES ('3c492a38-f55f-11ef-947b-b8ca3af85f26', '9e37a0c9-2ccc-45ba-8853-c9b92b95c97f', '9e52fb6d-35a9-41e2-9b2c-919a7d84a350', 'ed525232-f559-11ef-947b-b8ca3af85f26', 'Wulan', 10, '085712069148', 'Ds. Sumubkidul - Sragi', NULL, NULL, '2025-03-07 14:08:56');
INSERT INTO `pelanggans` VALUES ('3c4982cf-f55f-11ef-947b-b8ca3af85f26', '9e37a0c9-2ccc-45ba-8853-c9b92b95c97f', NULL, 'ed525232-f559-11ef-947b-b8ca3af85f26', 'Mas nanang ', 10, NULL, 'Ds. Karangrejo -Kesesi', NULL, NULL, NULL);
INSERT INTO `pelanggans` VALUES ('3c499a82-f55f-11ef-947b-b8ca3af85f26', '9e37a0c9-2ccc-45ba-8853-c9b92b95c97f', '9e576654-e145-4153-b776-4df957e772f4', 'ed525232-f559-11ef-947b-b8ca3af85f26', 'Dewi/Oki', 10, '085795226680', 'Ds. Sumubkidul - Sragi', NULL, NULL, '2025-03-05 09:59:32');
INSERT INTO `pelanggans` VALUES ('3c49b279-f55f-11ef-947b-b8ca3af85f26', '9e37a0c9-2ccc-45ba-8853-c9b92b95c97f', '9e576654-e145-4153-b776-4df957e772f4', 'ed525232-f559-11ef-947b-b8ca3af85f26', 'Om Basher', 10, '085741936999', 'Ds. Sumubkidul - Sragi', NULL, NULL, '2025-03-04 18:49:55');
INSERT INTO `pelanggans` VALUES ('3c4a0f93-f55f-11ef-947b-b8ca3af85f26', '9e37a0c9-2ccc-45ba-8853-c9b92b95c97f', '9e5305c2-22cc-4295-b4e7-772042099e9c', 'ed525232-f559-11ef-947b-b8ca3af85f26', 'Mbk Aseh', 10, '081', 'Ds. Sumubkidul - Sragi', NULL, NULL, '2025-03-07 11:32:50');
INSERT INTO `pelanggans` VALUES ('3c4a2724-f55f-11ef-947b-b8ca3af85f26', '9e37a0c9-2ccc-45ba-8853-c9b92b95c97f', NULL, 'ed525232-f559-11ef-947b-b8ca3af85f26', 'Mbk Saropah', 10, '087879750736', 'Ds. Bulakpelem - Sragi', NULL, NULL, NULL);
INSERT INTO `pelanggans` VALUES ('3c4a573e-f55f-11ef-947b-b8ca3af85f26', '9e37a0c9-2ccc-45ba-8853-c9b92b95c97f', NULL, 'ed525232-f559-11ef-947b-b8ca3af85f26', 'Om Agus', 10, NULL, 'Ds. Bulakpelem - Sragi', NULL, NULL, NULL);
INSERT INTO `pelanggans` VALUES ('3c4ab4d5-f55f-11ef-947b-b8ca3af85f26', '9e37a0c9-2ccc-45ba-8853-c9b92b95c97f', NULL, 'ed525232-f559-11ef-947b-b8ca3af85f26', 'Karyono', 10, NULL, 'Ds. Bulakpelem - Sragi', NULL, NULL, NULL);
INSERT INTO `pelanggans` VALUES ('3c4b1806-f55f-11ef-947b-b8ca3af85f26', '9e37a0c9-2ccc-45ba-8853-c9b92b95c97f', NULL, 'ed525232-f559-11ef-947b-b8ca3af85f26', 'Bu Mugi', 10, NULL, 'Ds. Bulakpelem - Sragi', NULL, NULL, NULL);
INSERT INTO `pelanggans` VALUES ('3c4b2ea7-f55f-11ef-947b-b8ca3af85f26', '9e37a0c9-2ccc-45ba-8853-c9b92b95c97f', NULL, 'ed525232-f559-11ef-947b-b8ca3af85f26', 'Bu Taruni', 10, NULL, 'Ds. Bulakpelem - Sragi', NULL, NULL, NULL);
INSERT INTO `pelanggans` VALUES ('3c4b7e14-f55f-11ef-947b-b8ca3af85f26', '9e37a0c9-2ccc-45ba-8853-c9b92b95c97f', NULL, 'ed525232-f559-11ef-947b-b8ca3af85f26', 'Mbk Mirah', 10, NULL, 'Ds. Bulakpelem - Sragi', NULL, NULL, NULL);
INSERT INTO `pelanggans` VALUES ('3c4ba657-f55f-11ef-947b-b8ca3af85f26', '9e37a0c9-2ccc-45ba-8853-c9b92b95c97f', NULL, 'ed525232-f559-11ef-947b-b8ca3af85f26', 'Lejar', 10, '085640170867', 'Ds. Bulakpelem - Sragi', NULL, NULL, NULL);
INSERT INTO `pelanggans` VALUES ('3c4c1d14-f55f-11ef-947b-b8ca3af85f26', '9e37a0c9-2ccc-45ba-8853-c9b92b95c97f', '9e5928f1-5d84-496b-b483-f3a16dd3c6d2', 'ed525232-f559-11ef-947b-b8ca3af85f26', 'Om Tanuri/Ocha', 10, '085786138478', 'Ds. Bulakpelem - Sragi', NULL, NULL, '2025-03-04 10:12:20');
INSERT INTO `pelanggans` VALUES ('3c4c9895-f55f-11ef-947b-b8ca3af85f26', '9e37a0c9-2ccc-45ba-8853-c9b92b95c97f', '9e576b72-5aa8-4bb0-a28d-a9fd1f28bf5d', 'ed525232-f559-11ef-947b-b8ca3af85f26', 'Bu Sri Dawiyah', 10, '085875007062', 'Ds. Sumubkidul - Sragi', NULL, NULL, '2025-03-08 08:32:09');
INSERT INTO `pelanggans` VALUES ('3c4d3f06-f55f-11ef-947b-b8ca3af85f26', '9e37a0c9-2ccc-45ba-8853-c9b92b95c97f', NULL, 'ed525232-f559-11ef-947b-b8ca3af85f26', 'Pak Sartu', 10, '085642608061', 'Ds. Purwodadi-Sragi', NULL, NULL, NULL);
INSERT INTO `pelanggans` VALUES ('3c4da1e9-f55f-11ef-947b-b8ca3af85f26', '9e37a0c9-2ccc-45ba-8853-c9b92b95c97f', NULL, 'null', 'Mbk Riri', 10, NULL, 'Ds. Mulyorejo - Kesesi', NULL, NULL, NULL);
INSERT INTO `pelanggans` VALUES ('3c4dc01d-f55f-11ef-947b-b8ca3af85f26', '9e37a0c9-2ccc-45ba-8853-c9b92b95c97f', NULL, 'ed525232-f559-11ef-947b-b8ca3af85f26', 'Naskiyah', 10, '085642949099', 'Ds. Gebangkerep - Sragi', NULL, NULL, NULL);
INSERT INTO `pelanggans` VALUES ('3c4dd881-f55f-11ef-947b-b8ca3af85f26', '9e37a0c9-2ccc-45ba-8853-c9b92b95c97f', NULL, 'ed525232-f559-11ef-947b-b8ca3af85f26', 'Pak Subkhi', 10, NULL, 'Ds. Sumubkidul - Sragi', NULL, NULL, NULL);
INSERT INTO `pelanggans` VALUES ('3c4df27d-f55f-11ef-947b-b8ca3af85f26', '9e37a0c9-2ccc-45ba-8853-c9b92b95c97f', NULL, 'ed525232-f559-11ef-947b-b8ca3af85f26', 'Hartono', 10, NULL, 'Ds. Sumubkidul - Sragi', NULL, NULL, NULL);
INSERT INTO `pelanggans` VALUES ('3c4e0b20-f55f-11ef-947b-b8ca3af85f26', '9e37a0c9-2ccc-45ba-8853-c9b92b95c97f', NULL, 'ed525232-f559-11ef-947b-b8ca3af85f26', 'Ning Gg Mawar', 10, NULL, 'Ds. Sumubkidul - Sragi', NULL, NULL, NULL);
INSERT INTO `pelanggans` VALUES ('3c4e2119-f55f-11ef-947b-b8ca3af85f26', '9e37a0c9-2ccc-45ba-8853-c9b92b95c97f', NULL, 'ed525232-f559-11ef-947b-b8ca3af85f26', 'Pak Radun Guru', 10, NULL, 'Ds. Sumubkidul - Sragi', NULL, NULL, NULL);
INSERT INTO `pelanggans` VALUES ('3c4e3c61-f55f-11ef-947b-b8ca3af85f26', '9e37a0c9-2ccc-45ba-8853-c9b92b95c97f', NULL, 'ed525232-f559-11ef-947b-b8ca3af85f26', 'Iroh/Pinngire rail', 10, NULL, 'Ds. Sumubkidul - Sragi', NULL, NULL, NULL);
INSERT INTO `pelanggans` VALUES ('3c4e5c99-f55f-11ef-947b-b8ca3af85f26', '9e37a0c9-2ccc-45ba-8853-c9b92b95c97f', '9e576654-e145-4153-b776-4df957e772f4', 'ed525232-f559-11ef-947b-b8ca3af85f26', 'Hesti', 10, '081910144292', 'Ds. Sumubkidul - Sragi', NULL, NULL, '2025-03-05 18:52:14');
INSERT INTO `pelanggans` VALUES ('3c4e7293-f55f-11ef-947b-b8ca3af85f26', '9e37a0c9-2ccc-45ba-8853-c9b92b95c97f', NULL, 'ed525232-f559-11ef-947b-b8ca3af85f26', 'Arga', 10, NULL, 'Ds. Karangrejo -Kesesi', NULL, NULL, NULL);
INSERT INTO `pelanggans` VALUES ('3c4e88f8-f55f-11ef-947b-b8ca3af85f26', '9e37a0c9-2ccc-45ba-8853-c9b92b95c97f', NULL, 'ed525232-f559-11ef-947b-b8ca3af85f26', 'Hanif', 10, '081359532350', 'Ds. Pantirejo - Kesesi', NULL, NULL, NULL);
INSERT INTO `pelanggans` VALUES ('3c4e9ee3-f55f-11ef-947b-b8ca3af85f26', '9e37a0c9-2ccc-45ba-8853-c9b92b95c97f', NULL, 'ed525232-f559-11ef-947b-b8ca3af85f26', 'Sihati', 10, '083890511351', 'Ds. Sumubkidul - Sragi', NULL, NULL, NULL);
INSERT INTO `pelanggans` VALUES ('3c4eb779-f55f-11ef-947b-b8ca3af85f26', '9e37a0c9-2ccc-45ba-8853-c9b92b95c97f', NULL, 'ed525232-f559-11ef-947b-b8ca3af85f26', 'Mbk Ruki', 10, NULL, 'Ds. Sumubkidul - Sragi', NULL, NULL, NULL);
INSERT INTO `pelanggans` VALUES ('3c4ecb1e-f55f-11ef-947b-b8ca3af85f26', '9e37a0c9-2ccc-45ba-8853-c9b92b95c97f', NULL, 'ed525232-f559-11ef-947b-b8ca3af85f26', 'Turyuni', 10, NULL, 'Ds. Sumubkidul - Sragi', NULL, NULL, NULL);
INSERT INTO `pelanggans` VALUES ('3c4ee737-f55f-11ef-947b-b8ca3af85f26', '9e37a0c9-2ccc-45ba-8853-c9b92b95c97f', NULL, 'ed525232-f559-11ef-947b-b8ca3af85f26', 'Kusnan', 10, '085877203092', 'Ds. Sumubkidul - Sragi', NULL, NULL, NULL);
INSERT INTO `pelanggans` VALUES ('3c4f0140-f55f-11ef-947b-b8ca3af85f26', '9e37a0c9-2ccc-45ba-8853-c9b92b95c97f', NULL, 'ed525232-f559-11ef-947b-b8ca3af85f26', 'Izah', 10, NULL, 'Ds. Sumubkidul - Sragi', NULL, NULL, NULL);
INSERT INTO `pelanggans` VALUES ('3c4f1e6a-f55f-11ef-947b-b8ca3af85f26', '9e37a0c9-2ccc-45ba-8853-c9b92b95c97f', NULL, 'ed525232-f559-11ef-947b-b8ca3af85f26', 'Muji Nomer', 10, NULL, 'Ds. Sumubkidul - Sragi', NULL, NULL, NULL);
INSERT INTO `pelanggans` VALUES ('3c4f3824-f55f-11ef-947b-b8ca3af85f26', '9e37a0c9-2ccc-45ba-8853-c9b92b95c97f', NULL, 'ed525232-f559-11ef-947b-b8ca3af85f26', 'Santi/Agus Bintoro', 10, '085740303499', 'Ds. Sumubkidul - Sragi', NULL, NULL, NULL);
INSERT INTO `pelanggans` VALUES ('3c4f522c-f55f-11ef-947b-b8ca3af85f26', '9e37a0c9-2ccc-45ba-8853-c9b92b95c97f', NULL, 'ed525232-f559-11ef-947b-b8ca3af85f26', 'Eko Bos Udi', 10, '082233521570', 'Ds. Sumubkidul - Sragi', NULL, NULL, NULL);
INSERT INTO `pelanggans` VALUES ('3c4f6bd8-f55f-11ef-947b-b8ca3af85f26', '9e37a0c9-2ccc-45ba-8853-c9b92b95c97f', NULL, 'ed525232-f559-11ef-947b-b8ca3af85f26', 'Didik Bu Tuniyah', 10, '085842570902', 'Ds. Sumubkidul - Sragi', NULL, NULL, NULL);
INSERT INTO `pelanggans` VALUES ('3c4f860c-f55f-11ef-947b-b8ca3af85f26', '9e37a0c9-2ccc-45ba-8853-c9b92b95c97f', NULL, 'ed525232-f559-11ef-947b-b8ca3af85f26', 'Bu Tuniyah', 10, '085225072985', 'Ds. Sumubkidul - Sragi', NULL, NULL, NULL);
INSERT INTO `pelanggans` VALUES ('3c4fa070-f55f-11ef-947b-b8ca3af85f26', '9e37a0c9-2ccc-45ba-8853-c9b92b95c97f', NULL, 'ed525232-f559-11ef-947b-b8ca3af85f26', 'Om Jayadi', 10, NULL, 'Ds. Sumubkidul - Sragi', NULL, NULL, NULL);
INSERT INTO `pelanggans` VALUES ('3c4fbde1-f55f-11ef-947b-b8ca3af85f26', '9e37a0c9-2ccc-45ba-8853-c9b92b95c97f', NULL, 'ed525232-f559-11ef-947b-b8ca3af85f26', 'Om Ratono', 10, '085842993095', 'Ds. Sumubkidul - Sragi', NULL, NULL, NULL);
INSERT INTO `pelanggans` VALUES ('3c4fda1f-f55f-11ef-947b-b8ca3af85f26', '9e37a0c9-2ccc-45ba-8853-c9b92b95c97f', NULL, 'ed525232-f559-11ef-947b-b8ca3af85f26', 'Guru lihin', 10, '085642928138', 'Ds. Sumubkidul - Sragi', NULL, NULL, NULL);
INSERT INTO `pelanggans` VALUES ('3c4ffc40-f55f-11ef-947b-b8ca3af85f26', '9e37a0c9-2ccc-45ba-8853-c9b92b95c97f', NULL, 'ed525232-f559-11ef-947b-b8ca3af85f26', 'Umu', 10, '085842389008', 'Ds. Sumubkidul - Sragi', NULL, NULL, NULL);
INSERT INTO `pelanggans` VALUES ('3c502617-f55f-11ef-947b-b8ca3af85f26', '9e37a0c9-2ccc-45ba-8853-c9b92b95c97f', NULL, 'ed525232-f559-11ef-947b-b8ca3af85f26', 'Mbk tati', 10, NULL, 'Ds. Sumubkidul - Sragi', NULL, NULL, NULL);
INSERT INTO `pelanggans` VALUES ('3c5043c7-f55f-11ef-947b-b8ca3af85f26', '9e37a0c9-2ccc-45ba-8853-c9b92b95c97f', NULL, 'ed525232-f559-11ef-947b-b8ca3af85f26', 'Tubi', 10, NULL, 'Ds. Sumubkidul - Sragi', NULL, NULL, NULL);
INSERT INTO `pelanggans` VALUES ('3c505c58-f55f-11ef-947b-b8ca3af85f26', '9e37a0c9-2ccc-45ba-8853-c9b92b95c97f', NULL, 'ed525232-f559-11ef-947b-b8ca3af85f26', 'Sindong', 10, NULL, 'Ds. Sumubkidul - Sragi', NULL, NULL, NULL);
INSERT INTO `pelanggans` VALUES ('3c50a6a7-f55f-11ef-947b-b8ca3af85f26', '9e37a0c9-2ccc-45ba-8853-c9b92b95c97f', NULL, 'ed525232-f559-11ef-947b-b8ca3af85f26', 'Bu Baedah', 10, '0895388811895', 'Ds. Sumubkidul - Sragi', NULL, NULL, NULL);
INSERT INTO `pelanggans` VALUES ('3c50bf0c-f55f-11ef-947b-b8ca3af85f26', '9e37a0c9-2ccc-45ba-8853-c9b92b95c97f', NULL, 'ed525232-f559-11ef-947b-b8ca3af85f26', 'Parni', 10, '085326876289', 'Ds. Sumubkidul - Sragi', NULL, NULL, NULL);
INSERT INTO `pelanggans` VALUES ('3c512360-f55f-11ef-947b-b8ca3af85f26', '9e37a0c9-2ccc-45ba-8853-c9b92b95c97f', NULL, 'ed525232-f559-11ef-947b-b8ca3af85f26', 'Om Dzakir', 10, NULL, 'Ds. Sumubkidul - Sragi', NULL, NULL, NULL);
INSERT INTO `pelanggans` VALUES ('3c51e529-f55f-11ef-947b-b8ca3af85f26', '9e37a0c9-2ccc-45ba-8853-c9b92b95c97f', NULL, 'ed525232-f559-11ef-947b-b8ca3af85f26', 'Ratih', 10, NULL, 'Ds. Sumubkidul - Sragi', NULL, NULL, NULL);
INSERT INTO `pelanggans` VALUES ('3c53e580-f55f-11ef-947b-b8ca3af85f26', '9e37a0c9-2ccc-45ba-8853-c9b92b95c97f', NULL, 'ed525232-f559-11ef-947b-b8ca3af85f26', 'Om Suwono', 10, NULL, 'Ds. Sumubkidul - Sragi', NULL, NULL, NULL);
INSERT INTO `pelanggans` VALUES ('3c54d885-f55f-11ef-947b-b8ca3af85f26', '9e37a0c9-2ccc-45ba-8853-c9b92b95c97f', NULL, 'ed525232-f559-11ef-947b-b8ca3af85f26', 'Hono', 10, '087848666161', 'Ds. Sumubkidul - Sragi', NULL, NULL, NULL);
INSERT INTO `pelanggans` VALUES ('3c558e3a-f55f-11ef-947b-b8ca3af85f26', '9e37a0c9-2ccc-45ba-8853-c9b92b95c97f', NULL, 'ed525232-f559-11ef-947b-b8ca3af85f26', 'Wahyudi', 10, NULL, 'Ds. Sumubkidul - Sragi', NULL, NULL, NULL);
INSERT INTO `pelanggans` VALUES ('3c55e8df-f55f-11ef-947b-b8ca3af85f26', '9e37a0c9-2ccc-45ba-8853-c9b92b95c97f', NULL, 'ed525232-f559-11ef-947b-b8ca3af85f26', 'Om Matori', 10, NULL, 'Ds. Sumubkidul - Sragi', NULL, NULL, NULL);
INSERT INTO `pelanggans` VALUES ('3c56a348-f55f-11ef-947b-b8ca3af85f26', '9e37a0c9-2ccc-45ba-8853-c9b92b95c97f', NULL, 'ed525232-f559-11ef-947b-b8ca3af85f26', 'Pak Tarjono', 10, '085713096700', 'Ds. Gebangkerep - Sragi', NULL, NULL, NULL);
INSERT INTO `pelanggans` VALUES ('3c5798a3-f55f-11ef-947b-b8ca3af85f26', '9e37a0c9-2ccc-45ba-8853-c9b92b95c97f', NULL, 'ed525232-f559-11ef-947b-b8ca3af85f26', 'Daryanti', 10, '081211611879', 'Ds. Pantirejo - Kesesi', NULL, NULL, NULL);
INSERT INTO `pelanggans` VALUES ('3c590e84-f55f-11ef-947b-b8ca3af85f26', '9e37a0c9-2ccc-45ba-8853-c9b92b95c97f', NULL, 'ed525232-f559-11ef-947b-b8ca3af85f26', 'Bungkus', 10, '089665629986', 'Ds. Mulyorejo - Kesesi', NULL, NULL, NULL);
INSERT INTO `pelanggans` VALUES ('3c599c5b-f55f-11ef-947b-b8ca3af85f26', '9e37a0c9-2ccc-45ba-8853-c9b92b95c97f', NULL, 'ed525232-f559-11ef-947b-b8ca3af85f26', 'Anggita', 10, NULL, 'Ds. Sumubkidul - Sragi', NULL, NULL, NULL);
INSERT INTO `pelanggans` VALUES ('3c5a6487-f55f-11ef-947b-b8ca3af85f26', '9e37a0c9-2ccc-45ba-8853-c9b92b95c97f', NULL, 'ed525232-f559-11ef-947b-b8ca3af85f26', 'Ciyoso', 10, NULL, 'Ds. Pantirejo - Kesesi', NULL, NULL, NULL);
INSERT INTO `pelanggans` VALUES ('3c5b09e5-f55f-11ef-947b-b8ca3af85f26', '9e37a0c9-2ccc-45ba-8853-c9b92b95c97f', NULL, 'ed525232-f559-11ef-947b-b8ca3af85f26', 'Totok', 10, NULL, 'Ds. Pantirejo - Kesesi', NULL, NULL, NULL);
INSERT INTO `pelanggans` VALUES ('3c5b9031-f55f-11ef-947b-b8ca3af85f26', '9e37a0c9-2ccc-45ba-8853-c9b92b95c97f', NULL, 'ed525232-f559-11ef-947b-b8ca3af85f26', 'Mbk Dulipah', 10, NULL, 'Ds. Pantirejo - Kesesi', NULL, NULL, NULL);
INSERT INTO `pelanggans` VALUES ('3c5cfd05-f55f-11ef-947b-b8ca3af85f26', '9e37a0c9-2ccc-45ba-8853-c9b92b95c97f', NULL, 'ed525232-f559-11ef-947b-b8ca3af85f26', 'Guru Wito', 10, NULL, 'Ds. Pantirejo - Kesesi', NULL, NULL, NULL);
INSERT INTO `pelanggans` VALUES ('3c5df35f-f55f-11ef-947b-b8ca3af85f26', '9e37a0c9-2ccc-45ba-8853-c9b92b95c97f', NULL, 'ed525232-f559-11ef-947b-b8ca3af85f26', 'Febri', 10, NULL, 'Ds. Pantirejo - Kesesi', NULL, NULL, NULL);
INSERT INTO `pelanggans` VALUES ('3c5e5ad8-f55f-11ef-947b-b8ca3af85f26', '9e37a0c9-2ccc-45ba-8853-c9b92b95c97f', NULL, 'ed525232-f559-11ef-947b-b8ca3af85f26', 'Om Royani', 10, NULL, 'Ds. Pantirejo - Kesesi', NULL, NULL, NULL);
INSERT INTO `pelanggans` VALUES ('3c5ebcf7-f55f-11ef-947b-b8ca3af85f26', '9e37a0c9-2ccc-45ba-8853-c9b92b95c97f', NULL, 'ed525232-f559-11ef-947b-b8ca3af85f26', 'Pak Jaroni', 10, '085641206505', 'Ds. Pantirejo - Kesesi', NULL, NULL, NULL);
INSERT INTO `pelanggans` VALUES ('3c5f6b67-f55f-11ef-947b-b8ca3af85f26', '9e37a0c9-2ccc-45ba-8853-c9b92b95c97f', NULL, 'ed525232-f559-11ef-947b-b8ca3af85f26', 'Bu Jatmi', 10, NULL, 'Ds. Pantirejo - Kesesi', NULL, NULL, NULL);
INSERT INTO `pelanggans` VALUES ('3c5fdd70-f55f-11ef-947b-b8ca3af85f26', '9e37a0c9-2ccc-45ba-8853-c9b92b95c97f', NULL, 'ed525232-f559-11ef-947b-b8ca3af85f26', 'Riska', 10, '085325754636', 'Ds. Pantirejo - Kesesi', NULL, NULL, NULL);
INSERT INTO `pelanggans` VALUES ('3c603b0a-f55f-11ef-947b-b8ca3af85f26', '9e37a0c9-2ccc-45ba-8853-c9b92b95c97f', NULL, 'ed525232-f559-11ef-947b-b8ca3af85f26', 'Sarpin', 10, NULL, 'Ds. Pantirejo - Kesesi', NULL, NULL, NULL);
INSERT INTO `pelanggans` VALUES ('3c60bf5e-f55f-11ef-947b-b8ca3af85f26', '9e37a0c9-2ccc-45ba-8853-c9b92b95c97f', NULL, 'ed525232-f559-11ef-947b-b8ca3af85f26', 'Om Budi', 10, '085600536511', 'Ds. Pantirejo - Kesesi', NULL, NULL, NULL);
INSERT INTO `pelanggans` VALUES ('3c6199f0-f55f-11ef-947b-b8ca3af85f26', '9e37a0c9-2ccc-45ba-8853-c9b92b95c97f', NULL, 'ed525232-f559-11ef-947b-b8ca3af85f26', 'Om Kusnari', 10, NULL, 'Ds. Pantirejo - Kesesi', NULL, NULL, NULL);
INSERT INTO `pelanggans` VALUES ('3c629913-f55f-11ef-947b-b8ca3af85f26', '9e37a0c9-2ccc-45ba-8853-c9b92b95c97f', NULL, 'ed525232-f559-11ef-947b-b8ca3af85f26', 'Wiwik Sutosari', 10, '085727317705', 'Ds. Pantirejo - Kesesi', NULL, NULL, NULL);
INSERT INTO `pelanggans` VALUES ('3c6328df-f55f-11ef-947b-b8ca3af85f26', '9e37a0c9-2ccc-45ba-8853-c9b92b95c97f', NULL, 'ed525232-f559-11ef-947b-b8ca3af85f26', 'Mbk Umer', 10, '087738442310', 'Ds. Pantirejo - Kesesi', NULL, NULL, NULL);
INSERT INTO `pelanggans` VALUES ('3c636b12-f55f-11ef-947b-b8ca3af85f26', '9e37a0c9-2ccc-45ba-8853-c9b92b95c97f', NULL, 'ed525232-f559-11ef-947b-b8ca3af85f26', 'Mbk Harsih', 10, NULL, 'Ds. Pantirejo - Kesesi', NULL, NULL, NULL);
INSERT INTO `pelanggans` VALUES ('3c639aa1-f55f-11ef-947b-b8ca3af85f26', '9e37a0c9-2ccc-45ba-8853-c9b92b95c97f', NULL, 'ed525232-f559-11ef-947b-b8ca3af85f26', 'Indri Bu kartini', 10, '085777748428', 'Ds. Sumubkidul - Sragi', NULL, NULL, NULL);
INSERT INTO `pelanggans` VALUES ('3c6405dc-f55f-11ef-947b-b8ca3af85f26', '9e37a0c9-2ccc-45ba-8853-c9b92b95c97f', NULL, 'ed525232-f559-11ef-947b-b8ca3af85f26', 'Kuwat Puji', 10, '087789496006', 'Ds. Sumubkidul - Sragi', NULL, NULL, NULL);
INSERT INTO `pelanggans` VALUES ('3c644ae0-f55f-11ef-947b-b8ca3af85f26', '9e37a0c9-2ccc-45ba-8853-c9b92b95c97f', NULL, 'ed525232-f559-11ef-947b-b8ca3af85f26', 'Wina', 10, '083870300994', 'Ds. Kalijambe - Sragi', NULL, NULL, NULL);
INSERT INTO `pelanggans` VALUES ('3c64cc68-f55f-11ef-947b-b8ca3af85f26', '9e37a0c9-2ccc-45ba-8853-c9b92b95c97f', NULL, 'ed525232-f559-11ef-947b-b8ca3af85f26', 'Elly Pingir Catis', 10, '0895379063681', 'Ds. Sumubkidul - Sragi', NULL, NULL, NULL);
INSERT INTO `pelanggans` VALUES ('3c653572-f55f-11ef-947b-b8ca3af85f26', '9e37a0c9-2ccc-45ba-8853-c9b92b95c97f', NULL, 'ed525232-f559-11ef-947b-b8ca3af85f26', 'Mbk Indah Rusdi', 10, '081585998077', 'Ds. Sumubkidul - Sragi', NULL, NULL, NULL);
INSERT INTO `pelanggans` VALUES ('3c658a4d-f55f-11ef-947b-b8ca3af85f26', '9e37a0c9-2ccc-45ba-8853-c9b92b95c97f', NULL, 'ed525232-f559-11ef-947b-b8ca3af85f26', 'Om Moyo', 10, NULL, 'Ds. Sumubkidul - Sragi', NULL, NULL, NULL);
INSERT INTO `pelanggans` VALUES ('3c65a55b-f55f-11ef-947b-b8ca3af85f26', '9e37a0c9-2ccc-45ba-8853-c9b92b95c97f', NULL, 'ed525232-f559-11ef-947b-b8ca3af85f26', 'Pak Wardan', 10, NULL, 'Ds. Sumubkidul - Sragi', NULL, NULL, NULL);
INSERT INTO `pelanggans` VALUES ('3c6603e2-f55f-11ef-947b-b8ca3af85f26', '9e37a0c9-2ccc-45ba-8853-c9b92b95c97f', NULL, 'ed525232-f559-11ef-947b-b8ca3af85f26', 'Mbak Pur  ', 10, NULL, 'Ds. Sumubkidul - Sragi', NULL, NULL, NULL);
INSERT INTO `pelanggans` VALUES ('3c666e5e-f55f-11ef-947b-b8ca3af85f26', '9e37a0c9-2ccc-45ba-8853-c9b92b95c97f', NULL, 'ed525232-f559-11ef-947b-b8ca3af85f26', 'Guru Dodo', 10, '081575946288', 'Ds. Pantirejo - Kesesi', NULL, NULL, NULL);
INSERT INTO `pelanggans` VALUES ('3c66a230-f55f-11ef-947b-b8ca3af85f26', '9e37a0c9-2ccc-45ba-8853-c9b92b95c97f', NULL, 'ed525232-f559-11ef-947b-b8ca3af85f26', 'Guru Warsudi', 10, '085700230981', 'Ds. Gebangkerep - Sragi', NULL, NULL, NULL);
INSERT INTO `pelanggans` VALUES ('3c6720c8-f55f-11ef-947b-b8ca3af85f26', '9e37a0c9-2ccc-45ba-8853-c9b92b95c97f', NULL, 'ed525232-f559-11ef-947b-b8ca3af85f26', 'Zainal machrus', 10, '085642929119', 'Ds. Tegalsuruh-Sragi', NULL, NULL, NULL);
INSERT INTO `pelanggans` VALUES ('3c67965a-f55f-11ef-947b-b8ca3af85f26', '9e37a0c9-2ccc-45ba-8853-c9b92b95c97f', NULL, 'ed525232-f559-11ef-947b-b8ca3af85f26', 'Nita Ariyanti', 10, '081510788940', 'Ds. Bulakpelem - Sragi', NULL, NULL, NULL);
INSERT INTO `pelanggans` VALUES ('3c68488f-f55f-11ef-947b-b8ca3af85f26', '9e37a0c9-2ccc-45ba-8853-c9b92b95c97f', NULL, 'ed525232-f559-11ef-947b-b8ca3af85f26', 'Angga', 10, '085876203040', 'Ds. Pantirejo - Kesesi', NULL, NULL, NULL);
INSERT INTO `pelanggans` VALUES ('3c688b00-f55f-11ef-947b-b8ca3af85f26', '9e37a0c9-2ccc-45ba-8853-c9b92b95c97f', NULL, 'ed525232-f559-11ef-947b-b8ca3af85f26', 'Bu Tin', 10, '085741912210', 'Ds. Bulakpelem - Sragi', NULL, NULL, NULL);
INSERT INTO `pelanggans` VALUES ('3c68e624-f55f-11ef-947b-b8ca3af85f26', '9e37a0c9-2ccc-45ba-8853-c9b92b95c97f', NULL, 'ed525232-f559-11ef-947b-b8ca3af85f26', 'Misni', 10, '085881993532', 'Ds. Sumubkidul - Sragi', NULL, NULL, NULL);
INSERT INTO `pelanggans` VALUES ('3c695060-f55f-11ef-947b-b8ca3af85f26', '9e37a0c9-2ccc-45ba-8853-c9b92b95c97f', NULL, 'ed525232-f559-11ef-947b-b8ca3af85f26', 'Siti Inayah', 10, '085875202920', 'Ds. Sumubkidul - Sragi', NULL, NULL, NULL);
INSERT INTO `pelanggans` VALUES ('3c69b328-f55f-11ef-947b-b8ca3af85f26', '9e37a0c9-2ccc-45ba-8853-c9b92b95c97f', NULL, 'ed525232-f559-11ef-947b-b8ca3af85f26', 'Mas Dhika', 10, '08562589943', 'Ds. Sumubkidul - Sragi', NULL, NULL, NULL);
INSERT INTO `pelanggans` VALUES ('3c6b4a19-f55f-11ef-947b-b8ca3af85f26', '9e37a0c9-2ccc-45ba-8853-c9b92b95c97f', NULL, 'ed525232-f559-11ef-947b-b8ca3af85f26', 'Mbk Ira', 10, NULL, 'Ds. Pantirejo - Kesesi', NULL, NULL, NULL);
INSERT INTO `pelanggans` VALUES ('3c6ba97e-f55f-11ef-947b-b8ca3af85f26', '9e37a0c9-2ccc-45ba-8853-c9b92b95c97f', NULL, 'ed525232-f559-11ef-947b-b8ca3af85f26', 'Cicik', 10, '085876955088', 'Ds. Pantirejo - Kesesi', NULL, NULL, NULL);
INSERT INTO `pelanggans` VALUES ('3c6c014a-f55f-11ef-947b-b8ca3af85f26', '9e37a0c9-2ccc-45ba-8853-c9b92b95c97f', NULL, 'ed525232-f559-11ef-947b-b8ca3af85f26', 'Om Darso', 10, NULL, 'Ds. Pantirejo - Kesesi', NULL, NULL, NULL);
INSERT INTO `pelanggans` VALUES ('3c6c2378-f55f-11ef-947b-b8ca3af85f26', '9e37a0c9-2ccc-45ba-8853-c9b92b95c97f', NULL, 'ed525232-f559-11ef-947b-b8ca3af85f26', 'Tedy', 10, NULL, 'Ds. Pantirejo - Kesesi', NULL, NULL, NULL);
INSERT INTO `pelanggans` VALUES ('3c6c7f04-f55f-11ef-947b-b8ca3af85f26', '9e37a0c9-2ccc-45ba-8853-c9b92b95c97f', NULL, 'ed525232-f559-11ef-947b-b8ca3af85f26', 'Nurtamziz', 10, NULL, 'Ds. Pantirejo - Kesesi', NULL, NULL, NULL);
INSERT INTO `pelanggans` VALUES ('3c6cdf31-f55f-11ef-947b-b8ca3af85f26', '9e37a0c9-2ccc-45ba-8853-c9b92b95c97f', NULL, 'ed525232-f559-11ef-947b-b8ca3af85f26', 'Nuryanto', 10, NULL, 'Ds. Pantirejo - Kesesi', NULL, NULL, NULL);
INSERT INTO `pelanggans` VALUES ('3c6d3190-f55f-11ef-947b-b8ca3af85f26', '9e37a0c9-2ccc-45ba-8853-c9b92b95c97f', NULL, 'ed525232-f559-11ef-947b-b8ca3af85f26', 'Mbk Puji', 10, NULL, 'Ds. Pantirejo - Kesesi', NULL, NULL, NULL);
INSERT INTO `pelanggans` VALUES ('3c6d4747-f55f-11ef-947b-b8ca3af85f26', '9e37a0c9-2ccc-45ba-8853-c9b92b95c97f', NULL, 'ed525232-f559-11ef-947b-b8ca3af85f26', 'Roni', 10, NULL, 'Ds. Pantirejo - Kesesi', NULL, NULL, NULL);
INSERT INTO `pelanggans` VALUES ('3c6d7e3b-f55f-11ef-947b-b8ca3af85f26', '9e37a0c9-2ccc-45ba-8853-c9b92b95c97f', NULL, 'ed525232-f559-11ef-947b-b8ca3af85f26', 'Mbk Jiyah', 10, NULL, 'Ds. Pantirejo - Kesesi', NULL, NULL, NULL);
INSERT INTO `pelanggans` VALUES ('3c6d8e09-f55f-11ef-947b-b8ca3af85f26', '9e37a0c9-2ccc-45ba-8853-c9b92b95c97f', NULL, 'ed525232-f559-11ef-947b-b8ca3af85f26', 'Tarsumi', 10, NULL, 'Ds. Pantirejo - Kesesi', NULL, NULL, NULL);
INSERT INTO `pelanggans` VALUES ('3c6d9f5b-f55f-11ef-947b-b8ca3af85f26', '9e37a0c9-2ccc-45ba-8853-c9b92b95c97f', NULL, 'ed525232-f559-11ef-947b-b8ca3af85f26', 'Om Kusen', 10, NULL, 'Ds. Pantirejo - Kesesi', NULL, NULL, NULL);
INSERT INTO `pelanggans` VALUES ('3c6daf98-f55f-11ef-947b-b8ca3af85f26', '9e37a0c9-2ccc-45ba-8853-c9b92b95c97f', NULL, 'ed525232-f559-11ef-947b-b8ca3af85f26', 'Zizah', 10, NULL, 'Ds. Pantirejo - Kesesi', NULL, NULL, NULL);
INSERT INTO `pelanggans` VALUES ('3c6dc093-f55f-11ef-947b-b8ca3af85f26', '9e37a0c9-2ccc-45ba-8853-c9b92b95c97f', NULL, 'ed525232-f559-11ef-947b-b8ca3af85f26', 'Ruinah', 10, NULL, 'Ds. Pantirejo - Kesesi', NULL, NULL, NULL);
INSERT INTO `pelanggans` VALUES ('3c6dcf0f-f55f-11ef-947b-b8ca3af85f26', '9e37a0c9-2ccc-45ba-8853-c9b92b95c97f', NULL, 'ed525232-f559-11ef-947b-b8ca3af85f26', 'Warno', 10, NULL, 'Ds. Pantirejo - Kesesi', NULL, NULL, NULL);
INSERT INTO `pelanggans` VALUES ('3c6ddf7b-f55f-11ef-947b-b8ca3af85f26', '9e37a0c9-2ccc-45ba-8853-c9b92b95c97f', NULL, 'ed525232-f559-11ef-947b-b8ca3af85f26', 'Olivia', 10, NULL, 'Ds. Pantirejo - Kesesi', NULL, NULL, NULL);
INSERT INTO `pelanggans` VALUES ('3c6dec0e-f55f-11ef-947b-b8ca3af85f26', '9e37a0c9-2ccc-45ba-8853-c9b92b95c97f', NULL, 'ed525232-f559-11ef-947b-b8ca3af85f26', 'Kardani', 10, NULL, 'Ds. Pantirejo - Kesesi', NULL, NULL, NULL);
INSERT INTO `pelanggans` VALUES ('3c6dfed1-f55f-11ef-947b-b8ca3af85f26', '9e37a0c9-2ccc-45ba-8853-c9b92b95c97f', NULL, 'ed525232-f559-11ef-947b-b8ca3af85f26', 'Erna Jlubang', 10, NULL, 'Ds. Pantirejo - Kesesi', NULL, NULL, NULL);
INSERT INTO `pelanggans` VALUES ('3c6e0cb8-f55f-11ef-947b-b8ca3af85f26', '9e37a0c9-2ccc-45ba-8853-c9b92b95c97f', NULL, 'ed525232-f559-11ef-947b-b8ca3af85f26', 'Sri PAUD ', 10, NULL, 'Ds. Pantirejo - Kesesi', NULL, NULL, NULL);
INSERT INTO `pelanggans` VALUES ('3c6e1d0a-f55f-11ef-947b-b8ca3af85f26', '9e37a0c9-2ccc-45ba-8853-c9b92b95c97f', NULL, 'ed525232-f559-11ef-947b-b8ca3af85f26', 'Puput', 10, NULL, 'Ds. Pantirejo - Kesesi', NULL, NULL, NULL);
INSERT INTO `pelanggans` VALUES ('3c6e2f2f-f55f-11ef-947b-b8ca3af85f26', '9e37a0c9-2ccc-45ba-8853-c9b92b95c97f', NULL, 'ed525232-f559-11ef-947b-b8ca3af85f26', 'Kartoyo', 10, NULL, 'Ds. Pantirejo - Kesesi', NULL, NULL, NULL);
INSERT INTO `pelanggans` VALUES ('3c6e3ec5-f55f-11ef-947b-b8ca3af85f26', '9e37a0c9-2ccc-45ba-8853-c9b92b95c97f', NULL, 'ed525232-f559-11ef-947b-b8ca3af85f26', 'Endang Jlubang', 10, NULL, 'Ds. Pantirejo - Kesesi', NULL, NULL, NULL);
INSERT INTO `pelanggans` VALUES ('3c6e53cb-f55f-11ef-947b-b8ca3af85f26', '9e37a0c9-2ccc-45ba-8853-c9b92b95c97f', NULL, 'ed525232-f559-11ef-947b-b8ca3af85f26', 'Luluk', 10, NULL, 'Ds. Pantirejo - Kesesi', NULL, NULL, NULL);
INSERT INTO `pelanggans` VALUES ('3c6e62fe-f55f-11ef-947b-b8ca3af85f26', '9e37a0c9-2ccc-45ba-8853-c9b92b95c97f', NULL, 'ed525232-f559-11ef-947b-b8ca3af85f26', 'Kris', 10, NULL, 'Ds. Pantirejo - Kesesi', NULL, NULL, NULL);
INSERT INTO `pelanggans` VALUES ('3c6e7543-f55f-11ef-947b-b8ca3af85f26', '9e37a0c9-2ccc-45ba-8853-c9b92b95c97f', NULL, 'ed525232-f559-11ef-947b-b8ca3af85f26', 'Rumdiyah', 10, NULL, 'Ds. Pantirejo - Kesesi', NULL, NULL, NULL);
INSERT INTO `pelanggans` VALUES ('3c6e81e9-f55f-11ef-947b-b8ca3af85f26', '9e37a0c9-2ccc-45ba-8853-c9b92b95c97f', NULL, 'ed525232-f559-11ef-947b-b8ca3af85f26', 'Rumyati', 10, NULL, 'Ds. Pantirejo - Kesesi', NULL, NULL, NULL);
INSERT INTO `pelanggans` VALUES ('3c6e8faa-f55f-11ef-947b-b8ca3af85f26', '9e37a0c9-2ccc-45ba-8853-c9b92b95c97f', NULL, 'ed525232-f559-11ef-947b-b8ca3af85f26', 'Pak Kirno', 10, NULL, 'Ds. Sumubkidul - Sragi', NULL, NULL, NULL);
INSERT INTO `pelanggans` VALUES ('3c6e9f03-f55f-11ef-947b-b8ca3af85f26', '9e37a0c9-2ccc-45ba-8853-c9b92b95c97f', NULL, 'ed525232-f559-11ef-947b-b8ca3af85f26', 'Pak Kasmari', 10, NULL, 'Ds. Sumubkidul - Sragi', NULL, NULL, NULL);
INSERT INTO `pelanggans` VALUES ('3c6eac7e-f55f-11ef-947b-b8ca3af85f26', '9e37a0c9-2ccc-45ba-8853-c9b92b95c97f', NULL, 'ed525232-f559-11ef-947b-b8ca3af85f26', 'Mbk Iin', 10, NULL, 'Ds. Sumubkidul - Sragi', NULL, NULL, NULL);
INSERT INTO `pelanggans` VALUES ('3c6eb9f4-f55f-11ef-947b-b8ca3af85f26', '9e37a0c9-2ccc-45ba-8853-c9b92b95c97f', NULL, 'ed525232-f559-11ef-947b-b8ca3af85f26', 'Anis', 10, NULL, 'Ds. Sumubkidul - Sragi', NULL, NULL, NULL);
INSERT INTO `pelanggans` VALUES ('3c6ec5d1-f55f-11ef-947b-b8ca3af85f26', '9e37a0c9-2ccc-45ba-8853-c9b92b95c97f', NULL, 'ed525232-f559-11ef-947b-b8ca3af85f26', 'Bulek Rini', 10, NULL, 'Ds. Sumubkidul - Sragi', NULL, NULL, NULL);
INSERT INTO `pelanggans` VALUES ('3c6ed17d-f55f-11ef-947b-b8ca3af85f26', '9e37a0c9-2ccc-45ba-8853-c9b92b95c97f', NULL, 'ed525232-f559-11ef-947b-b8ca3af85f26', 'Mbk Rondiyah', 10, NULL, 'Ds. Sumubkidul - Sragi', NULL, NULL, NULL);
INSERT INTO `pelanggans` VALUES ('3c6edf6e-f55f-11ef-947b-b8ca3af85f26', '9e37a0c9-2ccc-45ba-8853-c9b92b95c97f', NULL, 'ed525232-f559-11ef-947b-b8ca3af85f26', 'Om Rohim', 10, NULL, 'Ds. Sumubkidul - Sragi', NULL, NULL, NULL);
INSERT INTO `pelanggans` VALUES ('3c6eed42-f55f-11ef-947b-b8ca3af85f26', '9e37a0c9-2ccc-45ba-8853-c9b92b95c97f', NULL, 'ed525232-f559-11ef-947b-b8ca3af85f26', 'Om Ratno', 10, NULL, 'Ds. Sumubkidul - Sragi', NULL, NULL, NULL);
INSERT INTO `pelanggans` VALUES ('3c6efa32-f55f-11ef-947b-b8ca3af85f26', '9e37a0c9-2ccc-45ba-8853-c9b92b95c97f', NULL, 'ed525232-f559-11ef-947b-b8ca3af85f26', 'Miati', 10, NULL, 'Ds. Sumubkidul - Sragi', NULL, NULL, NULL);
INSERT INTO `pelanggans` VALUES ('3c6f06be-f55f-11ef-947b-b8ca3af85f26', '9e37a0c9-2ccc-45ba-8853-c9b92b95c97f', NULL, 'ed525232-f559-11ef-947b-b8ca3af85f26', 'Tanti', 10, NULL, 'Ds. Sumubkidul - Sragi', NULL, NULL, NULL);
INSERT INTO `pelanggans` VALUES ('3c6f14fe-f55f-11ef-947b-b8ca3af85f26', '9e37a0c9-2ccc-45ba-8853-c9b92b95c97f', NULL, 'ed525232-f559-11ef-947b-b8ca3af85f26', 'Dewi Telur', 10, NULL, 'Ds. Sumubkidul - Sragi', NULL, NULL, NULL);
INSERT INTO `pelanggans` VALUES ('3c6f23ca-f55f-11ef-947b-b8ca3af85f26', '9e37a0c9-2ccc-45ba-8853-c9b92b95c97f', NULL, 'null', 'Pantianom', 10, NULL, 'Ds. Pantianom-Bojong', NULL, NULL, NULL);
INSERT INTO `pelanggans` VALUES ('3c6f31ea-f55f-11ef-947b-b8ca3af85f26', '9e37a0c9-2ccc-45ba-8853-c9b92b95c97f', NULL, 'ed525232-f559-11ef-947b-b8ca3af85f26', 'Mbk Tachi', 10, NULL, 'Ds. Sumubkidul - Sragi', NULL, NULL, NULL);
INSERT INTO `pelanggans` VALUES ('3c6f407d-f55f-11ef-947b-b8ca3af85f26', '9e37a0c9-2ccc-45ba-8853-c9b92b95c97f', NULL, 'ed525232-f559-11ef-947b-b8ca3af85f26', 'Om Dikin', 10, NULL, 'Ds. Sumubkidul - Sragi', NULL, NULL, NULL);
INSERT INTO `pelanggans` VALUES ('3c6f4e93-f55f-11ef-947b-b8ca3af85f26', '9e37a0c9-2ccc-45ba-8853-c9b92b95c97f', NULL, 'ed525232-f559-11ef-947b-b8ca3af85f26', 'Ega', 10, NULL, 'Ds. Sumubkidul - Sragi', NULL, NULL, NULL);
INSERT INTO `pelanggans` VALUES ('3c6f5bff-f55f-11ef-947b-b8ca3af85f26', '9e37a0c9-2ccc-45ba-8853-c9b92b95c97f', NULL, 'ed525232-f559-11ef-947b-b8ca3af85f26', 'Om Karto', 10, NULL, 'Ds. Sumubkidul - Sragi', NULL, NULL, NULL);
INSERT INTO `pelanggans` VALUES ('3c6f68e5-f55f-11ef-947b-b8ca3af85f26', '9e37a0c9-2ccc-45ba-8853-c9b92b95c97f', NULL, 'ed525232-f559-11ef-947b-b8ca3af85f26', 'Kusrini', 10, NULL, 'Ds. Sumubkidul - Sragi', NULL, NULL, NULL);
INSERT INTO `pelanggans` VALUES ('3c6f749b-f55f-11ef-947b-b8ca3af85f26', '9e37a0c9-2ccc-45ba-8853-c9b92b95c97f', NULL, 'ed525232-f559-11ef-947b-b8ca3af85f26', 'Pak Senin', 10, NULL, 'Ds. Sumubkidul - Sragi', NULL, NULL, NULL);
INSERT INTO `pelanggans` VALUES ('3c6f8250-f55f-11ef-947b-b8ca3af85f26', '9e37a0c9-2ccc-45ba-8853-c9b92b95c97f', NULL, 'ed525232-f559-11ef-947b-b8ca3af85f26', 'Mak Ribut', 10, NULL, 'Ds. Sumubkidul - Sragi', NULL, NULL, NULL);
INSERT INTO `pelanggans` VALUES ('3c6f8e16-f55f-11ef-947b-b8ca3af85f26', '9e37a0c9-2ccc-45ba-8853-c9b92b95c97f', NULL, 'ed525232-f559-11ef-947b-b8ca3af85f26', 'luluk', 10, NULL, 'Ds. Gebangkerep - Sragi', NULL, NULL, NULL);
INSERT INTO `pelanggans` VALUES ('3c6f9991-f55f-11ef-947b-b8ca3af85f26', '9e37a0c9-2ccc-45ba-8853-c9b92b95c97f', NULL, 'ed525232-f559-11ef-947b-b8ca3af85f26', 'nuryatin', 10, NULL, 'Ds. Gebangkerep - Sragi', NULL, NULL, NULL);
INSERT INTO `pelanggans` VALUES ('3c6fa580-f55f-11ef-947b-b8ca3af85f26', '9e37a0c9-2ccc-45ba-8853-c9b92b95c97f', NULL, 'ed525232-f559-11ef-947b-b8ca3af85f26', 'abdul', 10, NULL, 'Ds. Gebangkerep - Sragi', NULL, NULL, NULL);
INSERT INTO `pelanggans` VALUES ('3c6fb11d-f55f-11ef-947b-b8ca3af85f26', '9e37a0c9-2ccc-45ba-8853-c9b92b95c97f', NULL, 'ed525232-f559-11ef-947b-b8ca3af85f26', 'slamet', 10, NULL, 'Ds. Gebangkerep - Sragi', NULL, NULL, NULL);
INSERT INTO `pelanggans` VALUES ('3c6fbe89-f55f-11ef-947b-b8ca3af85f26', '9e37a0c9-2ccc-45ba-8853-c9b92b95c97f', NULL, 'ed525232-f559-11ef-947b-b8ca3af85f26', 'beni', 10, NULL, 'Ds. Gebangkerep - Sragi', NULL, NULL, NULL);
INSERT INTO `pelanggans` VALUES ('3c6fd01f-f55f-11ef-947b-b8ca3af85f26', '9e37a0c9-2ccc-45ba-8853-c9b92b95c97f', NULL, 'ed525232-f559-11ef-947b-b8ca3af85f26', 'anah', 10, NULL, 'Ds. Gebangkerep - Sragi', NULL, NULL, NULL);
INSERT INTO `pelanggans` VALUES ('3c6fdcfb-f55f-11ef-947b-b8ca3af85f26', '9e37a0c9-2ccc-45ba-8853-c9b92b95c97f', NULL, 'ed525232-f559-11ef-947b-b8ca3af85f26', 'mbali', 10, NULL, 'Ds. Gebangkerep - Sragi', NULL, NULL, NULL);
INSERT INTO `pelanggans` VALUES ('3c6fe989-f55f-11ef-947b-b8ca3af85f26', '9e37a0c9-2ccc-45ba-8853-c9b92b95c97f', NULL, 'ed525232-f559-11ef-947b-b8ca3af85f26', 'yana', 10, NULL, 'Ds. Gebangkerep - Sragi', NULL, NULL, NULL);
INSERT INTO `pelanggans` VALUES ('3c6ff5fb-f55f-11ef-947b-b8ca3af85f26', '9e37a0c9-2ccc-45ba-8853-c9b92b95c97f', NULL, 'ed525232-f559-11ef-947b-b8ca3af85f26', 'saron', 10, NULL, 'Ds. Gebangkerep - Sragi', NULL, NULL, NULL);
INSERT INTO `pelanggans` VALUES ('3c7001bc-f55f-11ef-947b-b8ca3af85f26', '9e37a0c9-2ccc-45ba-8853-c9b92b95c97f', NULL, 'ed525232-f559-11ef-947b-b8ca3af85f26', 'puji', 10, NULL, 'Ds. Gebangkerep - Sragi', NULL, NULL, NULL);
INSERT INTO `pelanggans` VALUES ('3c700da2-f55f-11ef-947b-b8ca3af85f26', '9e37a0c9-2ccc-45ba-8853-c9b92b95c97f', NULL, 'ed525232-f559-11ef-947b-b8ca3af85f26', 'tegoh', 10, NULL, 'Ds. Gebangkerep - Sragi', NULL, NULL, NULL);
INSERT INTO `pelanggans` VALUES ('3c701b2c-f55f-11ef-947b-b8ca3af85f26', '9e37a0c9-2ccc-45ba-8853-c9b92b95c97f', NULL, 'ed525232-f559-11ef-947b-b8ca3af85f26', 'reni', 10, NULL, 'Ds. Gebangkerep - Sragi', NULL, NULL, NULL);
INSERT INTO `pelanggans` VALUES ('3c702b29-f55f-11ef-947b-b8ca3af85f26', '9e37a0c9-2ccc-45ba-8853-c9b92b95c97f', NULL, 'ed525232-f559-11ef-947b-b8ca3af85f26', 'winarso', 10, NULL, 'Ds. Gebangkerep - Sragi', NULL, NULL, NULL);
INSERT INTO `pelanggans` VALUES ('3c703bee-f55f-11ef-947b-b8ca3af85f26', '9e37a0c9-2ccc-45ba-8853-c9b92b95c97f', NULL, 'ed525232-f559-11ef-947b-b8ca3af85f26', 'ari', 10, NULL, 'Ds. Gebangkerep - Sragi', NULL, NULL, NULL);
INSERT INTO `pelanggans` VALUES ('3c70479e-f55f-11ef-947b-b8ca3af85f26', '9e37a0c9-2ccc-45ba-8853-c9b92b95c97f', NULL, 'ed525232-f559-11ef-947b-b8ca3af85f26', 'warun', 10, NULL, 'Ds. Gebangkerep - Sragi', NULL, NULL, NULL);
INSERT INTO `pelanggans` VALUES ('3c70531f-f55f-11ef-947b-b8ca3af85f26', '9e37a0c9-2ccc-45ba-8853-c9b92b95c97f', NULL, 'ed525232-f559-11ef-947b-b8ca3af85f26', 'umanah', 10, NULL, 'Ds. Gebangkerep - Sragi', NULL, NULL, NULL);
INSERT INTO `pelanggans` VALUES ('3c705ef1-f55f-11ef-947b-b8ca3af85f26', '9e37a0c9-2ccc-45ba-8853-c9b92b95c97f', NULL, 'ed525232-f559-11ef-947b-b8ca3af85f26', 'yanto', 10, NULL, 'Ds. Gebangkerep - Sragi', NULL, NULL, NULL);
INSERT INTO `pelanggans` VALUES ('3c709e13-f55f-11ef-947b-b8ca3af85f26', '9e37a0c9-2ccc-45ba-8853-c9b92b95c97f', NULL, 'ed525232-f559-11ef-947b-b8ca3af85f26', 'wiarso', 10, NULL, 'Ds. Gebangkerep - Sragi', NULL, NULL, NULL);
INSERT INTO `pelanggans` VALUES ('3c70be85-f55f-11ef-947b-b8ca3af85f26', '9e37a0c9-2ccc-45ba-8853-c9b92b95c97f', NULL, 'ed525232-f559-11ef-947b-b8ca3af85f26', 'misbah', 10, NULL, 'Ds. Gebangkerep - Sragi', NULL, NULL, NULL);
INSERT INTO `pelanggans` VALUES ('3c70ce33-f55f-11ef-947b-b8ca3af85f26', '9e37a0c9-2ccc-45ba-8853-c9b92b95c97f', NULL, 'ed525232-f559-11ef-947b-b8ca3af85f26', 'asih', 10, NULL, 'Ds. Gebangkerep - Sragi', NULL, NULL, NULL);
INSERT INTO `pelanggans` VALUES ('3c710501-f55f-11ef-947b-b8ca3af85f26', '9e37a0c9-2ccc-45ba-8853-c9b92b95c97f', NULL, 'ed525232-f559-11ef-947b-b8ca3af85f26', 'tumpang', 10, NULL, 'Ds. Gebangkerep - Sragi', NULL, NULL, NULL);
INSERT INTO `pelanggans` VALUES ('3c714104-f55f-11ef-947b-b8ca3af85f26', '9e37a0c9-2ccc-45ba-8853-c9b92b95c97f', NULL, 'ed525232-f559-11ef-947b-b8ca3af85f26', 'rubadi', 10, NULL, 'Ds. Gebangkerep - Sragi', NULL, NULL, NULL);
INSERT INTO `pelanggans` VALUES ('3c71596c-f55f-11ef-947b-b8ca3af85f26', '9e37a0c9-2ccc-45ba-8853-c9b92b95c97f', NULL, 'ed525232-f559-11ef-947b-b8ca3af85f26', 'arimi', 10, NULL, 'Ds. Gebangkerep - Sragi', NULL, NULL, NULL);
INSERT INTO `pelanggans` VALUES ('3c71b902-f55f-11ef-947b-b8ca3af85f26', '9e37a0c9-2ccc-45ba-8853-c9b92b95c97f', NULL, 'ed525232-f559-11ef-947b-b8ca3af85f26', 'g.aji', 10, NULL, 'Ds. Gebangkerep - Sragi', NULL, NULL, NULL);
INSERT INTO `pelanggans` VALUES ('3c71c763-f55f-11ef-947b-b8ca3af85f26', '9e37a0c9-2ccc-45ba-8853-c9b92b95c97f', NULL, 'ed525232-f559-11ef-947b-b8ca3af85f26', 'endang', 10, NULL, 'Ds. Gebangkerep - Sragi', NULL, NULL, NULL);
INSERT INTO `pelanggans` VALUES ('3c72112c-f55f-11ef-947b-b8ca3af85f26', '9e37a0c9-2ccc-45ba-8853-c9b92b95c97f', NULL, 'ed525232-f559-11ef-947b-b8ca3af85f26', 'tarono', 10, NULL, 'Ds. Gebangkerep - Sragi', NULL, NULL, NULL);
INSERT INTO `pelanggans` VALUES ('3c72289d-f55f-11ef-947b-b8ca3af85f26', '9e37a0c9-2ccc-45ba-8853-c9b92b95c97f', NULL, 'ed525232-f559-11ef-947b-b8ca3af85f26', 'tusia', 10, NULL, 'Ds. Gebangkerep - Sragi', NULL, NULL, NULL);
INSERT INTO `pelanggans` VALUES ('3c725a45-f55f-11ef-947b-b8ca3af85f26', '9e37a0c9-2ccc-45ba-8853-c9b92b95c97f', NULL, 'ed525232-f559-11ef-947b-b8ca3af85f26', 'deni', 10, NULL, 'Ds. Gebangkerep - Sragi', NULL, NULL, NULL);
INSERT INTO `pelanggans` VALUES ('3c728da9-f55f-11ef-947b-b8ca3af85f26', '9e37a0c9-2ccc-45ba-8853-c9b92b95c97f', NULL, 'ed525232-f559-11ef-947b-b8ca3af85f26', 'utopo', 10, NULL, 'Ds. Gebangkerep - Sragi', NULL, NULL, NULL);
INSERT INTO `pelanggans` VALUES ('3c729c32-f55f-11ef-947b-b8ca3af85f26', '9e37a0c9-2ccc-45ba-8853-c9b92b95c97f', NULL, 'ed525232-f559-11ef-947b-b8ca3af85f26', 'yanti', 10, NULL, 'Ds. Gebangkerep - Sragi', NULL, NULL, NULL);
INSERT INTO `pelanggans` VALUES ('3c72ce10-f55f-11ef-947b-b8ca3af85f26', '9e37a0c9-2ccc-45ba-8853-c9b92b95c97f', NULL, 'ed525232-f559-11ef-947b-b8ca3af85f26', 'dewi', 10, NULL, 'Ds. Gebangkerep - Sragi', NULL, NULL, NULL);
INSERT INTO `pelanggans` VALUES ('3c730079-f55f-11ef-947b-b8ca3af85f26', '9e37a0c9-2ccc-45ba-8853-c9b92b95c97f', NULL, 'ed525232-f559-11ef-947b-b8ca3af85f26', 'itak', 10, NULL, 'Ds. Gebangkerep - Sragi', NULL, NULL, NULL);
INSERT INTO `pelanggans` VALUES ('3c730faa-f55f-11ef-947b-b8ca3af85f26', '9e37a0c9-2ccc-45ba-8853-c9b92b95c97f', NULL, 'ed525232-f559-11ef-947b-b8ca3af85f26', 'anik', 10, NULL, 'Ds. Gebangkerep - Sragi', NULL, NULL, NULL);
INSERT INTO `pelanggans` VALUES ('3c736096-f55f-11ef-947b-b8ca3af85f26', '9e37a0c9-2ccc-45ba-8853-c9b92b95c97f', NULL, 'ed525232-f559-11ef-947b-b8ca3af85f26', 'topik', 10, NULL, 'Ds. Gebangkerep - Sragi', NULL, NULL, NULL);
INSERT INTO `pelanggans` VALUES ('3c737440-f55f-11ef-947b-b8ca3af85f26', '9e37a0c9-2ccc-45ba-8853-c9b92b95c97f', NULL, 'ed525232-f559-11ef-947b-b8ca3af85f26', 'mbali', 10, NULL, 'Ds. Gebangkerep - Sragi', NULL, NULL, NULL);
INSERT INTO `pelanggans` VALUES ('3c738228-f55f-11ef-947b-b8ca3af85f26', '9e37a0c9-2ccc-45ba-8853-c9b92b95c97f', NULL, 'ed525232-f559-11ef-947b-b8ca3af85f26', 'sari', 10, NULL, 'Ds. Gebangkerep - Sragi', NULL, NULL, NULL);
INSERT INTO `pelanggans` VALUES ('3c739536-f55f-11ef-947b-b8ca3af85f26', '9e37a0c9-2ccc-45ba-8853-c9b92b95c97f', NULL, 'ed525232-f559-11ef-947b-b8ca3af85f26', 'mut', 10, NULL, 'Ds. Gebangkerep - Sragi', NULL, NULL, NULL);
INSERT INTO `pelanggans` VALUES ('3c73e731-f55f-11ef-947b-b8ca3af85f26', '9e37a0c9-2ccc-45ba-8853-c9b92b95c97f', NULL, 'ed525232-f559-11ef-947b-b8ca3af85f26', 'jajak', 10, NULL, 'Ds. Gebangkerep - Sragi', NULL, NULL, NULL);
INSERT INTO `pelanggans` VALUES ('3c73f6fa-f55f-11ef-947b-b8ca3af85f26', '9e37a0c9-2ccc-45ba-8853-c9b92b95c97f', NULL, 'ed525232-f559-11ef-947b-b8ca3af85f26', 'pak joko', 10, NULL, 'Ds. Gebangkerep - Sragi', NULL, NULL, NULL);
INSERT INTO `pelanggans` VALUES ('3c743dfa-f55f-11ef-947b-b8ca3af85f26', '9e37a0c9-2ccc-45ba-8853-c9b92b95c97f', NULL, 'ed525232-f559-11ef-947b-b8ca3af85f26', 'mas dika', 10, NULL, 'Ds. Gebangkerep - Sragi', NULL, NULL, NULL);
INSERT INTO `pelanggans` VALUES ('3c745104-f55f-11ef-947b-b8ca3af85f26', '9e37a0c9-2ccc-45ba-8853-c9b92b95c97f', NULL, 'ed525232-f559-11ef-947b-b8ca3af85f26', 'tanudi', 10, NULL, 'Ds. Gebangkerep - Sragi', NULL, NULL, NULL);
INSERT INTO `pelanggans` VALUES ('3c74603d-f55f-11ef-947b-b8ca3af85f26', '9e37a0c9-2ccc-45ba-8853-c9b92b95c97f', NULL, 'ed525232-f559-11ef-947b-b8ca3af85f26', 'uripah', 10, NULL, 'Ds. Gebangkerep - Sragi', NULL, NULL, NULL);
INSERT INTO `pelanggans` VALUES ('3c749bf7-f55f-11ef-947b-b8ca3af85f26', '9e37a0c9-2ccc-45ba-8853-c9b92b95c97f', NULL, 'ed525232-f559-11ef-947b-b8ca3af85f26', 'mas ridho', 10, NULL, 'Ds. Gebangkerep - Sragi', NULL, NULL, NULL);
INSERT INTO `pelanggans` VALUES ('3c74c39f-f55f-11ef-947b-b8ca3af85f26', '9e37a0c9-2ccc-45ba-8853-c9b92b95c97f', NULL, 'ed525232-f559-11ef-947b-b8ca3af85f26', 'sucipto', 10, NULL, 'Ds. Gebangkerep - Sragi', NULL, NULL, NULL);
INSERT INTO `pelanggans` VALUES ('3c7510ee-f55f-11ef-947b-b8ca3af85f26', '9e37a0c9-2ccc-45ba-8853-c9b92b95c97f', NULL, 'ed525232-f559-11ef-947b-b8ca3af85f26', 'ridwan zamroni', 10, NULL, 'Ds. Gebangkerep - Sragi', NULL, NULL, NULL);
INSERT INTO `pelanggans` VALUES ('3c752281-f55f-11ef-947b-b8ca3af85f26', '9e37a0c9-2ccc-45ba-8853-c9b92b95c97f', NULL, 'ed525232-f559-11ef-947b-b8ca3af85f26', 'kiki setiawati', 10, NULL, 'Ds. Gebangkerep - Sragi', NULL, NULL, NULL);
INSERT INTO `pelanggans` VALUES ('3c756690-f55f-11ef-947b-b8ca3af85f26', '9e37a0c9-2ccc-45ba-8853-c9b92b95c97f', NULL, 'ed525232-f559-11ef-947b-b8ca3af85f26', 'mindi arsih', 10, NULL, 'Ds. Gebangkerep - Sragi', NULL, NULL, NULL);
INSERT INTO `pelanggans` VALUES ('3c75b98c-f55f-11ef-947b-b8ca3af85f26', '9e37a0c9-2ccc-45ba-8853-c9b92b95c97f', NULL, 'ed525232-f559-11ef-947b-b8ca3af85f26', 'surtinah', 10, NULL, 'Ds. Gebangkerep - Sragi', NULL, NULL, NULL);
INSERT INTO `pelanggans` VALUES ('3c774e2e-f55f-11ef-947b-b8ca3af85f26', '9e37a0c9-2ccc-45ba-8853-c9b92b95c97f', NULL, 'ed525232-f559-11ef-947b-b8ca3af85f26', 'endang suwarni', 10, NULL, 'Ds. Gebangkerep - Sragi', NULL, NULL, NULL);
INSERT INTO `pelanggans` VALUES ('3c77b778-f55f-11ef-947b-b8ca3af85f26', '9e37a0c9-2ccc-45ba-8853-c9b92b95c97f', NULL, 'ed525232-f559-11ef-947b-b8ca3af85f26', 'ulfa', 10, NULL, 'Ds. Gebangkerep - Sragi', NULL, NULL, NULL);
INSERT INTO `pelanggans` VALUES ('3c77e517-f55f-11ef-947b-b8ca3af85f26', '9e37a0c9-2ccc-45ba-8853-c9b92b95c97f', NULL, 'ed525232-f559-11ef-947b-b8ca3af85f26', 'marsiyem', 10, NULL, 'Ds. Gebangkerep - Sragi', NULL, NULL, NULL);
INSERT INTO `pelanggans` VALUES ('3c787591-f55f-11ef-947b-b8ca3af85f26', '9e37a0c9-2ccc-45ba-8853-c9b92b95c97f', NULL, 'ed525232-f559-11ef-947b-b8ca3af85f26', 'Yuyun', 10, NULL, 'Ds. Sumubkidul-Sragi', NULL, NULL, NULL);
INSERT INTO `pelanggans` VALUES ('3c78f677-f55f-11ef-947b-b8ca3af85f26', '9e37a0c9-2ccc-45ba-8853-c9b92b95c97f', NULL, 'ed525232-f559-11ef-947b-b8ca3af85f26', 'Tarman', 10, '081578008594', 'Ds. Pantirejo - Kesesi', NULL, NULL, NULL);
INSERT INTO `pelanggans` VALUES ('3c7956b7-f55f-11ef-947b-b8ca3af85f26', '9e37a0c9-2ccc-45ba-8853-c9b92b95c97f', NULL, 'ed525232-f559-11ef-947b-b8ca3af85f26', 'Mbk Eka', 10, '085727719902', 'Ds. Pantirejo - Kesesi', NULL, NULL, NULL);
INSERT INTO `pelanggans` VALUES ('3c79a3ec-f55f-11ef-947b-b8ca3af85f26', '9e37a0c9-2ccc-45ba-8853-c9b92b95c97f', NULL, 'ed525232-f559-11ef-947b-b8ca3af85f26', 'Mbk Novi', 10, NULL, 'Ds. Pantirejo - Kesesi', NULL, NULL, NULL);
INSERT INTO `pelanggans` VALUES ('3c7a0dee-f55f-11ef-947b-b8ca3af85f26', '9e37a0c9-2ccc-45ba-8853-c9b92b95c97f', NULL, 'ed525232-f559-11ef-947b-b8ca3af85f26', 'Taryo', 10, NULL, 'Ds. Pantirejo - Kesesi', NULL, NULL, NULL);
INSERT INTO `pelanggans` VALUES ('3c7a6df1-f55f-11ef-947b-b8ca3af85f26', '9e37a0c9-2ccc-45ba-8853-c9b92b95c97f', NULL, 'ed525232-f559-11ef-947b-b8ca3af85f26', 'Trimanto', 10, NULL, 'Ds. Pantirejo - Kesesi', NULL, NULL, NULL);
INSERT INTO `pelanggans` VALUES ('3c7abdff-f55f-11ef-947b-b8ca3af85f26', '9e37a0c9-2ccc-45ba-8853-c9b92b95c97f', NULL, 'ed525232-f559-11ef-947b-b8ca3af85f26', 'Yani', 10, NULL, 'Ds. Pantirejo - Kesesi', NULL, NULL, NULL);
INSERT INTO `pelanggans` VALUES ('3c7b25b6-f55f-11ef-947b-b8ca3af85f26', '9e37a0c9-2ccc-45ba-8853-c9b92b95c97f', NULL, 'ed525232-f559-11ef-947b-b8ca3af85f26', 'Mbk Tus', 10, NULL, 'Ds. Pantirejo - Kesesi', NULL, NULL, NULL);
INSERT INTO `pelanggans` VALUES ('3c7b8d9f-f55f-11ef-947b-b8ca3af85f26', '9e37a0c9-2ccc-45ba-8853-c9b92b95c97f', NULL, 'ed525232-f559-11ef-947b-b8ca3af85f26', 'Mbk Sumbrus', 10, NULL, 'Ds. Pantirejo - Kesesi', NULL, NULL, NULL);
INSERT INTO `pelanggans` VALUES ('3c7bf663-f55f-11ef-947b-b8ca3af85f26', '9e37a0c9-2ccc-45ba-8853-c9b92b95c97f', NULL, 'ed525232-f559-11ef-947b-b8ca3af85f26', 'Trisno', 10, NULL, 'Ds. Pantirejo - Kesesi', NULL, NULL, NULL);
INSERT INTO `pelanggans` VALUES ('3c7c4c4c-f55f-11ef-947b-b8ca3af85f26', '9e37a0c9-2ccc-45ba-8853-c9b92b95c97f', '9e597737-7a64-414d-bdc8-2df773c40cf6', 'ed525232-f559-11ef-947b-b8ca3af85f26', 'Ridho', 10, '085841806490', 'Ds. Pantirejo - Kesesi', NULL, NULL, '2025-03-04 13:49:14');
INSERT INTO `pelanggans` VALUES ('3c7cac6e-f55f-11ef-947b-b8ca3af85f26', '9e37a0c9-2ccc-45ba-8853-c9b92b95c97f', NULL, 'ed525232-f559-11ef-947b-b8ca3af85f26', 'Bakso Tinggal', 10, NULL, 'Ds. Gebangkerep - Sragi', NULL, NULL, NULL);
INSERT INTO `pelanggans` VALUES ('3c7d6e3e-f55f-11ef-947b-b8ca3af85f26', '9e37a0c9-2ccc-45ba-8853-c9b92b95c97f', NULL, 'ed525232-f559-11ef-947b-b8ca3af85f26', 'Nurgiyanti', 10, NULL, 'Ds. Gebangkerep - Sragi', NULL, NULL, NULL);
INSERT INTO `pelanggans` VALUES ('3c7e28ec-f55f-11ef-947b-b8ca3af85f26', '9e37a0c9-2ccc-45ba-8853-c9b92b95c97f', NULL, 'ed525232-f559-11ef-947b-b8ca3af85f26', 'Parmi', 10, NULL, 'Ds. Gebangkerep - Sragi', NULL, NULL, NULL);
INSERT INTO `pelanggans` VALUES ('3c7ed4a4-f55f-11ef-947b-b8ca3af85f26', '9e37a0c9-2ccc-45ba-8853-c9b92b95c97f', NULL, 'ed525232-f559-11ef-947b-b8ca3af85f26', 'Sumer', 10, NULL, 'Ds. Gebangkerep - Sragi', NULL, NULL, NULL);
INSERT INTO `pelanggans` VALUES ('3c7f40cb-f55f-11ef-947b-b8ca3af85f26', '9e37a0c9-2ccc-45ba-8853-c9b92b95c97f', NULL, 'ed525232-f559-11ef-947b-b8ca3af85f26', 'Wawan', 10, NULL, 'Ds. Gebangkerep - Sragi', NULL, NULL, NULL);
INSERT INTO `pelanggans` VALUES ('3c7f71c6-f55f-11ef-947b-b8ca3af85f26', '9e37a0c9-2ccc-45ba-8853-c9b92b95c97f', NULL, 'ed525232-f559-11ef-947b-b8ca3af85f26', 'P. Kuat', 10, NULL, 'Ds. Gebangkerep - Sragi', NULL, NULL, NULL);
INSERT INTO `pelanggans` VALUES ('3c809143-f55f-11ef-947b-b8ca3af85f26', '9e37a0c9-2ccc-45ba-8853-c9b92b95c97f', NULL, 'ed525232-f559-11ef-947b-b8ca3af85f26', 'Sulaiman', 10, NULL, 'Ds. Gebangkerep - Sragi', NULL, NULL, NULL);
INSERT INTO `pelanggans` VALUES ('3c8197ed-f55f-11ef-947b-b8ca3af85f26', '9e37a0c9-2ccc-45ba-8853-c9b92b95c97f', NULL, 'ed525232-f559-11ef-947b-b8ca3af85f26', 'Pak Bambang', 10, NULL, 'Ds. Gebangkerep - Sragi', NULL, NULL, NULL);
INSERT INTO `pelanggans` VALUES ('3c81fe54-f55f-11ef-947b-b8ca3af85f26', '9e37a0c9-2ccc-45ba-8853-c9b92b95c97f', NULL, 'ed525232-f559-11ef-947b-b8ca3af85f26', 'Wanda Qua', 10, '085842263736', 'Ds. Bulakpelem - Sragi', NULL, NULL, NULL);
INSERT INTO `pelanggans` VALUES ('3c820aef-f55f-11ef-947b-b8ca3af85f26', '9e37a0c9-2ccc-45ba-8853-c9b92b95c97f', NULL, 'ed525232-f559-11ef-947b-b8ca3af85f26', 'Mbk Dewi', 10, NULL, 'Ds. Sumublor - Sragi', NULL, NULL, NULL);
INSERT INTO `pelanggans` VALUES ('3c82658b-f55f-11ef-947b-b8ca3af85f26', '9e37a0c9-2ccc-45ba-8853-c9b92b95c97f', NULL, 'ed525232-f559-11ef-947b-b8ca3af85f26', 'TB. Caho Makmur', 10, NULL, 'Ds. Kalijambe - Sragi', NULL, NULL, NULL);
INSERT INTO `pelanggans` VALUES ('3c82d80a-f55f-11ef-947b-b8ca3af85f26', '9e37a0c9-2ccc-45ba-8853-c9b92b95c97f', NULL, 'ed525232-f559-11ef-947b-b8ca3af85f26', 'SD 01 Gebangkerep', 10, NULL, 'Ds. Gebangkerep - Sragi', NULL, NULL, NULL);
INSERT INTO `pelanggans` VALUES ('3c832859-f55f-11ef-947b-b8ca3af85f26', '9e37a0c9-2ccc-45ba-8853-c9b92b95c97f', NULL, 'ed525232-f559-11ef-947b-b8ca3af85f26', 'Bu Winarti', 10, NULL, 'Ds. Sumubkidul-Sragi', NULL, NULL, NULL);
INSERT INTO `pelanggans` VALUES ('3c833850-f55f-11ef-947b-b8ca3af85f26', '9e37a0c9-2ccc-45ba-8853-c9b92b95c97f', NULL, 'ed525232-f559-11ef-947b-b8ca3af85f26', 'Mbk Wati', 10, NULL, 'Ds. Sumubkidul - Sragi', NULL, NULL, NULL);
INSERT INTO `pelanggans` VALUES ('3c838bde-f55f-11ef-947b-b8ca3af85f26', '9e37a0c9-2ccc-45ba-8853-c9b92b95c97f', NULL, 'ed525232-f559-11ef-947b-b8ca3af85f26', 'Ika Kusmanto', 10, NULL, 'Ds. Sumubkidul-Sragi', NULL, NULL, NULL);
INSERT INTO `pelanggans` VALUES ('3c83ad4e-f55f-11ef-947b-b8ca3af85f26', '9e37a0c9-2ccc-45ba-8853-c9b92b95c97f', NULL, 'ed525232-f559-11ef-947b-b8ca3af85f26', 'Bakso Tobaq', 10, NULL, 'Ds. Sumubkidul - Sragi', NULL, NULL, NULL);
INSERT INTO `pelanggans` VALUES ('3c83ee70-f55f-11ef-947b-b8ca3af85f26', '9e37a0c9-2ccc-45ba-8853-c9b92b95c97f', NULL, 'ed525232-f559-11ef-947b-b8ca3af85f26', 'Bu Umayah', 10, NULL, 'Ds. Sumubkidul-Sragi', NULL, NULL, NULL);
INSERT INTO `pelanggans` VALUES ('3c843d66-f55f-11ef-947b-b8ca3af85f26', '9e37a0c9-2ccc-45ba-8853-c9b92b95c97f', NULL, 'ed525232-f559-11ef-947b-b8ca3af85f26', 'Bu Narti', 10, NULL, 'Ds. Sumubkidul-Sragi', NULL, NULL, NULL);
INSERT INTO `pelanggans` VALUES ('3c84b31c-f55f-11ef-947b-b8ca3af85f26', '9e37a0c9-2ccc-45ba-8853-c9b92b95c97f', NULL, 'ed525232-f559-11ef-947b-b8ca3af85f26', 'Bu Indi ', 10, NULL, 'Ds. Sumubkidul-Sragi', NULL, NULL, NULL);
INSERT INTO `pelanggans` VALUES ('3c8511c9-f55f-11ef-947b-b8ca3af85f26', '9e37a0c9-2ccc-45ba-8853-c9b92b95c97f', NULL, 'ed525232-f559-11ef-947b-b8ca3af85f26', 'Triningsih ', 10, NULL, 'Ds. Bulakpelem - Sragi', NULL, NULL, NULL);
INSERT INTO `pelanggans` VALUES ('3c857b31-f55f-11ef-947b-b8ca3af85f26', '9e37a0c9-2ccc-45ba-8853-c9b92b95c97f', NULL, 'ed525232-f559-11ef-947b-b8ca3af85f26', 'Daryanti Taran', 10, '081818691151', 'Ds. Sumubkidul-Sragi', NULL, NULL, NULL);
INSERT INTO `pelanggans` VALUES ('3c85f508-f55f-11ef-947b-b8ca3af85f26', '9e37a0c9-2ccc-45ba-8853-c9b92b95c97f', NULL, 'ed525232-f559-11ef-947b-b8ca3af85f26', 'Wawan RT', 10, NULL, 'Ds. Sumubkidul-Sragi', NULL, NULL, NULL);
INSERT INTO `pelanggans` VALUES ('3c864dd6-f55f-11ef-947b-b8ca3af85f26', '9e37a0c9-2ccc-45ba-8853-c9b92b95c97f', NULL, 'ed525232-f559-11ef-947b-b8ca3af85f26', 'Edi Cilok', 10, NULL, 'Ds. Sumubkidul - Sragi', NULL, NULL, NULL);
INSERT INTO `pelanggans` VALUES ('3c867616-f55f-11ef-947b-b8ca3af85f26', '9e37a0c9-2ccc-45ba-8853-c9b92b95c97f', NULL, 'ed525232-f559-11ef-947b-b8ca3af85f26', 'Tipah Warung', 10, NULL, 'Ds. Sumubkidul-Sragi', NULL, NULL, NULL);
INSERT INTO `pelanggans` VALUES ('3c86d78a-f55f-11ef-947b-b8ca3af85f26', '9e37a0c9-2ccc-45ba-8853-c9b92b95c97f', NULL, 'ed525232-f559-11ef-947b-b8ca3af85f26', 'Pak Totok', 15, NULL, 'Ds. Sumubkidul - Sragi', NULL, NULL, NULL);
INSERT INTO `pelanggans` VALUES ('3c872d64-f55f-11ef-947b-b8ca3af85f26', '9e37a0c9-2ccc-45ba-8853-c9b92b95c97f', NULL, 'ed525232-f559-11ef-947b-b8ca3af85f26', 'Mbak Karumi', 15, NULL, 'Ds. Sumubkidul - Sragi', NULL, NULL, NULL);
INSERT INTO `pelanggans` VALUES ('3c877da5-f55f-11ef-947b-b8ca3af85f26', '9e37a0c9-2ccc-45ba-8853-c9b92b95c97f', NULL, 'ed525232-f559-11ef-947b-b8ca3af85f26', 'Pak Wasmo', 15, NULL, 'Ds. Sumubkidul - Sragi', NULL, NULL, NULL);
INSERT INTO `pelanggans` VALUES ('3c87da6d-f55f-11ef-947b-b8ca3af85f26', '9e37a0c9-2ccc-45ba-8853-c9b92b95c97f', NULL, 'ed525232-f559-11ef-947b-b8ca3af85f26', 'Masuri', 15, NULL, 'Ds. Sumubkidul - Sragi', NULL, NULL, NULL);
INSERT INTO `pelanggans` VALUES ('3c87f886-f55f-11ef-947b-b8ca3af85f26', '9e37a0c9-2ccc-45ba-8853-c9b92b95c97f', NULL, 'ed525232-f559-11ef-947b-b8ca3af85f26', 'Titin', 15, NULL, 'Ds. Sumubkidul - Sragi', NULL, NULL, NULL);
INSERT INTO `pelanggans` VALUES ('3c886105-f55f-11ef-947b-b8ca3af85f26', '9e37a0c9-2ccc-45ba-8853-c9b92b95c97f', NULL, 'ed525232-f559-11ef-947b-b8ca3af85f26', 'Fian', 15, NULL, 'Ds. Sumubkidul - Sragi', NULL, NULL, NULL);
INSERT INTO `pelanggans` VALUES ('3c88b91b-f55f-11ef-947b-b8ca3af85f26', '9e37a0c9-2ccc-45ba-8853-c9b92b95c97f', NULL, 'ed525232-f559-11ef-947b-b8ca3af85f26', 'Mur ', 15, NULL, 'Ds. Sumubkidul - Sragi', NULL, NULL, NULL);
INSERT INTO `pelanggans` VALUES ('3c88cee5-f55f-11ef-947b-b8ca3af85f26', '9e37a0c9-2ccc-45ba-8853-c9b92b95c97f', NULL, 'ed525232-f559-11ef-947b-b8ca3af85f26', 'Wastari', 15, NULL, 'Ds. Sumubkidul - Sragi', NULL, NULL, NULL);
INSERT INTO `pelanggans` VALUES ('3c891438-f55f-11ef-947b-b8ca3af85f26', '9e37a0c9-2ccc-45ba-8853-c9b92b95c97f', NULL, 'ed525232-f559-11ef-947b-b8ca3af85f26', 'Alif', 15, NULL, 'Ds. Sumubkidul - Sragi', NULL, NULL, NULL);
INSERT INTO `pelanggans` VALUES ('3c892adb-f55f-11ef-947b-b8ca3af85f26', '9e37a0c9-2ccc-45ba-8853-c9b92b95c97f', NULL, 'ed525232-f559-11ef-947b-b8ca3af85f26', 'Mba Yanti Diva', 15, NULL, 'Ds. Sumubkidul - Sragi', NULL, NULL, NULL);
INSERT INTO `pelanggans` VALUES ('3c897a5b-f55f-11ef-947b-b8ca3af85f26', '9e37a0c9-2ccc-45ba-8853-c9b92b95c97f', NULL, 'ed525232-f559-11ef-947b-b8ca3af85f26', 'Winaryi', 15, '085728324676', 'Ds. Gebangkerep - Sragi', NULL, NULL, NULL);
INSERT INTO `pelanggans` VALUES ('3c8989bc-f55f-11ef-947b-b8ca3af85f26', '9e37a0c9-2ccc-45ba-8853-c9b92b95c97f', NULL, 'ed525232-f559-11ef-947b-b8ca3af85f26', 'Bu Kris', 15, '081944382333', 'Ds. Gebangkerep - Sragi', NULL, NULL, NULL);
INSERT INTO `pelanggans` VALUES ('3c89d5cc-f55f-11ef-947b-b8ca3af85f26', '9e37a0c9-2ccc-45ba-8853-c9b92b95c97f', NULL, 'ed525232-f559-11ef-947b-b8ca3af85f26', 'Puji Astuti', 15, NULL, 'Ds. Bulakpelem - Sragi', NULL, NULL, NULL);
INSERT INTO `pelanggans` VALUES ('3c8a667a-f55f-11ef-947b-b8ca3af85f26', '9e37a0c9-2ccc-45ba-8853-c9b92b95c97f', NULL, 'null', 'SD Sumublor', 10, NULL, 'Ds. Sumublor - Sragi', NULL, NULL, NULL);
INSERT INTO `pelanggans` VALUES ('3c8aa636-f55f-11ef-947b-b8ca3af85f26', '9e37a0c9-2ccc-45ba-8853-c9b92b95c97f', NULL, 'null', 'SD Bulaksari', 10, NULL, 'Ds. Bulaksari - Sragi', NULL, NULL, NULL);
INSERT INTO `pelanggans` VALUES ('3c8b0c4d-f55f-11ef-947b-b8ca3af85f26', '9e37a0c9-2ccc-45ba-8853-c9b92b95c97f', NULL, 'null', 'SD 01 Pantirejo', 10, NULL, 'Ds. Pantirejo - Kesesi', NULL, NULL, NULL);
INSERT INTO `pelanggans` VALUES ('3c8b96a5-f55f-11ef-947b-b8ca3af85f26', '9e37a0c9-2ccc-45ba-8853-c9b92b95c97f', NULL, 'null', 'SD 02 Pantirejo', 10, NULL, 'Ds. Pantirejo - Kesesi', NULL, NULL, NULL);
INSERT INTO `pelanggans` VALUES ('3c8c498e-f55f-11ef-947b-b8ca3af85f26', '9e37a0c9-2ccc-45ba-8853-c9b92b95c97f', NULL, 'ed525232-f559-11ef-947b-b8ca3af85f26', 'Puji Cumles', 15, NULL, 'Ds. Sumubkidul-Sragi', NULL, NULL, NULL);
INSERT INTO `pelanggans` VALUES ('3c8cb9ba-f55f-11ef-947b-b8ca3af85f26', '9e37a0c9-2ccc-45ba-8853-c9b92b95c97f', '9e576b53-2971-4f72-8c3e-b2e670541ab9', 'ed525232-f559-11ef-947b-b8ca3af85f26', 'Teguh Sarkat', 15, '082322697705', 'Ds. Sumubkidul-Sragi', NULL, NULL, '2025-03-05 23:27:55');
INSERT INTO `pelanggans` VALUES ('3c8daf9e-f55f-11ef-947b-b8ca3af85f26', '9e37a0c9-2ccc-45ba-8853-c9b92b95c97f', NULL, 'null', 'MI Tunjungsari', 10, NULL, 'Ds. Tunjungsari', NULL, NULL, NULL);
INSERT INTO `pelanggans` VALUES ('3c8e15ce-f55f-11ef-947b-b8ca3af85f26', '9e37a0c9-2ccc-45ba-8853-c9b92b95c97f', NULL, 'ed525232-f559-11ef-947b-b8ca3af85f26', 'Win ', 15, NULL, 'Ds. Sumubkidul-Sragi', NULL, NULL, NULL);
INSERT INTO `pelanggans` VALUES ('3c8e8f9d-f55f-11ef-947b-b8ca3af85f26', '9e37a0c9-2ccc-45ba-8853-c9b92b95c97f', NULL, 'ed525232-f559-11ef-947b-b8ca3af85f26', 'Pras', 15, NULL, 'Ds. Sumubkidul-Sragi', NULL, NULL, NULL);
INSERT INTO `pelanggans` VALUES ('3c8f17f7-f55f-11ef-947b-b8ca3af85f26', '9e37a0c9-2ccc-45ba-8853-c9b92b95c97f', NULL, 'ed525232-f559-11ef-947b-b8ca3af85f26', 'Bowo Sutiya', 15, NULL, 'Ds. Sumubkidul-Sragi', NULL, NULL, NULL);
INSERT INTO `pelanggans` VALUES ('3c8f36fd-f55f-11ef-947b-b8ca3af85f26', '9e37a0c9-2ccc-45ba-8853-c9b92b95c97f', NULL, 'ed525232-f559-11ef-947b-b8ca3af85f26', 'Sus Pengkol', 15, NULL, 'Ds. Sumubkidul-Sragi', NULL, NULL, NULL);
INSERT INTO `pelanggans` VALUES ('3c8f8f2d-f55f-11ef-947b-b8ca3af85f26', '9e37a0c9-2ccc-45ba-8853-c9b92b95c97f', NULL, 'ed525232-f559-11ef-947b-b8ca3af85f26', 'Tina Pengkol', 15, NULL, 'Ds. Sumubkidul-Sragi', NULL, NULL, NULL);
INSERT INTO `pelanggans` VALUES ('3c906fb1-f55f-11ef-947b-b8ca3af85f26', '9e37a0c9-2ccc-45ba-8853-c9b92b95c97f', NULL, 'ed525232-f559-11ef-947b-b8ca3af85f26', 'Bulek Saeri', 15, NULL, 'Ds. Sumubkidul-Sragi', NULL, NULL, NULL);
INSERT INTO `pelanggans` VALUES ('3c90dad5-f55f-11ef-947b-b8ca3af85f26', '9e37a0c9-2ccc-45ba-8853-c9b92b95c97f', NULL, 'ed525232-f559-11ef-947b-b8ca3af85f26', 'Jono', 15, NULL, 'Ds. Kalijambe - Sragi', NULL, NULL, NULL);
INSERT INTO `pelanggans` VALUES ('3c911a92-f55f-11ef-947b-b8ca3af85f26', '9e37a0c9-2ccc-45ba-8853-c9b92b95c97f', NULL, 'ed525232-f559-11ef-947b-b8ca3af85f26', 'Waid', 15, NULL, 'Ds. Kalijambe - Sragi', NULL, NULL, NULL);
INSERT INTO `pelanggans` VALUES ('3c91a03b-f55f-11ef-947b-b8ca3af85f26', '9e37a0c9-2ccc-45ba-8853-c9b92b95c97f', NULL, 'ed525232-f559-11ef-947b-b8ca3af85f26', 'Kusniri', 15, NULL, 'Ds. Kalijambe - Sragi', NULL, NULL, NULL);
INSERT INTO `pelanggans` VALUES ('3c91f5fb-f55f-11ef-947b-b8ca3af85f26', '9e37a0c9-2ccc-45ba-8853-c9b92b95c97f', NULL, 'ed525232-f559-11ef-947b-b8ca3af85f26', 'Mbk Yuli', 15, NULL, 'Ds. Kalijambe - Sragi', NULL, NULL, NULL);
INSERT INTO `pelanggans` VALUES ('3c924c77-f55f-11ef-947b-b8ca3af85f26', '9e37a0c9-2ccc-45ba-8853-c9b92b95c97f', NULL, 'ed525232-f559-11ef-947b-b8ca3af85f26', 'Qodar', 15, NULL, 'Ds. Kalijambe - Sragi', NULL, NULL, NULL);
INSERT INTO `pelanggans` VALUES ('3c92788a-f55f-11ef-947b-b8ca3af85f26', '9e37a0c9-2ccc-45ba-8853-c9b92b95c97f', NULL, 'ed525232-f559-11ef-947b-b8ca3af85f26', 'Tino', 15, NULL, 'Ds. Kalijambe - Sragi', NULL, NULL, NULL);
INSERT INTO `pelanggans` VALUES ('3c92c143-f55f-11ef-947b-b8ca3af85f26', '9e37a0c9-2ccc-45ba-8853-c9b92b95c97f', NULL, 'ed525232-f559-11ef-947b-b8ca3af85f26', 'Muaeni', 15, NULL, 'Ds. Sumubkidul-Sragi', NULL, NULL, NULL);
INSERT INTO `pelanggans` VALUES ('3c931fb3-f55f-11ef-947b-b8ca3af85f26', '9e37a0c9-2ccc-45ba-8853-c9b92b95c97f', NULL, 'ed525232-f559-11ef-947b-b8ca3af85f26', 'Erza', 15, NULL, 'Ds. Sumubkidul-Sragi', NULL, NULL, NULL);
INSERT INTO `pelanggans` VALUES ('3c936c92-f55f-11ef-947b-b8ca3af85f26', '9e37a0c9-2ccc-45ba-8853-c9b92b95c97f', NULL, 'ed525232-f559-11ef-947b-b8ca3af85f26', 'Iit', 15, NULL, 'Ds. Sumubkidul-Sragi', NULL, NULL, NULL);
INSERT INTO `pelanggans` VALUES ('3c937a9d-f55f-11ef-947b-b8ca3af85f26', '9e37a0c9-2ccc-45ba-8853-c9b92b95c97f', NULL, 'ed525232-f559-11ef-947b-b8ca3af85f26', 'Suci', 15, NULL, 'Ds. Sumubkidul-Sragi', NULL, NULL, NULL);
INSERT INTO `pelanggans` VALUES ('3c93bb55-f55f-11ef-947b-b8ca3af85f26', '9e37a0c9-2ccc-45ba-8853-c9b92b95c97f', NULL, 'ed525232-f559-11ef-947b-b8ca3af85f26', 'Hadi Gondrong', 15, NULL, 'Ds. Sumubkidul-Sragi', NULL, NULL, NULL);
INSERT INTO `pelanggans` VALUES ('3c93dd7c-f55f-11ef-947b-b8ca3af85f26', '9e37a0c9-2ccc-45ba-8853-c9b92b95c97f', NULL, 'null', 'Rohmat', 15, NULL, 'Ds. Kesesi', NULL, NULL, NULL);
INSERT INTO `pelanggans` VALUES ('3c94a7f6-f55f-11ef-947b-b8ca3af85f26', '9e37a0c9-2ccc-45ba-8853-c9b92b95c97f', NULL, 'ed525232-f559-11ef-947b-b8ca3af85f26', 'Heri-Hera', 15, NULL, 'Ds. Sumubkidul-Sragi', NULL, NULL, NULL);
INSERT INTO `pelanggans` VALUES ('3c96253a-f55f-11ef-947b-b8ca3af85f26', '9e37a0c9-2ccc-45ba-8853-c9b92b95c97f', NULL, 'ed525232-f559-11ef-947b-b8ca3af85f26', 'Mbk Mut', 15, NULL, 'Ds. Pantirejo - Kesesi', NULL, NULL, NULL);
INSERT INTO `pelanggans` VALUES ('3c968997-f55f-11ef-947b-b8ca3af85f26', '9e37a0c9-2ccc-45ba-8853-c9b92b95c97f', NULL, 'ed525232-f559-11ef-947b-b8ca3af85f26', 'Om Warso', 15, NULL, 'Ds. Pantirejo - Kesesi', NULL, NULL, NULL);
INSERT INTO `pelanggans` VALUES ('3c96de2e-f55f-11ef-947b-b8ca3af85f26', '9e37a0c9-2ccc-45ba-8853-c9b92b95c97f', NULL, 'ed525232-f559-11ef-947b-b8ca3af85f26', 'Purnomo', 15, NULL, 'Ds. Pantirejo - Kesesi', NULL, NULL, NULL);
INSERT INTO `pelanggans` VALUES ('3c9734ed-f55f-11ef-947b-b8ca3af85f26', '9e37a0c9-2ccc-45ba-8853-c9b92b95c97f', NULL, 'ed525232-f559-11ef-947b-b8ca3af85f26', 'Wiwik Jlubang', 15, NULL, 'Ds. Pantirejo - Kesesi', NULL, NULL, NULL);
INSERT INTO `pelanggans` VALUES ('3c977b8e-f55f-11ef-947b-b8ca3af85f26', '9e37a0c9-2ccc-45ba-8853-c9b92b95c97f', NULL, 'ed525232-f559-11ef-947b-b8ca3af85f26', 'Ira ', 15, NULL, 'Ds. Pantirejo - Kesesi', NULL, NULL, NULL);
INSERT INTO `pelanggans` VALUES ('3c97916d-f55f-11ef-947b-b8ca3af85f26', '9e37a0c9-2ccc-45ba-8853-c9b92b95c97f', NULL, 'ed525232-f559-11ef-947b-b8ca3af85f26', 'Purwandi', 15, NULL, 'Ds. Pantirejo - Kesesi', NULL, NULL, NULL);
INSERT INTO `pelanggans` VALUES ('3c97e702-f55f-11ef-947b-b8ca3af85f26', '9e37a0c9-2ccc-45ba-8853-c9b92b95c97f', NULL, 'null', 'Kastono', 15, '085225756146', 'Ds. Mulyorejo - Kesesi', NULL, NULL, NULL);
INSERT INTO `pelanggans` VALUES ('3c97f4fb-f55f-11ef-947b-b8ca3af85f26', '9e37a0c9-2ccc-45ba-8853-c9b92b95c97f', NULL, 'ed525232-f559-11ef-947b-b8ca3af85f26', 'Domo', 15, NULL, 'Ds. Pantirejo - Kesesi', NULL, NULL, NULL);
INSERT INTO `pelanggans` VALUES ('3c9840f9-f55f-11ef-947b-b8ca3af85f26', '9e37a0c9-2ccc-45ba-8853-c9b92b95c97f', NULL, 'ed525232-f559-11ef-947b-b8ca3af85f26', 'Beni', 15, NULL, 'Ds. Pantirejo - Kesesi', NULL, NULL, NULL);
INSERT INTO `pelanggans` VALUES ('3c984cfe-f55f-11ef-947b-b8ca3af85f26', '9e37a0c9-2ccc-45ba-8853-c9b92b95c97f', NULL, 'ed525232-f559-11ef-947b-b8ca3af85f26', 'Wiyarto', 15, NULL, 'Ds. Pantirejo - Kesesi', NULL, NULL, NULL);
INSERT INTO `pelanggans` VALUES ('3c989543-f55f-11ef-947b-b8ca3af85f26', '9e37a0c9-2ccc-45ba-8853-c9b92b95c97f', NULL, 'ed525232-f559-11ef-947b-b8ca3af85f26', 'Azis', 15, '082328834005', 'Ds. Purwodadi-Sragi', NULL, NULL, NULL);
INSERT INTO `pelanggans` VALUES ('3c98aaa9-f55f-11ef-947b-b8ca3af85f26', '9e37a0c9-2ccc-45ba-8853-c9b92b95c97f', NULL, 'ed525232-f559-11ef-947b-b8ca3af85f26', 'Mbk Triyah', 15, NULL, 'Ds. Pantirejo-Kesesi', NULL, NULL, NULL);
INSERT INTO `pelanggans` VALUES ('3c990831-f55f-11ef-947b-b8ca3af85f26', '9e37a0c9-2ccc-45ba-8853-c9b92b95c97f', NULL, 'ed525232-f559-11ef-947b-b8ca3af85f26', 'Mbk Tika Heri', 15, '085291520415', 'Ds. Pantirejo-Kesesi', NULL, NULL, NULL);
INSERT INTO `pelanggans` VALUES ('3c995277-f55f-11ef-947b-b8ca3af85f26', '9e37a0c9-2ccc-45ba-8853-c9b92b95c97f', NULL, 'ed525232-f559-11ef-947b-b8ca3af85f26', 'Mbk Anik', 15, '081617173326', 'Ds. Pantirejo-Kesesi', NULL, NULL, NULL);
INSERT INTO `pelanggans` VALUES ('3c9961f3-f55f-11ef-947b-b8ca3af85f26', '9e37a0c9-2ccc-45ba-8853-c9b92b95c97f', NULL, 'ed525232-f559-11ef-947b-b8ca3af85f26', 'Luluk Wastari', 15, NULL, 'Ds. Sumubkidul-Sragi', NULL, NULL, NULL);
INSERT INTO `pelanggans` VALUES ('3c9a89e2-f55f-11ef-947b-b8ca3af85f26', '9e37a0c9-2ccc-45ba-8853-c9b92b95c97f', NULL, 'ed525232-f559-11ef-947b-b8ca3af85f26', 'Cicik Jebres', 15, NULL, 'Ds. Bulakpelem-Sragi', NULL, NULL, NULL);
INSERT INTO `pelanggans` VALUES ('3c9ad76b-f55f-11ef-947b-b8ca3af85f26', '9e37a0c9-2ccc-45ba-8853-c9b92b95c97f', '9e5928f1-5d84-496b-b483-f3a16dd3c6d2', 'ed525232-f559-11ef-947b-b8ca3af85f26', 'Mbk Pipit', 15, '0859162532569', 'Ds. Bulakpelem-Sragi', NULL, NULL, '2025-03-04 10:14:33');
INSERT INTO `pelanggans` VALUES ('3c9ae849-f55f-11ef-947b-b8ca3af85f26', '9e37a0c9-2ccc-45ba-8853-c9b92b95c97f', NULL, 'ed525232-f559-11ef-947b-b8ca3af85f26', 'Ratna', 15, NULL, 'Ds. Bulakpelem-Sragi', NULL, NULL, NULL);
INSERT INTO `pelanggans` VALUES ('3c9b2bac-f55f-11ef-947b-b8ca3af85f26', '9e37a0c9-2ccc-45ba-8853-c9b92b95c97f', NULL, 'ed525232-f559-11ef-947b-b8ca3af85f26', 'Tika', 15, NULL, 'Ds. Pantirejo-Kesesi', NULL, NULL, NULL);
INSERT INTO `pelanggans` VALUES ('3c9b44d7-f55f-11ef-947b-b8ca3af85f26', '9e37a0c9-2ccc-45ba-8853-c9b92b95c97f', NULL, 'ed525232-f559-11ef-947b-b8ca3af85f26', 'Timi', 15, NULL, 'Ds. Pantirejo-Kesesi', NULL, NULL, NULL);
INSERT INTO `pelanggans` VALUES ('3c9b8bb8-f55f-11ef-947b-b8ca3af85f26', '9e37a0c9-2ccc-45ba-8853-c9b92b95c97f', NULL, 'ed525232-f559-11ef-947b-b8ca3af85f26', 'Mbk Rus', 15, NULL, 'Ds. Pantirejo-Kesesi', NULL, NULL, NULL);
INSERT INTO `pelanggans` VALUES ('3c9ba19f-f55f-11ef-947b-b8ca3af85f26', '9e37a0c9-2ccc-45ba-8853-c9b92b95c97f', NULL, 'ed525232-f559-11ef-947b-b8ca3af85f26', 'Mbk Eni', 15, NULL, 'Ds. Pantirejo-Kesesi', NULL, NULL, NULL);
INSERT INTO `pelanggans` VALUES ('3c9bec9f-f55f-11ef-947b-b8ca3af85f26', '9e37a0c9-2ccc-45ba-8853-c9b92b95c97f', NULL, 'ed525232-f559-11ef-947b-b8ca3af85f26', 'Tina', 15, NULL, 'Ds. Sumubkidul-Sragi', NULL, NULL, NULL);
INSERT INTO `pelanggans` VALUES ('3c9bfaa3-f55f-11ef-947b-b8ca3af85f26', '9e37a0c9-2ccc-45ba-8853-c9b92b95c97f', NULL, 'ed525232-f559-11ef-947b-b8ca3af85f26', 'Mbk Is', 20, NULL, 'Ds. Pantirejo-Kesesi', NULL, NULL, NULL);
INSERT INTO `pelanggans` VALUES ('3c9c466f-f55f-11ef-947b-b8ca3af85f26', '9e37a0c9-2ccc-45ba-8853-c9b92b95c97f', NULL, 'ed525232-f559-11ef-947b-b8ca3af85f26', 'Soleh', 20, NULL, 'Ds. Pantirejo - Kesesi', NULL, NULL, NULL);
INSERT INTO `pelanggans` VALUES ('3c9c5609-f55f-11ef-947b-b8ca3af85f26', '9e37a0c9-2ccc-45ba-8853-c9b92b95c97f', NULL, 'ed525232-f559-11ef-947b-b8ca3af85f26', 'Kuscoyo', 20, NULL, 'Ds. Pantirejo - Kesesi', NULL, NULL, NULL);
INSERT INTO `pelanggans` VALUES ('3c9c9b27-f55f-11ef-947b-b8ca3af85f26', '9e37a0c9-2ccc-45ba-8853-c9b92b95c97f', NULL, 'ed525232-f559-11ef-947b-b8ca3af85f26', 'Ratiyul', 20, NULL, 'Ds. Pantirejo - Kesesi', NULL, NULL, NULL);
INSERT INTO `pelanggans` VALUES ('3c9cb1d7-f55f-11ef-947b-b8ca3af85f26', '9e37a0c9-2ccc-45ba-8853-c9b92b95c97f', NULL, 'ed525232-f559-11ef-947b-b8ca3af85f26', 'Dasi', 20, NULL, 'Ds. Pantirejo - Kesesi', NULL, NULL, NULL);
INSERT INTO `pelanggans` VALUES ('3c9cf530-f55f-11ef-947b-b8ca3af85f26', '9e37a0c9-2ccc-45ba-8853-c9b92b95c97f', NULL, 'ed525232-f559-11ef-947b-b8ca3af85f26', 'Sri', 20, NULL, 'Ds. Pantirejo - Kesesi', NULL, NULL, NULL);
INSERT INTO `pelanggans` VALUES ('3c9d0e63-f55f-11ef-947b-b8ca3af85f26', '9e37a0c9-2ccc-45ba-8853-c9b92b95c97f', NULL, 'ed525232-f559-11ef-947b-b8ca3af85f26', 'Turyati', 20, NULL, 'Ds. Pantirejo - Kesesi', NULL, NULL, NULL);
INSERT INTO `pelanggans` VALUES ('3c9d6aab-f55f-11ef-947b-b8ca3af85f26', '9e37a0c9-2ccc-45ba-8853-c9b92b95c97f', NULL, 'ed525232-f559-11ef-947b-b8ca3af85f26', 'Suiri', 20, NULL, 'Ds. Pantirejo - Kesesi', NULL, NULL, NULL);
INSERT INTO `pelanggans` VALUES ('3c9d7d1a-f55f-11ef-947b-b8ca3af85f26', '9e37a0c9-2ccc-45ba-8853-c9b92b95c97f', NULL, 'ed525232-f559-11ef-947b-b8ca3af85f26', 'Diska', 20, NULL, 'Ds. Pantirejo - Kesesi', NULL, NULL, NULL);
INSERT INTO `pelanggans` VALUES ('3c9dcb26-f55f-11ef-947b-b8ca3af85f26', '9e37a0c9-2ccc-45ba-8853-c9b92b95c97f', NULL, 'ed525232-f559-11ef-947b-b8ca3af85f26', 'Titik', 20, NULL, 'Ds. Pantirejo - Kesesi', NULL, NULL, NULL);
INSERT INTO `pelanggans` VALUES ('3c9e1a06-f55f-11ef-947b-b8ca3af85f26', '9e37a0c9-2ccc-45ba-8853-c9b92b95c97f', NULL, 'ed525232-f559-11ef-947b-b8ca3af85f26', 'Aryo', 20, NULL, 'Ds. Pantirejo - Kesesi', NULL, NULL, NULL);
INSERT INTO `pelanggans` VALUES ('3c9e418c-f55f-11ef-947b-b8ca3af85f26', '9e37a0c9-2ccc-45ba-8853-c9b92b95c97f', NULL, 'ed525232-f559-11ef-947b-b8ca3af85f26', 'Mus', 20, NULL, 'Ds. Pantirejo - Kesesi', NULL, NULL, NULL);
INSERT INTO `pelanggans` VALUES ('3c9ea146-f55f-11ef-947b-b8ca3af85f26', '9e37a0c9-2ccc-45ba-8853-c9b92b95c97f', NULL, 'ed525232-f559-11ef-947b-b8ca3af85f26', 'Rudi', 20, NULL, 'Ds. Pantirejo - Kesesi', NULL, NULL, NULL);
INSERT INTO `pelanggans` VALUES ('3c9f1cc2-f55f-11ef-947b-b8ca3af85f26', '9e37a0c9-2ccc-45ba-8853-c9b92b95c97f', NULL, 'ed525232-f559-11ef-947b-b8ca3af85f26', 'Cik', 20, NULL, 'Ds. Pantirejo - Kesesi', NULL, NULL, NULL);
INSERT INTO `pelanggans` VALUES ('3c9f326e-f55f-11ef-947b-b8ca3af85f26', '9e37a0c9-2ccc-45ba-8853-c9b92b95c97f', NULL, 'ed525232-f559-11ef-947b-b8ca3af85f26', 'Nur', 20, NULL, 'Ds. Pantirejo - Kesesi', NULL, NULL, NULL);
INSERT INTO `pelanggans` VALUES ('3c9f6e64-f55f-11ef-947b-b8ca3af85f26', '9e37a0c9-2ccc-45ba-8853-c9b92b95c97f', NULL, 'ed525232-f559-11ef-947b-b8ca3af85f26', 'Kuwat', 20, NULL, 'Ds. Pantirejo - Kesesi', NULL, NULL, NULL);
INSERT INTO `pelanggans` VALUES ('3c9f97a2-f55f-11ef-947b-b8ca3af85f26', '9e37a0c9-2ccc-45ba-8853-c9b92b95c97f', NULL, 'null', 'Doni Kaduse', 15, '081313138169', 'Ds. Mulyorejo-Kesesi', NULL, NULL, NULL);
INSERT INTO `pelanggans` VALUES ('3c9fa4d1-f55f-11ef-947b-b8ca3af85f26', '9e37a0c9-2ccc-45ba-8853-c9b92b95c97f', NULL, 'null', 'Klien Mlokolegi', 15, NULL, 'Ds. Bulakpelem-Sragi', NULL, NULL, NULL);
INSERT INTO `pelanggans` VALUES ('3c9fb0f0-f55f-11ef-947b-b8ca3af85f26', '9e37a0c9-2ccc-45ba-8853-c9b92b95c97f', '9e5b74cb-8120-43ea-815c-0e760fac2304', 'ed525232-f559-11ef-947b-b8ca3af85f26', 'Bu Rini', 15, '085601730384', 'Ds. Sijeruk-Sragi', NULL, NULL, '2025-03-05 13:33:43');
INSERT INTO `pelanggans` VALUES ('3c9fe5d6-f55f-11ef-947b-b8ca3af85f26', '9e37a0c9-2ccc-45ba-8853-c9b92b95c97f', NULL, 'ed525232-f559-11ef-947b-b8ca3af85f26', 'Win', 20, NULL, 'Ds. Pantirejo - Kesesi', NULL, NULL, NULL);
INSERT INTO `pelanggans` VALUES ('3ca01e83-f55f-11ef-947b-b8ca3af85f26', '9e37a0c9-2ccc-45ba-8853-c9b92b95c97f', NULL, 'ed525232-f559-11ef-947b-b8ca3af85f26', 'Om Wawan', 20, NULL, 'Ds. Pantirejo - Kesesi', NULL, NULL, NULL);
INSERT INTO `pelanggans` VALUES ('3ca03242-f55f-11ef-947b-b8ca3af85f26', '9e37a0c9-2ccc-45ba-8853-c9b92b95c97f', NULL, 'ed525232-f559-11ef-947b-b8ca3af85f26', 'Om Rasindon', 20, NULL, 'Ds. Pantirejo - Kesesi', NULL, NULL, NULL);
INSERT INTO `pelanggans` VALUES ('3ca07ae0-f55f-11ef-947b-b8ca3af85f26', '9e37a0c9-2ccc-45ba-8853-c9b92b95c97f', NULL, 'ed525232-f559-11ef-947b-b8ca3af85f26', 'Mendi', 20, NULL, 'Ds. Pantirejo - Kesesi', NULL, NULL, NULL);
INSERT INTO `pelanggans` VALUES ('3ca096e8-f55f-11ef-947b-b8ca3af85f26', '9e37a0c9-2ccc-45ba-8853-c9b92b95c97f', NULL, 'ed525232-f559-11ef-947b-b8ca3af85f26', 'Pak Heri', 20, NULL, 'Ds. Bulakpelem-Sragi', NULL, NULL, NULL);
INSERT INTO `pelanggans` VALUES ('3ca0acb4-f55f-11ef-947b-b8ca3af85f26', '9e37a0c9-2ccc-45ba-8853-c9b92b95c97f', NULL, 'ed525232-f559-11ef-947b-b8ca3af85f26', 'Impihana', 20, NULL, 'Ds. Bulakpelem-Sragi', NULL, NULL, NULL);
INSERT INTO `pelanggans` VALUES ('3ca0c7ae-f55f-11ef-947b-b8ca3af85f26', '9e37a0c9-2ccc-45ba-8853-c9b92b95c97f', NULL, 'ed525232-f559-11ef-947b-b8ca3af85f26', 'Om Slamet', 20, NULL, 'Ds. Mulyorejo-Kesesi', NULL, NULL, NULL);
INSERT INTO `pelanggans` VALUES ('3ca113e9-f55f-11ef-947b-b8ca3af85f26', '9e37a0c9-2ccc-45ba-8853-c9b92b95c97f', NULL, 'ed525232-f559-11ef-947b-b8ca3af85f26', 'Apes', 20, NULL, 'Ds. Mulyorejo-Kesesi', NULL, NULL, NULL);
INSERT INTO `pelanggans` VALUES ('3ca12a77-f55f-11ef-947b-b8ca3af85f26', '9e37a0c9-2ccc-45ba-8853-c9b92b95c97f', NULL, 'ed525232-f559-11ef-947b-b8ca3af85f26', 'Om Hudi', 20, NULL, 'Ds. Kalijambe - Sragi', NULL, NULL, NULL);
INSERT INTO `pelanggans` VALUES ('3ca1a1ba-f55f-11ef-947b-b8ca3af85f26', '9e37a0c9-2ccc-45ba-8853-c9b92b95c97f', NULL, 'ed525232-f559-11ef-947b-b8ca3af85f26', 'Waluyo', 20, NULL, 'Ds. Sumubkidul-Sragi', NULL, NULL, NULL);
INSERT INTO `pelanggans` VALUES ('3ca1bee6-f55f-11ef-947b-b8ca3af85f26', '9e37a0c9-2ccc-45ba-8853-c9b92b95c97f', NULL, 'ed525232-f559-11ef-947b-b8ca3af85f26', 'Cis', 20, NULL, 'Ds. Sumubkidul-Sragi', NULL, NULL, NULL);
INSERT INTO `pelanggans` VALUES ('3ca1e179-f55f-11ef-947b-b8ca3af85f26', '9e37a0c9-2ccc-45ba-8853-c9b92b95c97f', NULL, 'ed525232-f559-11ef-947b-b8ca3af85f26', 'Pratin', 20, NULL, 'Ds. Sumubkidul-Sragi', NULL, NULL, NULL);
INSERT INTO `pelanggans` VALUES ('3ca2377f-f55f-11ef-947b-b8ca3af85f26', '9e37a0c9-2ccc-45ba-8853-c9b92b95c97f', NULL, 'ed525232-f559-11ef-947b-b8ca3af85f26', 'Om Nur', 20, NULL, 'Ds. Sumubkidul-Sragi', NULL, NULL, NULL);
INSERT INTO `pelanggans` VALUES ('3ca24428-f55f-11ef-947b-b8ca3af85f26', '9e37a0c9-2ccc-45ba-8853-c9b92b95c97f', NULL, 'ed525232-f559-11ef-947b-b8ca3af85f26', 'Guru Karyono', 20, NULL, 'Ds. Sumubkidul-Sragi', NULL, NULL, NULL);
INSERT INTO `pelanggans` VALUES ('3ca2543f-f55f-11ef-947b-b8ca3af85f26', '9e37a0c9-2ccc-45ba-8853-c9b92b95c97f', NULL, 'ed525232-f559-11ef-947b-b8ca3af85f26', 'Warno', 20, NULL, 'Ds. Sumubkidul-Sragi', NULL, NULL, NULL);
INSERT INTO `pelanggans` VALUES ('3ca2614a-f55f-11ef-947b-b8ca3af85f26', '9e37a0c9-2ccc-45ba-8853-c9b92b95c97f', NULL, 'ed525232-f559-11ef-947b-b8ca3af85f26', 'Rael', 20, NULL, 'Ds. Sumubkidul-Sragi', NULL, NULL, NULL);
INSERT INTO `pelanggans` VALUES ('3ca28383-f55f-11ef-947b-b8ca3af85f26', '9e37a0c9-2ccc-45ba-8853-c9b92b95c97f', NULL, 'ed525232-f559-11ef-947b-b8ca3af85f26', 'Bu Kartika', 20, NULL, 'Ds. Sumubkidul-Sragi', NULL, NULL, NULL);
INSERT INTO `pelanggans` VALUES ('3ca39212-f55f-11ef-947b-b8ca3af85f26', '9e37a0c9-2ccc-45ba-8853-c9b92b95c97f', NULL, 'ed525232-f559-11ef-947b-b8ca3af85f26', 'Warakati', 20, NULL, 'Ds. Sumubkidul-Sragi', NULL, NULL, NULL);
INSERT INTO `pelanggans` VALUES ('3ca439be-f55f-11ef-947b-b8ca3af85f26', '9e37a0c9-2ccc-45ba-8853-c9b92b95c97f', NULL, 'ed525232-f559-11ef-947b-b8ca3af85f26', 'Rumi Galon', 20, NULL, 'Ds. Sumubkidul-Sragi', NULL, NULL, NULL);
INSERT INTO `pelanggans` VALUES ('3ca4b1ee-f55f-11ef-947b-b8ca3af85f26', '9e37a0c9-2ccc-45ba-8853-c9b92b95c97f', NULL, 'ed525232-f559-11ef-947b-b8ca3af85f26', 'Agung Isti', 20, NULL, 'Ds. Sumubkidul-Sragi', NULL, NULL, NULL);
INSERT INTO `pelanggans` VALUES ('3ca4f6a6-f55f-11ef-947b-b8ca3af85f26', '9e37a0c9-2ccc-45ba-8853-c9b92b95c97f', NULL, 'ed525232-f559-11ef-947b-b8ca3af85f26', 'Bos Pyon', 20, NULL, 'Ds. Sumubkidul-Sragi', NULL, NULL, NULL);
INSERT INTO `pelanggans` VALUES ('3ca51c1f-f55f-11ef-947b-b8ca3af85f26', '9e37a0c9-2ccc-45ba-8853-c9b92b95c97f', NULL, 'ed525232-f559-11ef-947b-b8ca3af85f26', 'UD. BD', 20, NULL, 'Ds. Sumubkidul-Sragi', NULL, NULL, NULL);
INSERT INTO `pelanggans` VALUES ('3ca52b7b-f55f-11ef-947b-b8ca3af85f26', '9e37a0c9-2ccc-45ba-8853-c9b92b95c97f', NULL, 'ed525232-f559-11ef-947b-b8ca3af85f26', 'Mbk Kasri', 20, NULL, 'Ds. Sumubkidul-Sragi', NULL, NULL, NULL);
INSERT INTO `pelanggans` VALUES ('3ca53a6c-f55f-11ef-947b-b8ca3af85f26', '9e37a0c9-2ccc-45ba-8853-c9b92b95c97f', NULL, 'ed525232-f559-11ef-947b-b8ca3af85f26', 'Wastinah', 20, NULL, 'Ds. Sumubkidul-Sragi', NULL, NULL, NULL);
INSERT INTO `pelanggans` VALUES ('3ca57bd7-f55f-11ef-947b-b8ca3af85f26', '9e37a0c9-2ccc-45ba-8853-c9b92b95c97f', NULL, 'ed525232-f559-11ef-947b-b8ca3af85f26', 'Damsikin', 20, NULL, 'Ds. Sumubkidul-Sragi', NULL, NULL, NULL);
INSERT INTO `pelanggans` VALUES ('3ca5990d-f55f-11ef-947b-b8ca3af85f26', '9e37a0c9-2ccc-45ba-8853-c9b92b95c97f', NULL, 'ed525232-f559-11ef-947b-b8ca3af85f26', 'Mbk Lisa', 20, NULL, 'Ds. Sumubkidul-Sragi', NULL, NULL, NULL);
INSERT INTO `pelanggans` VALUES ('3ca5a694-f55f-11ef-947b-b8ca3af85f26', '9e37a0c9-2ccc-45ba-8853-c9b92b95c97f', NULL, 'ed525232-f559-11ef-947b-b8ca3af85f26', 'Kurnoto', 20, NULL, 'Ds. Sumubkidul-Sragi', NULL, NULL, NULL);
INSERT INTO `pelanggans` VALUES ('3ca5b2ab-f55f-11ef-947b-b8ca3af85f26', '9e37a0c9-2ccc-45ba-8853-c9b92b95c97f', NULL, 'ed525232-f559-11ef-947b-b8ca3af85f26', 'Titik Rania', 20, NULL, 'Ds. Bulakpelem-Sragi', NULL, NULL, NULL);
INSERT INTO `pelanggans` VALUES ('3ca5c9c8-f55f-11ef-947b-b8ca3af85f26', '9e37a0c9-2ccc-45ba-8853-c9b92b95c97f', NULL, 'ed525232-f559-11ef-947b-b8ca3af85f26', 'Srini', 20, NULL, 'Ds. Bulakpelem-Sragi', NULL, NULL, NULL);
INSERT INTO `pelanggans` VALUES ('3ca5d57d-f55f-11ef-947b-b8ca3af85f26', '9e37a0c9-2ccc-45ba-8853-c9b92b95c97f', NULL, 'ed525232-f559-11ef-947b-b8ca3af85f26', 'Cis', 20, NULL, 'Ds. Bulakpelem-Sragi', NULL, NULL, NULL);
INSERT INTO `pelanggans` VALUES ('3ca5e795-f55f-11ef-947b-b8ca3af85f26', '9e37a0c9-2ccc-45ba-8853-c9b92b95c97f', NULL, 'ed525232-f559-11ef-947b-b8ca3af85f26', 'Imron', 20, NULL, 'Ds. Bulakpelem-Sragi', NULL, NULL, NULL);
INSERT INTO `pelanggans` VALUES ('3ca63aaa-f55f-11ef-947b-b8ca3af85f26', '9e37a0c9-2ccc-45ba-8853-c9b92b95c97f', NULL, 'ed525232-f559-11ef-947b-b8ca3af85f26', 'Arul', 20, NULL, 'Ds. Sumubkidul-Sragi', NULL, NULL, NULL);
INSERT INTO `pelanggans` VALUES ('3ca646b8-f55f-11ef-947b-b8ca3af85f26', '9e37a0c9-2ccc-45ba-8853-c9b92b95c97f', NULL, 'ed525232-f559-11ef-947b-b8ca3af85f26', 'Mak Lip', 20, NULL, 'Ds. Sumubkidul-Sragi', NULL, NULL, NULL);
INSERT INTO `pelanggans` VALUES ('3ca6538b-f55f-11ef-947b-b8ca3af85f26', '9e37a0c9-2ccc-45ba-8853-c9b92b95c97f', NULL, 'ed525232-f559-11ef-947b-b8ca3af85f26', 'Bu Heni ', 20, '081329129808', 'Ds. Gebangkerep - Sragi', NULL, NULL, NULL);
INSERT INTO `pelanggans` VALUES ('3ca65f22-f55f-11ef-947b-b8ca3af85f26', '9e37a0c9-2ccc-45ba-8853-c9b92b95c97f', NULL, 'ed525232-f559-11ef-947b-b8ca3af85f26', 'Bu Rini', 20, '0818289917', 'Ds. Karangrejo -Kesesi', NULL, NULL, NULL);
INSERT INTO `pelanggans` VALUES ('3ca69a69-f55f-11ef-947b-b8ca3af85f26', '9e37a0c9-2ccc-45ba-8853-c9b92b95c97f', NULL, 'ed525232-f559-11ef-947b-b8ca3af85f26', 'Afifah', 20, '08562595009', 'Ds. Sumubkidul-Sragi', NULL, NULL, NULL);
INSERT INTO `pelanggans` VALUES ('3ca6c5b9-f55f-11ef-947b-b8ca3af85f26', '9e37a0c9-2ccc-45ba-8853-c9b92b95c97f', NULL, 'ed525232-f559-11ef-947b-b8ca3af85f26', 'Sri Mamek', 20, NULL, 'Ds. Sumubkidul-Sragi', NULL, NULL, NULL);
INSERT INTO `pelanggans` VALUES ('3ca7082c-f55f-11ef-947b-b8ca3af85f26', '9e37a0c9-2ccc-45ba-8853-c9b92b95c97f', NULL, 'ed525232-f559-11ef-947b-b8ca3af85f26', 'Doko Sayur', 20, '085695088934', 'Ds. Gebangkerep - Sragi', NULL, NULL, NULL);
INSERT INTO `pelanggans` VALUES ('3ca726f5-f55f-11ef-947b-b8ca3af85f26', '9e37a0c9-2ccc-45ba-8853-c9b92b95c97f', NULL, 'ed525232-f559-11ef-947b-b8ca3af85f26', 'Arif TNI', 20, '083873017304', 'Ds. Gebangkerep - Sragi', NULL, NULL, NULL);
INSERT INTO `pelanggans` VALUES ('3ca77516-f55f-11ef-947b-b8ca3af85f26', '9e37a0c9-2ccc-45ba-8853-c9b92b95c97f', NULL, 'ed525232-f559-11ef-947b-b8ca3af85f26', 'Arumbia', 20, '082326639530', 'Ds. Sumubkidul-Sragi', NULL, NULL, NULL);
INSERT INTO `pelanggans` VALUES ('3ca78141-f55f-11ef-947b-b8ca3af85f26', '9e37a0c9-2ccc-45ba-8853-c9b92b95c97f', NULL, 'ed525232-f559-11ef-947b-b8ca3af85f26', 'Mbak Raeton', 20, NULL, 'Ds. Sumubkidul-Sragi', NULL, NULL, NULL);
INSERT INTO `pelanggans` VALUES ('3ca7aa92-f55f-11ef-947b-b8ca3af85f26', '9e37a0c9-2ccc-45ba-8853-c9b92b95c97f', NULL, 'ed525232-f559-11ef-947b-b8ca3af85f26', 'Antika', 20, '085742234693', 'Ds. Sumubkidul-Sragi', NULL, NULL, NULL);
INSERT INTO `pelanggans` VALUES ('3ca7e295-f55f-11ef-947b-b8ca3af85f26', '9e37a0c9-2ccc-45ba-8853-c9b92b95c97f', NULL, 'ed525232-f559-11ef-947b-b8ca3af85f26', 'Gondrong', 20, NULL, 'Ds. Sumubkidul-Sragi', NULL, NULL, NULL);
INSERT INTO `pelanggans` VALUES ('3ca8203d-f55f-11ef-947b-b8ca3af85f26', '9e37a0c9-2ccc-45ba-8853-c9b92b95c97f', NULL, 'ed525232-f559-11ef-947b-b8ca3af85f26', 'Ita', 20, NULL, 'Ds. Sumubkidul-Sragi', NULL, NULL, NULL);
INSERT INTO `pelanggans` VALUES ('3ca87c47-f55f-11ef-947b-b8ca3af85f26', '9e37a0c9-2ccc-45ba-8853-c9b92b95c97f', NULL, 'ed525232-f559-11ef-947b-b8ca3af85f26', 'Nur', 20, NULL, 'Ds. Sumubkidul-Sragi', NULL, NULL, NULL);
INSERT INTO `pelanggans` VALUES ('3caa4449-f55f-11ef-947b-b8ca3af85f26', '9e37a0c9-2ccc-45ba-8853-c9b92b95c97f', NULL, 'ed525232-f559-11ef-947b-b8ca3af85f26', 'Indri', 20, NULL, 'Ds. Sumubkidul-Sragi', NULL, NULL, NULL);
INSERT INTO `pelanggans` VALUES ('3caa5280-f55f-11ef-947b-b8ca3af85f26', '9e37a0c9-2ccc-45ba-8853-c9b92b95c97f', NULL, 'ed525232-f559-11ef-947b-b8ca3af85f26', 'Lala', 20, NULL, 'Ds. Sumubkidul-Sragi', NULL, NULL, NULL);
INSERT INTO `pelanggans` VALUES ('3caa6598-f55f-11ef-947b-b8ca3af85f26', '9e37a0c9-2ccc-45ba-8853-c9b92b95c97f', NULL, 'ed525232-f559-11ef-947b-b8ca3af85f26', 'Dinda', 20, NULL, 'Ds. Sumubkidul-Sragi', NULL, NULL, NULL);
INSERT INTO `pelanggans` VALUES ('3caabd2e-f55f-11ef-947b-b8ca3af85f26', '9e37a0c9-2ccc-45ba-8853-c9b92b95c97f', NULL, 'ed525232-f559-11ef-947b-b8ca3af85f26', 'Bos Yanto', 20, NULL, 'Ds. Sumubkidul-Sragi', NULL, NULL, NULL);
INSERT INTO `pelanggans` VALUES ('3caad16d-f55f-11ef-947b-b8ca3af85f26', '9e37a0c9-2ccc-45ba-8853-c9b92b95c97f', NULL, 'ed525232-f559-11ef-947b-b8ca3af85f26', 'Dodi', 20, NULL, 'Ds. Sumubkidul-Sragi', NULL, NULL, NULL);
INSERT INTO `pelanggans` VALUES ('3caaea34-f55f-11ef-947b-b8ca3af85f26', '9e37a0c9-2ccc-45ba-8853-c9b92b95c97f', NULL, 'ed525232-f559-11ef-947b-b8ca3af85f26', 'Om didik', 20, '089696314889', 'Ds. Sijeruk- Sragi', NULL, NULL, NULL);
INSERT INTO `pelanggans` VALUES ('3cab214b-f55f-11ef-947b-b8ca3af85f26', '9e37a0c9-2ccc-45ba-8853-c9b92b95c97f', NULL, 'ed525232-f559-11ef-947b-b8ca3af85f26', 'Mak Warsinah', 20, NULL, 'Ds. Sumubkidul-Sragi', NULL, NULL, NULL);
INSERT INTO `pelanggans` VALUES ('3cab4a37-f55f-11ef-947b-b8ca3af85f26', '9e37a0c9-2ccc-45ba-8853-c9b92b95c97f', NULL, 'ed525232-f559-11ef-947b-b8ca3af85f26', 'Mbak Tanti (Tanto)', 20, NULL, 'Ds. Sumubkidul-Sragi', NULL, NULL, NULL);
INSERT INTO `pelanggans` VALUES ('3cab57e6-f55f-11ef-947b-b8ca3af85f26', '9e37a0c9-2ccc-45ba-8853-c9b92b95c97f', NULL, 'ed525232-f559-11ef-947b-b8ca3af85f26', 'Via', 20, NULL, 'Ds. Sumubkidul-Sragi', NULL, NULL, NULL);
INSERT INTO `pelanggans` VALUES ('3cab634b-f55f-11ef-947b-b8ca3af85f26', '9e37a0c9-2ccc-45ba-8853-c9b92b95c97f', NULL, 'ed525232-f559-11ef-947b-b8ca3af85f26', 'Mak Sriyah ', 20, NULL, 'Ds. Sumubkidul-Sragi', NULL, NULL, NULL);
INSERT INTO `pelanggans` VALUES ('3cab74c9-f55f-11ef-947b-b8ca3af85f26', '9e37a0c9-2ccc-45ba-8853-c9b92b95c97f', NULL, 'ed525232-f559-11ef-947b-b8ca3af85f26', 'Sugeng', 20, NULL, 'Ds. Sumubkidul-Sragi', NULL, NULL, NULL);
INSERT INTO `pelanggans` VALUES ('3cac10dd-f55f-11ef-947b-b8ca3af85f26', '9e37a0c9-2ccc-45ba-8853-c9b92b95c97f', NULL, 'ed525232-f559-11ef-947b-b8ca3af85f26', 'Om Martono', 20, NULL, 'Ds. Sumubkidul-Sragi', NULL, NULL, NULL);
INSERT INTO `pelanggans` VALUES ('3cac26da-f55f-11ef-947b-b8ca3af85f26', '9e37a0c9-2ccc-45ba-8853-c9b92b95c97f', NULL, 'ed525232-f559-11ef-947b-b8ca3af85f26', 'Pak Muri', 20, NULL, 'Ds. Sumubkidul-Sragi', NULL, NULL, NULL);
INSERT INTO `pelanggans` VALUES ('3cac32d6-f55f-11ef-947b-b8ca3af85f26', '9e37a0c9-2ccc-45ba-8853-c9b92b95c97f', NULL, 'ed525232-f559-11ef-947b-b8ca3af85f26', 'Mbak  Al', 20, NULL, 'Ds. Sumubkidul-Sragi', NULL, NULL, NULL);
INSERT INTO `pelanggans` VALUES ('3cac3fd5-f55f-11ef-947b-b8ca3af85f26', '9e37a0c9-2ccc-45ba-8853-c9b92b95c97f', NULL, 'ed525232-f559-11ef-947b-b8ca3af85f26', 'Mbak  Sus Sundrek', 20, NULL, 'Ds. Sumubkidul-Sragi', NULL, NULL, NULL);
INSERT INTO `pelanggans` VALUES ('3cac4e83-f55f-11ef-947b-b8ca3af85f26', '9e37a0c9-2ccc-45ba-8853-c9b92b95c97f', NULL, 'ed525232-f559-11ef-947b-b8ca3af85f26', 'Pak Mus', 20, NULL, 'Ds. Sumubkidul-Sragi', NULL, NULL, NULL);
INSERT INTO `pelanggans` VALUES ('3cacbedf-f55f-11ef-947b-b8ca3af85f26', '9e37a0c9-2ccc-45ba-8853-c9b92b95c97f', NULL, 'ed525232-f559-11ef-947b-b8ca3af85f26', 'Mbk Santi Gendhek', 20, NULL, 'Ds. Sumubkidul-Sragi', NULL, NULL, NULL);
INSERT INTO `pelanggans` VALUES ('3cacf8ab-f55f-11ef-947b-b8ca3af85f26', '9e37a0c9-2ccc-45ba-8853-c9b92b95c97f', NULL, 'ed525232-f559-11ef-947b-b8ca3af85f26', 'Om Anton', 20, NULL, 'Ds. Sumubkidul-Sragi', NULL, NULL, NULL);
INSERT INTO `pelanggans` VALUES ('3cad58b3-f55f-11ef-947b-b8ca3af85f26', '9e37a0c9-2ccc-45ba-8853-c9b92b95c97f', NULL, 'ed525232-f559-11ef-947b-b8ca3af85f26', 'Mbk Ema', 20, NULL, 'Ds. Sumubkidul-Sragi', NULL, NULL, NULL);
INSERT INTO `pelanggans` VALUES ('3cad7728-f55f-11ef-947b-b8ca3af85f26', '9e37a0c9-2ccc-45ba-8853-c9b92b95c97f', '9e5b7415-77d2-4521-b8ca-bde488c46be9', 'ed525232-f559-11ef-947b-b8ca3af85f26', 'Haryono', 20, '08156957605', 'Ds. Gebangkerep - Sragi', NULL, NULL, '2025-03-05 13:31:37');
INSERT INTO `pelanggans` VALUES ('3cad84f0-f55f-11ef-947b-b8ca3af85f26', '9e37a0c9-2ccc-45ba-8853-c9b92b95c97f', NULL, 'ed525232-f559-11ef-947b-b8ca3af85f26', 'Mbk Supre', 20, NULL, 'Ds. Sumubkidul-Sragi', NULL, NULL, NULL);
INSERT INTO `pelanggans` VALUES ('3cae058e-f55f-11ef-947b-b8ca3af85f26', '9e37a0c9-2ccc-45ba-8853-c9b92b95c97f', NULL, 'ed525232-f559-11ef-947b-b8ca3af85f26', 'Mbk Ning', 20, NULL, 'Ds. Mulyorejo-Kesesi', NULL, NULL, NULL);
INSERT INTO `pelanggans` VALUES ('3cae1b32-f55f-11ef-947b-b8ca3af85f26', '9e37a0c9-2ccc-45ba-8853-c9b92b95c97f', NULL, 'null', 'Pak Edi', 20, NULL, 'Ds. Bulakpelem-Sragi', NULL, NULL, NULL);
INSERT INTO `pelanggans` VALUES ('3cae273b-f55f-11ef-947b-b8ca3af85f26', '9e37a0c9-2ccc-45ba-8853-c9b92b95c97f', NULL, 'null', 'Rohmatcell', 20, NULL, 'Ds. Mulyorejo-Kesesi', NULL, NULL, NULL);
INSERT INTO `pelanggans` VALUES ('3cae6fb5-f55f-11ef-947b-b8ca3af85f26', '9e37a0c9-2ccc-45ba-8853-c9b92b95c97f', NULL, 'ed525232-f559-11ef-947b-b8ca3af85f26', 'Savitri', 20, NULL, 'Ds. Gebangkerep - Sragi', NULL, NULL, NULL);
INSERT INTO `pelanggans` VALUES ('3cae8a5a-f55f-11ef-947b-b8ca3af85f26', '9e37a0c9-2ccc-45ba-8853-c9b92b95c97f', NULL, 'ed525232-f559-11ef-947b-b8ca3af85f26', 'Haryati', 20, NULL, 'Ds. Sumubkidul-Sragi', NULL, NULL, NULL);
INSERT INTO `pelanggans` VALUES ('3caebeae-f55f-11ef-947b-b8ca3af85f26', '9e37a0c9-2ccc-45ba-8853-c9b92b95c97f', NULL, 'ed525232-f559-11ef-947b-b8ca3af85f26', 'Edi Kurniawan', 20, NULL, 'Ds. Sumubkidul-Sragi', NULL, NULL, NULL);
INSERT INTO `pelanggans` VALUES ('3caf162b-f55f-11ef-947b-b8ca3af85f26', '9e37a0c9-2ccc-45ba-8853-c9b92b95c97f', '9e5c1a34-e078-4c96-bfb1-3f10d522607a', 'fa368320-f559-11ef-947b-b8ca3af85f26', 'Narko', 10, '087840430887', 'Ds. Sumubkidul - Sragi', NULL, NULL, '2025-03-05 21:16:13');
INSERT INTO `pelanggans` VALUES ('3cafa8e5-f55f-11ef-947b-b8ca3af85f26', '9e37a0c9-2ccc-45ba-8853-c9b92b95c97f', NULL, 'fa368320-f559-11ef-947b-b8ca3af85f26', 'Bu Wati', 10, '087867584461', 'Ds. Mulyorejo - Kesesi', NULL, NULL, NULL);
INSERT INTO `pelanggans` VALUES ('3cb03fb3-f55f-11ef-947b-b8ca3af85f26', '9e37a0c9-2ccc-45ba-8853-c9b92b95c97f', NULL, 'fa368320-f559-11ef-947b-b8ca3af85f26', 'Cicik', 10, NULL, 'Ds. Karangrejo -Kesesi', NULL, NULL, NULL);
INSERT INTO `pelanggans` VALUES ('3cb056fd-f55f-11ef-947b-b8ca3af85f26', '9e37a0c9-2ccc-45ba-8853-c9b92b95c97f', NULL, 'fa368320-f559-11ef-947b-b8ca3af85f26', 'Om Toro', 10, '085701337916', 'Ds. Karangrejo -Kesesi', NULL, NULL, NULL);
INSERT INTO `pelanggans` VALUES ('3cb065c8-f55f-11ef-947b-b8ca3af85f26', '9e37a0c9-2ccc-45ba-8853-c9b92b95c97f', NULL, 'fa368320-f559-11ef-947b-b8ca3af85f26', 'Mbk Bidah', 10, NULL, 'Ds. Karangrejo -Kesesi', NULL, NULL, NULL);
INSERT INTO `pelanggans` VALUES ('3cb0f071-f55f-11ef-947b-b8ca3af85f26', '9e37a0c9-2ccc-45ba-8853-c9b92b95c97f', NULL, 'fa368320-f559-11ef-947b-b8ca3af85f26', 'Siti Maryam', 10, '082260564770', 'Ds. Karangrejo -Kesesi', NULL, NULL, NULL);
INSERT INTO `pelanggans` VALUES ('3cb12186-f55f-11ef-947b-b8ca3af85f26', '9e37a0c9-2ccc-45ba-8853-c9b92b95c97f', NULL, 'fa368320-f559-11ef-947b-b8ca3af85f26', 'Wawan Dumadi', 10, '085642642456', 'Ds. Mulyorejo - Kesesi', NULL, NULL, NULL);
INSERT INTO `pelanggans` VALUES ('3cb15b90-f55f-11ef-947b-b8ca3af85f26', '9e37a0c9-2ccc-45ba-8853-c9b92b95c97f', NULL, 'fa368320-f559-11ef-947b-b8ca3af85f26', 'Mbk Saryati', 10, NULL, 'Ds. Sumubkidul - Sragi', NULL, NULL, NULL);
INSERT INTO `pelanggans` VALUES ('3cb16ad4-f55f-11ef-947b-b8ca3af85f26', '9e37a0c9-2ccc-45ba-8853-c9b92b95c97f', NULL, 'fa368320-f559-11ef-947b-b8ca3af85f26', 'Mbk Nur Datu', 10, NULL, 'Ds. Sumubkidul - Sragi', NULL, NULL, NULL);
INSERT INTO `pelanggans` VALUES ('3cb1790d-f55f-11ef-947b-b8ca3af85f26', '9e37a0c9-2ccc-45ba-8853-c9b92b95c97f', NULL, 'fa368320-f559-11ef-947b-b8ca3af85f26', 'Titik', 10, '085226868200', 'Ds. Mulyorejo - Kesesi', NULL, NULL, NULL);
INSERT INTO `pelanggans` VALUES ('3cb189e5-f55f-11ef-947b-b8ca3af85f26', '9e37a0c9-2ccc-45ba-8853-c9b92b95c97f', NULL, 'fa368320-f559-11ef-947b-b8ca3af85f26', 'Mis', 10, NULL, 'Ds. Mulyorejo - Kesesi', NULL, NULL, NULL);
INSERT INTO `pelanggans` VALUES ('3cb1da8c-f55f-11ef-947b-b8ca3af85f26', '9e37a0c9-2ccc-45ba-8853-c9b92b95c97f', NULL, 'fa368320-f559-11ef-947b-b8ca3af85f26', 'Kukuh', 10, NULL, 'Ds. Melun', NULL, NULL, NULL);
INSERT INTO `pelanggans` VALUES ('3cb1e650-f55f-11ef-947b-b8ca3af85f26', '9e37a0c9-2ccc-45ba-8853-c9b92b95c97f', NULL, 'fa368320-f559-11ef-947b-b8ca3af85f26', 'Carudi', 10, NULL, 'Ds. Sumubkidul - Sragi', NULL, NULL, NULL);
INSERT INTO `pelanggans` VALUES ('3cb1f1d5-f55f-11ef-947b-b8ca3af85f26', '9e37a0c9-2ccc-45ba-8853-c9b92b95c97f', NULL, 'fa368320-f559-11ef-947b-b8ca3af85f26', 'Pak Cariwan', 10, NULL, 'Ds. Mulyorejo - Kesesi', NULL, NULL, NULL);
INSERT INTO `pelanggans` VALUES ('3cb1fd30-f55f-11ef-947b-b8ca3af85f26', '9e37a0c9-2ccc-45ba-8853-c9b92b95c97f', NULL, 'fa368320-f559-11ef-947b-b8ca3af85f26', 'eko rewanto ', 10, NULL, 'Ds. Gebangkerep - Sragi', NULL, NULL, NULL);
INSERT INTO `pelanggans` VALUES ('3cb241b1-f55f-11ef-947b-b8ca3af85f26', '9e37a0c9-2ccc-45ba-8853-c9b92b95c97f', NULL, 'fa368320-f559-11ef-947b-b8ca3af85f26', 'dwi zahrani', 10, NULL, 'Ds. Gebangkerep - Sragi', NULL, NULL, NULL);
INSERT INTO `pelanggans` VALUES ('3cb26e3f-f55f-11ef-947b-b8ca3af85f26', '9e37a0c9-2ccc-45ba-8853-c9b92b95c97f', NULL, 'fa368320-f559-11ef-947b-b8ca3af85f26', 'rastia ', 10, NULL, 'Ds. Gebangkerep - Sragi', NULL, NULL, NULL);
INSERT INTO `pelanggans` VALUES ('3cb2974d-f55f-11ef-947b-b8ca3af85f26', '9e37a0c9-2ccc-45ba-8853-c9b92b95c97f', NULL, 'fa368320-f559-11ef-947b-b8ca3af85f26', 'ulul asmi ', 10, NULL, 'Ds. Gebangkerep - Sragi', NULL, NULL, NULL);
INSERT INTO `pelanggans` VALUES ('3cb2cd7f-f55f-11ef-947b-b8ca3af85f26', '9e37a0c9-2ccc-45ba-8853-c9b92b95c97f', NULL, 'fa368320-f559-11ef-947b-b8ca3af85f26', 'koko rusianto ', 10, NULL, 'Ds. Gebangkerep - Sragi', NULL, NULL, NULL);
INSERT INTO `pelanggans` VALUES ('3cb31ad4-f55f-11ef-947b-b8ca3af85f26', '9e37a0c9-2ccc-45ba-8853-c9b92b95c97f', NULL, 'fa368320-f559-11ef-947b-b8ca3af85f26', 'dinda ayu ', 10, NULL, 'Ds. Gebangkerep - Sragi', NULL, NULL, NULL);
INSERT INTO `pelanggans` VALUES ('3cb327c1-f55f-11ef-947b-b8ca3af85f26', '9e37a0c9-2ccc-45ba-8853-c9b92b95c97f', NULL, 'fa368320-f559-11ef-947b-b8ca3af85f26', 'Lukman', 10, NULL, 'Ds. Gebangkerep - Sragi', NULL, NULL, NULL);
INSERT INTO `pelanggans` VALUES ('3cb36d25-f55f-11ef-947b-b8ca3af85f26', '9e37a0c9-2ccc-45ba-8853-c9b92b95c97f', NULL, 'fa368320-f559-11ef-947b-b8ca3af85f26', 'Nasroni', 10, NULL, 'Ds. Gebangkerep - Sragi', NULL, NULL, NULL);
INSERT INTO `pelanggans` VALUES ('3cb38303-f55f-11ef-947b-b8ca3af85f26', '9e37a0c9-2ccc-45ba-8853-c9b92b95c97f', NULL, 'fa368320-f559-11ef-947b-b8ca3af85f26', 'Adit Pak Rian', 15, NULL, 'Ds. Sumubkidul-Sragi', NULL, NULL, NULL);
INSERT INTO `pelanggans` VALUES ('3cb3c354-f55f-11ef-947b-b8ca3af85f26', '9e37a0c9-2ccc-45ba-8853-c9b92b95c97f', NULL, 'fa368320-f559-11ef-947b-b8ca3af85f26', 'Kang Wage', 20, NULL, 'Ds. Mulyorejo-Kesesi', NULL, NULL, NULL);
INSERT INTO `pelanggans` VALUES ('3cb3de52-f55f-11ef-947b-b8ca3af85f26', '9e37a0c9-2ccc-45ba-8853-c9b92b95c97f', NULL, 'fa368320-f559-11ef-947b-b8ca3af85f26', 'Tarmono', 20, NULL, 'Ds. Sumubkidul-Sragi', NULL, NULL, NULL);
INSERT INTO `pelanggans` VALUES ('3cb41fb8-f55f-11ef-947b-b8ca3af85f26', '9e37a0c9-2ccc-45ba-8853-c9b92b95c97f', '9e560271-c1e4-436e-8709-6f3c1a351775', '03441136-f55a-11ef-947b-b8ca3af85f26', 'Daryati', 10, '08568644269', 'Ds. Sumubkidul - Sragi', NULL, NULL, '2025-03-07 11:35:47');
INSERT INTO `pelanggans` VALUES ('3cb53085-f55f-11ef-947b-b8ca3af85f26', '9e37a0c9-2ccc-45ba-8853-c9b92b95c97f', NULL, '03441136-f55a-11ef-947b-b8ca3af85f26', 'Sukim', 10, '085290840071', 'Ds. Sumubkidul - Sragi', NULL, NULL, NULL);
INSERT INTO `pelanggans` VALUES ('3cb64d61-f55f-11ef-947b-b8ca3af85f26', '9e37a0c9-2ccc-45ba-8853-c9b92b95c97f', NULL, '03441136-f55a-11ef-947b-b8ca3af85f26', 'Dina', 15, NULL, 'Ds. Sumubkidul - Sragi', NULL, NULL, NULL);
INSERT INTO `pelanggans` VALUES ('3cb6c45d-f55f-11ef-947b-b8ca3af85f26', '9e37a0c9-2ccc-45ba-8853-c9b92b95c97f', NULL, '03441136-f55a-11ef-947b-b8ca3af85f26', 'Kun', 15, NULL, 'Ds. Sumubkidul-Sragi', NULL, NULL, NULL);
INSERT INTO `pelanggans` VALUES ('3cb70c43-f55f-11ef-947b-b8ca3af85f26', '9e37a0c9-2ccc-45ba-8853-c9b92b95c97f', NULL, '0951c412-f55a-11ef-947b-b8ca3af85f26', 'Om Dolin', 10, NULL, 'Ds. Pantirejo - Kesesi', NULL, NULL, NULL);
INSERT INTO `pelanggans` VALUES ('3cb71e76-f55f-11ef-947b-b8ca3af85f26', '9e37a0c9-2ccc-45ba-8853-c9b92b95c97f', NULL, '0951c412-f55a-11ef-947b-b8ca3af85f26', 'SD Kalipancur', 10, NULL, 'Ds. Kalipancur-Bojong', NULL, NULL, NULL);
INSERT INTO `pelanggans` VALUES ('3cb76aa2-f55f-11ef-947b-b8ca3af85f26', '9e37a0c9-2ccc-45ba-8853-c9b92b95c97f', NULL, '0951c412-f55a-11ef-947b-b8ca3af85f26', 'Bu Paryuti', 10, NULL, 'Ds. Pantirejo - Kesesi', NULL, NULL, NULL);
INSERT INTO `pelanggans` VALUES ('3cb8493a-f55f-11ef-947b-b8ca3af85f26', '9e37a0c9-2ccc-45ba-8853-c9b92b95c97f', '9e57670c-200b-4752-a3fe-d4b7821e20d6', '0951c412-f55a-11ef-947b-b8ca3af85f26', 'Slamet Prasetyo', 10, '085290592311', 'Ds. Sumubkidul - Sragi', NULL, NULL, '2025-03-08 08:52:33');
INSERT INTO `pelanggans` VALUES ('3cb892d2-f55f-11ef-947b-b8ca3af85f26', '9e37a0c9-2ccc-45ba-8853-c9b92b95c97f', NULL, '0951c412-f55a-11ef-947b-b8ca3af85f26', 'Rus Udi', 20, '081259831173', 'Ds. Sumubkidul-Sragi', NULL, NULL, NULL);
INSERT INTO `pelanggans` VALUES ('3cb8a434-f55f-11ef-947b-b8ca3af85f26', '9e37a0c9-2ccc-45ba-8853-c9b92b95c97f', NULL, '0951c412-f55a-11ef-947b-b8ca3af85f26', 'Abdul', 20, NULL, 'Ds. Sumubkidul-Sragi', NULL, NULL, NULL);
INSERT INTO `pelanggans` VALUES ('3cb8e822-f55f-11ef-947b-b8ca3af85f26', '9e37a0c9-2ccc-45ba-8853-c9b92b95c97f', NULL, '0951c412-f55a-11ef-947b-b8ca3af85f26', 'Ilham', 20, NULL, 'Ds. Pantirejo-Kesesi', NULL, NULL, NULL);
INSERT INTO `pelanggans` VALUES ('9e51513e-de3f-4048-a96c-a0809e1986e7', '9e4bcaa4-c644-46ad-ac4a-3f98829d6a35', '9e4bcbe3-f94a-4359-917b-e601b4fa08a3', '9e4bcbc0-bc8f-4a67-a282-eb2cad3694c7', 'guntur', 10, '085201365883', 'pekalongan', NULL, '2025-02-28 12:35:26', '2025-02-28 12:35:26');
INSERT INTO `pelanggans` VALUES ('9e5304db-881c-4981-bee9-b36a7fb69e4b', '9e37a0c9-2ccc-45ba-8853-c9b92b95c97f', '9e5305c2-22cc-4295-b4e7-772042099e9c', '0951c412-f55a-11ef-947b-b8ca3af85f26', 'Rizal Himawan', 10, '085225755912', 'Dk.Karangmas Ds.Sumubkidul-Sragi', NULL, '2025-03-01 08:53:29', '2025-03-01 08:58:22');
INSERT INTO `pelanggans` VALUES ('9e53097e-83bb-4084-91a7-00f9e87aa4a1', '9e37a0c9-2ccc-45ba-8853-c9b92b95c97f', '9e530880-d287-4bc0-9e38-dac009842347', 'ed525232-f559-11ef-947b-b8ca3af85f26', 'Priyanto', 10, '082255871974', 'Dk. Babadan Ds. Bulaksari-Sragi', NULL, '2025-03-01 09:06:27', '2025-03-01 09:06:27');
INSERT INTO `pelanggans` VALUES ('9e533ce7-18ec-4201-9911-075fd353f967', '9e37a0c9-2ccc-45ba-8853-c9b92b95c97f', '9e533c08-d026-4cd5-a872-411a52c79518', 'ed525232-f559-11ef-947b-b8ca3af85f26', 'Siti Zulaikha', 20, '085741762700', 'Dk. Santri Urip Ds. Gebangkerep-Sragi', NULL, '2025-03-01 11:30:12', '2025-03-01 11:30:12');
INSERT INTO `pelanggans` VALUES ('9e53c626-52ff-46f5-8211-4bf6605e3f73', '9e37a0c9-2ccc-45ba-8853-c9b92b95c97f', '9e53c557-7cbd-471e-aec3-b111e7398200', 'ed525232-f559-11ef-947b-b8ca3af85f26', 'Ibu Gemok', 10, '085747243826', 'Dk.Pepedan Ds.Pantirejo-Kesesi', NULL, '2025-03-01 17:53:58', '2025-03-01 17:53:58');
INSERT INTO `pelanggans` VALUES ('9e54081e-3924-4193-aeb3-bb3f927136c3', '9e37a0c9-2ccc-45ba-8853-c9b92b95c97f', '9e5408a3-1109-46d2-92ba-f3c95c876dda', 'ed525232-f559-11ef-947b-b8ca3af85f26', 'Eko Mulyono', 10, '085842263718', 'Dk.Karangmas Ds.Sumubkidul-Sragi', NULL, '2025-03-01 20:58:26', '2025-03-01 21:00:27');
INSERT INTO `pelanggans` VALUES ('9e576e1b-140c-42d1-bb76-032fabb825df', '9e37a0c9-2ccc-45ba-8853-c9b92b95c97f', '9e52fa97-2edd-471d-8c01-58bc0ab0da25', 'ed525232-f559-11ef-947b-b8ca3af85f26', 'EKA PUSPITA', 10, '081542504937', 'Ds. Sumubkidul-Sragi', NULL, '2025-03-03 13:31:06', '2025-03-03 13:31:06');
INSERT INTO `pelanggans` VALUES ('9e592889-4721-42ad-953b-37d093f8da19', '9e37a0c9-2ccc-45ba-8853-c9b92b95c97f', '9e5928f1-5d84-496b-b483-f3a16dd3c6d2', 'ed525232-f559-11ef-947b-b8ca3af85f26', 'Om Suradi', 10, '0895414053185', 'Dk. Tegalpacing-Ds. Bulakpelem', NULL, '2025-03-04 10:08:13', '2025-03-04 10:09:51');
INSERT INTO `pelanggans` VALUES ('9e59e5c2-642d-4108-a5c9-1f4b4adcc42b', '9e37a0c9-2ccc-45ba-8853-c9b92b95c97f', '9e52fbb0-554e-4fe3-b0f0-3865dddd04bf', 'e0bfbdf8-f559-11ef-947b-b8ca3af85f26', 'Pak Aris', 10, '085726147045', 'Ds. Sumubkidul-Sragi', NULL, '2025-03-04 18:57:20', '2025-03-04 18:57:20');
INSERT INTO `pelanggans` VALUES ('9e5b72f5-bf01-4185-bd95-3819698615a7', '9e37a0c9-2ccc-45ba-8853-c9b92b95c97f', '9e5b7284-f531-42ec-ab7d-16290498c668', 'ed525232-f559-11ef-947b-b8ca3af85f26', 'Mbk Siti Musaroh', 10, '085694566101', 'Dk. Pepedan-Ds.Pantirejo-Kesesi', NULL, '2025-03-05 13:27:59', '2025-03-05 13:27:59');
INSERT INTO `pelanggans` VALUES ('9e5b89d6-d50a-4a6f-a09b-d1173c26470c', '9e37a0c9-2ccc-45ba-8853-c9b92b95c97f', '9e5b8992-a2e5-441b-81d2-77dfa691ae0a', 'ed525232-f559-11ef-947b-b8ca3af85f26', 'Reza Ryzaldi', 10, '085742339440', 'Ds. Sumubkidul-Sragi', NULL, '2025-03-05 14:31:57', '2025-03-05 14:31:57');
INSERT INTO `pelanggans` VALUES ('9e5e1a52-af00-4671-bcdf-002cfe75cc4d', '9e37a0c9-2ccc-45ba-8853-c9b92b95c97f', '9e57811c-8f2d-4497-9e56-281a2532b74d', 'ed525232-f559-11ef-947b-b8ca3af85f26', 'Ibu Wati', 10, '081', 'Dk. Besaran-Mulyorejo-Kesesi', NULL, '2025-03-06 21:07:37', '2025-03-06 21:07:37');
INSERT INTO `pelanggans` VALUES ('9e5f3d1a-d6fe-4e99-9b86-36311fd022a8', '9e37a0c9-2ccc-45ba-8853-c9b92b95c97f', '9e5f3c83-d019-4e33-abd5-0ba68d57034b', 'ed525232-f559-11ef-947b-b8ca3af85f26', 'Mbk Nia', 10, '085210976003', 'Dk. Jlubang Ds. Pantirejo-Kesesi', NULL, '2025-03-07 10:40:42', '2025-03-07 10:40:42');
INSERT INTO `pelanggans` VALUES ('9e5f4f49-4fdc-431b-966d-e9e9ac4c577a', '9e37a0c9-2ccc-45ba-8853-c9b92b95c97f', '9e560271-c1e4-436e-8709-6f3c1a351775', 'ed525232-f559-11ef-947b-b8ca3af85f26', 'Iroh', 10, '081', 'Ds. Sumubkidul-Sragi', NULL, '2025-03-07 11:31:32', '2025-03-07 11:31:32');
INSERT INTO `pelanggans` VALUES ('9e5f7176-42b6-4870-952b-b164d43f2669', '9e37a0c9-2ccc-45ba-8853-c9b92b95c97f', '9e52a26f-ef0e-4522-a9c3-d91d728065cc', 'fa368320-f559-11ef-947b-b8ca3af85f26', 'Anwar', 10, '0822119586691', 'Ds. Bulakpelem', NULL, '2025-03-07 13:07:06', '2025-03-08 18:29:25');
INSERT INTO `pelanggans` VALUES ('9e5fc2e2-edb4-483f-8cc5-f05cd7667e72', '9e4bcaa4-c644-46ad-ac4a-3f98829d6a35', '9e4bcbe3-f94a-4359-917b-e601b4fa08a3', '9e4bcbc0-bc8f-4a67-a282-eb2cad3694c7', 'coba ya', 12, '085201365883', 'Karangrejo, Kesesi, Kebupaten Pekalongan', NULL, '2025-03-07 16:54:47', '2025-03-07 16:55:08');

-- ----------------------------
-- Table structure for pembayarans
-- ----------------------------
DROP TABLE IF EXISTS `pembayarans`;
CREATE TABLE `pembayarans`  (
  `id` char(36) CHARACTER SET utf8mb4 COLLATE utf8mb4_unicode_ci NOT NULL,
  `user_id` char(36) CHARACTER SET utf8mb4 COLLATE utf8mb4_unicode_ci NULL DEFAULT NULL COMMENT 'id user',
  `perusahaan_id` char(36) CHARACTER SET utf8mb4 COLLATE utf8mb4_unicode_ci NULL DEFAULT NULL COMMENT 'id perusahaan',
  `pelanggan_id` char(36) CHARACTER SET utf8mb4 COLLATE utf8mb4_unicode_ci NULL DEFAULT NULL COMMENT 'id pelanggan',
  `paket_internet_id` char(36) CHARACTER SET utf8mb4 COLLATE utf8mb4_unicode_ci NULL DEFAULT NULL COMMENT 'id paket internet',
  `tanggal_pembayaran` bigint(20) NULL DEFAULT NULL,
  `tanggal_transaksi` bigint(20) NULL DEFAULT NULL,
  `total` bigint(20) NULL DEFAULT NULL,
  `status` varchar(255) CHARACTER SET utf8mb4 COLLATE utf8mb4_unicode_ci NULL DEFAULT NULL,
  `created_at` timestamp NULL DEFAULT NULL,
  `updated_at` timestamp NULL DEFAULT NULL,
  PRIMARY KEY (`id`) USING BTREE
) ENGINE = InnoDB CHARACTER SET = utf8mb4 COLLATE = utf8mb4_unicode_ci ROW_FORMAT = Dynamic;

-- ----------------------------
-- Records of pembayarans
-- ----------------------------
INSERT INTO `pembayarans` VALUES ('9e52276d-d025-4376-8cd3-634e92d0932d', '9e4bcb66-7d48-4aec-8f27-716cebd438b7', '9e4bcaa4-c644-46ad-ac4a-3f98829d6a35', '9e51513e-de3f-4048-a96c-a0809e1986e7', '9e4bcbc0-bc8f-4a67-a282-eb2cad3694c7', 1739201660, 1740756860, 150000, 'SELESAI', '2025-02-28 22:34:20', '2025-02-28 22:34:20');
INSERT INTO `pembayarans` VALUES ('9e52a3cf-435a-4f97-85cc-786c9dadf5bc', '9e4bc8c7-6734-4bb1-a18d-170a7430727d', '9e37a0c9-2ccc-45ba-8853-c9b92b95c97f', '3c456902-f55f-11ef-947b-b8ca3af85f26', 'ed525232-f559-11ef-947b-b8ca3af85f26', 1741555327, 1740777727, 150000, 'SELESAI', '2025-03-01 04:22:07', '2025-03-01 04:22:07');
INSERT INTO `pembayarans` VALUES ('9e52fb9f-1776-4d8b-8495-dbcb1109d4ac', '9e4bcb66-7d48-4aec-8f27-716cebd438b7', '9e4bcaa4-c644-46ad-ac4a-3f98829d6a35', '9e51513e-de3f-4048-a96c-a0809e1986e7', '9e4bcbc0-bc8f-4a67-a282-eb2cad3694c7', 1741570060, 1740792460, 150000, 'SELESAI', '2025-03-01 08:27:40', '2025-03-01 08:27:40');
INSERT INTO `pembayarans` VALUES ('9e52fcb5-407f-4f09-a457-a0bebc9bf8bb', '9e4bc8c7-6734-4bb1-a18d-170a7430727d', '9e37a0c9-2ccc-45ba-8853-c9b92b95c97f', '3c4065e7-f55f-11ef-947b-b8ca3af85f26', 'e0bfbdf8-f559-11ef-947b-b8ca3af85f26', 1741570242, 1740792642, 125000, 'SELESAI', '2025-03-01 08:30:42', '2025-03-01 08:30:42');
INSERT INTO `pembayarans` VALUES ('9e5306c5-329f-4f50-97d6-874641b2b8c6', '9e4bc8c7-6734-4bb1-a18d-170a7430727d', '9e37a0c9-2ccc-45ba-8853-c9b92b95c97f', '9e5304db-881c-4981-bee9-b36a7fb69e4b', '0951c412-f55a-11ef-947b-b8ca3af85f26', 1741571930, 1740794330, 250000, 'SELESAI', '2025-03-01 08:58:50', '2025-03-01 08:58:50');
INSERT INTO `pembayarans` VALUES ('9e5309c6-81e5-4f9c-bad9-e05f0cd0a270', '9e4bc8c7-6734-4bb1-a18d-170a7430727d', '9e37a0c9-2ccc-45ba-8853-c9b92b95c97f', '9e53097e-83bb-4084-91a7-00f9e87aa4a1', 'ed525232-f559-11ef-947b-b8ca3af85f26', 1741572434, 1740794834, 150000, 'SELESAI', '2025-03-01 09:07:14', '2025-03-01 09:07:14');
INSERT INTO `pembayarans` VALUES ('9e533d0d-7cc1-4de3-92c3-e26b4c523265', '9e4bc8c7-6734-4bb1-a18d-170a7430727d', '9e37a0c9-2ccc-45ba-8853-c9b92b95c97f', '9e533ce7-18ec-4201-9911-075fd353f967', 'ed525232-f559-11ef-947b-b8ca3af85f26', 1742445037, 1740803437, 150000, 'SELESAI', '2025-03-01 11:30:37', '2025-03-01 11:30:37');
INSERT INTO `pembayarans` VALUES ('9e53c644-e553-43b4-9d14-c18c44dc571d', '9e4bc8c7-6734-4bb1-a18d-170a7430727d', '9e37a0c9-2ccc-45ba-8853-c9b92b95c97f', '9e53c626-52ff-46f5-8211-4bf6605e3f73', 'ed525232-f559-11ef-947b-b8ca3af85f26', 1741604058, 1740826458, 150000, 'SELESAI', '2025-03-01 17:54:18', '2025-03-01 17:54:18');
INSERT INTO `pembayarans` VALUES ('9e540842-7f8a-47f5-80c6-d035c03c1a65', '9e4bc8c7-6734-4bb1-a18d-170a7430727d', '9e37a0c9-2ccc-45ba-8853-c9b92b95c97f', '9e54081e-3924-4193-aeb3-bb3f927136c3', 'ed525232-f559-11ef-947b-b8ca3af85f26', 1741615130, 1740837530, 150000, 'SELESAI', '2025-03-01 20:58:50', '2025-03-01 20:58:50');
INSERT INTO `pembayarans` VALUES ('9e5423d4-c213-4450-a0bb-e71cd90a2cad', '9e4bc8c7-6734-4bb1-a18d-170a7430727d', '9e37a0c9-2ccc-45ba-8853-c9b92b95c97f', '3c42422f-f55f-11ef-947b-b8ca3af85f26', 'ed525232-f559-11ef-947b-b8ca3af85f26', 1741619755, 1740842155, 150000, 'SELESAI', '2025-03-01 22:15:55', '2025-03-01 22:15:55');
INSERT INTO `pembayarans` VALUES ('9e552815-c86a-42c6-9760-37d5a5293226', '9e4bc8c7-6734-4bb1-a18d-170a7430727d', '9e37a0c9-2ccc-45ba-8853-c9b92b95c97f', '3c466fe1-f55f-11ef-947b-b8ca3af85f26', 'ed525232-f559-11ef-947b-b8ca3af85f26', 1741577019, 1740885819, 150000, 'SELESAI', '2025-03-02 10:23:39', '2025-03-02 10:23:39');
INSERT INTO `pembayarans` VALUES ('9e556151-4d73-420d-b026-976bd87b6eeb', '9e4bc8c7-6734-4bb1-a18d-170a7430727d', '9e37a0c9-2ccc-45ba-8853-c9b92b95c97f', '3c44c5fd-f55f-11ef-947b-b8ca3af85f26', 'ed525232-f559-11ef-947b-b8ca3af85f26', 1741586621, 1740895421, 150000, 'SELESAI', '2025-03-02 13:03:41', '2025-03-02 13:03:41');
INSERT INTO `pembayarans` VALUES ('9e559965-ff34-4293-977a-e20e0e3f8788', '9e4bcb66-7d48-4aec-8f27-716cebd438b7', '9e4bcaa4-c644-46ad-ac4a-3f98829d6a35', '9e51513e-de3f-4048-a96c-a0809e1986e7', '9e4bcbc0-bc8f-4a67-a282-eb2cad3694c7', 1736498430, 1740904830, 150000, 'SELESAI', '2025-03-02 15:40:30', '2025-03-02 15:40:30');
INSERT INTO `pembayarans` VALUES ('9e55ad0c-424a-4142-b489-e256fc36b3b3', '9e4bc8c7-6734-4bb1-a18d-170a7430727d', '9e37a0c9-2ccc-45ba-8853-c9b92b95c97f', '3c422588-f55f-11ef-947b-b8ca3af85f26', 'ed525232-f559-11ef-947b-b8ca3af85f26', 1741599326, 1740908126, 150000, 'SELESAI', '2025-03-02 16:35:26', '2025-03-02 16:35:26');
INSERT INTO `pembayarans` VALUES ('9e55dfe5-8516-4eb7-aed4-4a37edfeecda', '9e4bc8c7-6734-4bb1-a18d-170a7430727d', '9e37a0c9-2ccc-45ba-8853-c9b92b95c97f', '3c45f187-f55f-11ef-947b-b8ca3af85f26', 'ed525232-f559-11ef-947b-b8ca3af85f26', 1741607857, 1740916657, 150000, 'SELESAI', '2025-03-02 18:57:37', '2025-03-02 18:57:37');
INSERT INTO `pembayarans` VALUES ('9e5602bf-e24e-4114-b94a-74d18c77d426', '9e4bc8c7-6734-4bb1-a18d-170a7430727d', '9e37a0c9-2ccc-45ba-8853-c9b92b95c97f', '3c4348d9-f55f-11ef-947b-b8ca3af85f26', 'ed525232-f559-11ef-947b-b8ca3af85f26', 1741613705, 1740922505, 150000, 'SELESAI', '2025-03-02 20:35:05', '2025-03-02 20:35:05');
INSERT INTO `pembayarans` VALUES ('9e56be15-d113-4e42-96f0-a1bd9a62483d', '9e4bc8c7-6734-4bb1-a18d-170a7430727d', '9e37a0c9-2ccc-45ba-8853-c9b92b95c97f', '3c42974c-f55f-11ef-947b-b8ca3af85f26', 'ed525232-f559-11ef-947b-b8ca3af85f26', 1741558734, 1740953934, 150000, 'SELESAI', '2025-03-03 05:18:54', '2025-03-03 05:18:54');
INSERT INTO `pembayarans` VALUES ('9e576510-e482-4012-ae83-1893d641ab82', '9e4bc8c7-6734-4bb1-a18d-170a7430727d', '9e37a0c9-2ccc-45ba-8853-c9b92b95c97f', '3c40d3e0-f55f-11ef-947b-b8ca3af85f26', 'e0bfbdf8-f559-11ef-947b-b8ca3af85f26', 1741586749, 1740981949, 125000, 'SELESAI', '2025-03-03 13:05:49', '2025-03-03 13:05:49');
INSERT INTO `pembayarans` VALUES ('9e576f63-9fa1-4a4a-bbe0-404df8570f2d', '9e4bc8c7-6734-4bb1-a18d-170a7430727d', '9e37a0c9-2ccc-45ba-8853-c9b92b95c97f', '3c42c921-f55f-11ef-947b-b8ca3af85f26', 'ed525232-f559-11ef-947b-b8ca3af85f26', 1741588481, 1740983681, 150000, 'SELESAI', '2025-03-03 13:34:41', '2025-03-03 13:34:41');
INSERT INTO `pembayarans` VALUES ('9e57814d-7e4a-4333-9404-90be195ff8fd', '9e4bc8c7-6734-4bb1-a18d-170a7430727d', '9e37a0c9-2ccc-45ba-8853-c9b92b95c97f', '3c43a69c-f55f-11ef-947b-b8ca3af85f26', 'ed525232-f559-11ef-947b-b8ca3af85f26', 1741591486, 1740986686, 150000, 'SELESAI', '2025-03-03 14:24:46', '2025-03-03 14:24:46');
INSERT INTO `pembayarans` VALUES ('9e57961e-c0b2-4b84-994c-d12924dc623c', '9e4bc8c7-6734-4bb1-a18d-170a7430727d', '9e37a0c9-2ccc-45ba-8853-c9b92b95c97f', '3c410246-f55f-11ef-947b-b8ca3af85f26', 'e0bfbdf8-f559-11ef-947b-b8ca3af85f26', 1741594979, 1740990179, 125000, 'SELESAI', '2025-03-03 15:22:59', '2025-03-03 15:22:59');
INSERT INTO `pembayarans` VALUES ('9e592a49-48fa-4379-83ea-149369ee6102', '9e4bc8c7-6734-4bb1-a18d-170a7430727d', '9e37a0c9-2ccc-45ba-8853-c9b92b95c97f', '3c4c1d14-f55f-11ef-947b-b8ca3af85f26', 'ed525232-f559-11ef-947b-b8ca3af85f26', 1741576387, 1741057987, 150000, 'SELESAI', '2025-03-04 10:13:07', '2025-03-04 10:13:07');
INSERT INTO `pembayarans` VALUES ('9e592a70-2527-4743-8bc1-9f31d3fd7825', '9e4bc8c7-6734-4bb1-a18d-170a7430727d', '9e37a0c9-2ccc-45ba-8853-c9b92b95c97f', '9e592889-4721-42ad-953b-37d093f8da19', 'ed525232-f559-11ef-947b-b8ca3af85f26', 1741576412, 1741058012, 150000, 'SELESAI', '2025-03-04 10:13:32', '2025-03-04 10:13:32');
INSERT INTO `pembayarans` VALUES ('9e592b10-77ab-45fb-ae8e-45ff63c73bd0', '9e4bc8c7-6734-4bb1-a18d-170a7430727d', '9e37a0c9-2ccc-45ba-8853-c9b92b95c97f', '9e576e1b-140c-42d1-bb76-032fabb825df', 'ed525232-f559-11ef-947b-b8ca3af85f26', 1741576517, 1741058117, 150000, 'SELESAI', '2025-03-04 10:15:17', '2025-03-04 10:15:17');
INSERT INTO `pembayarans` VALUES ('9e5977c3-d75e-495f-bdd7-5fab4508b3bb', '9e4bc8c7-6734-4bb1-a18d-170a7430727d', '9e37a0c9-2ccc-45ba-8853-c9b92b95c97f', '3c7c4c4c-f55f-11ef-947b-b8ca3af85f26', 'ed525232-f559-11ef-947b-b8ca3af85f26', 1741589386, 1741070986, 150000, 'SELESAI', '2025-03-04 13:49:46', '2025-03-04 13:49:46');
INSERT INTO `pembayarans` VALUES ('9e59e32f-6dcb-4869-889e-f463bdcd517f', '9e4bc8c7-6734-4bb1-a18d-170a7430727d', '9e37a0c9-2ccc-45ba-8853-c9b92b95c97f', '3c49b279-f55f-11ef-947b-b8ca3af85f26', 'ed525232-f559-11ef-947b-b8ca3af85f26', 1741607408, 1741089008, 150000, 'SELESAI', '2025-03-04 18:50:08', '2025-03-04 18:50:08');
INSERT INTO `pembayarans` VALUES ('9e59e5e8-1ea0-4373-bc6d-6716a560a7b0', '9e4bc8c7-6734-4bb1-a18d-170a7430727d', '9e37a0c9-2ccc-45ba-8853-c9b92b95c97f', '9e59e5c2-642d-4108-a5c9-1f4b4adcc42b', 'e0bfbdf8-f559-11ef-947b-b8ca3af85f26', 1741607864, 1741089464, 125000, 'SELESAI', '2025-03-04 18:57:44', '2025-03-04 18:57:44');
INSERT INTO `pembayarans` VALUES ('9e5a0ebe-a6ca-4578-ace5-056189e6a413', '9e4bc8c7-6734-4bb1-a18d-170a7430727d', '9e37a0c9-2ccc-45ba-8853-c9b92b95c97f', '3c465c05-f55f-11ef-947b-b8ca3af85f26', 'ed525232-f559-11ef-947b-b8ca3af85f26', 1741614716, 1741096316, 150000, 'SELESAI', '2025-03-04 20:51:56', '2025-03-04 20:51:56');
INSERT INTO `pembayarans` VALUES ('9e5b2938-b3a3-445c-9343-f265438abc3c', '9e4bc8c7-6734-4bb1-a18d-170a7430727d', '9e37a0c9-2ccc-45ba-8853-c9b92b95c97f', '3c499a82-f55f-11ef-947b-b8ca3af85f26', 'ed525232-f559-11ef-947b-b8ca3af85f26', 1741575707, 1741143707, 150000, 'SELESAI', '2025-03-05 10:01:47', '2025-03-05 10:01:47');
INSERT INTO `pembayarans` VALUES ('9e5b733e-5ac9-4f82-8b86-6087be836ed4', '9e4bc8c7-6734-4bb1-a18d-170a7430727d', '9e37a0c9-2ccc-45ba-8853-c9b92b95c97f', '9e5b72f5-bf01-4185-bd95-3819698615a7', 'ed525232-f559-11ef-947b-b8ca3af85f26', 1741588126, 1741156126, 150000, 'SELESAI', '2025-03-05 13:28:46', '2025-03-05 13:28:46');
INSERT INTO `pembayarans` VALUES ('9e5b745d-440a-4ac5-a86b-63249d4e46ba', '9e4bc8c7-6734-4bb1-a18d-170a7430727d', '9e37a0c9-2ccc-45ba-8853-c9b92b95c97f', '3cad7728-f55f-11ef-947b-b8ca3af85f26', 'ed525232-f559-11ef-947b-b8ca3af85f26', 1742452314, 1741156314, 150000, 'SELESAI', '2025-03-05 13:31:54', '2025-03-05 13:31:54');
INSERT INTO `pembayarans` VALUES ('9e5b753c-a0ff-4fb3-92a7-eec62b589709', '9e4bc8c7-6734-4bb1-a18d-170a7430727d', '9e37a0c9-2ccc-45ba-8853-c9b92b95c97f', '3c9fb0f0-f55f-11ef-947b-b8ca3af85f26', 'ed525232-f559-11ef-947b-b8ca3af85f26', 1742020461, 1741156461, 150000, 'SELESAI', '2025-03-05 13:34:21', '2025-03-05 13:34:21');
INSERT INTO `pembayarans` VALUES ('9e5b89e8-9f24-4446-a142-b27e660ed099', '9e4bc8c7-6734-4bb1-a18d-170a7430727d', '9e37a0c9-2ccc-45ba-8853-c9b92b95c97f', '9e5b89d6-d50a-4a6f-a09b-d1173c26470c', 'ed525232-f559-11ef-947b-b8ca3af85f26', 1741591929, 1741159929, 150000, 'SELESAI', '2025-03-05 14:32:09', '2025-03-05 14:32:09');
INSERT INTO `pembayarans` VALUES ('9e5be6fe-1d07-4ad4-be57-b0a465b908e4', '9e4bc8c7-6734-4bb1-a18d-170a7430727d', '9e37a0c9-2ccc-45ba-8853-c9b92b95c97f', '3c4e5c99-f55f-11ef-947b-b8ca3af85f26', 'ed525232-f559-11ef-947b-b8ca3af85f26', 1741607546, 1741175546, 150000, 'SELESAI', '2025-03-05 18:52:26', '2025-03-05 18:52:26');
INSERT INTO `pembayarans` VALUES ('9e5c0900-d016-4dbe-9314-076f6cb1283f', '9e4bc8c7-6734-4bb1-a18d-170a7430727d', '9e37a0c9-2ccc-45ba-8853-c9b92b95c97f', '3c432f85-f55f-11ef-947b-b8ca3af85f26', 'ed525232-f559-11ef-947b-b8ca3af85f26', 1741613252, 1741181252, 150000, 'SELESAI', '2025-03-05 20:27:32', '2025-03-05 20:27:32');
INSERT INTO `pembayarans` VALUES ('9e5c1a8b-635d-4205-9ab9-ce9994ba1d46', '9e4bc8c7-6734-4bb1-a18d-170a7430727d', '9e37a0c9-2ccc-45ba-8853-c9b92b95c97f', '3caf162b-f55f-11ef-947b-b8ca3af85f26', 'fa368320-f559-11ef-947b-b8ca3af85f26', 1741616195, 1741184195, 165000, 'SELESAI', '2025-03-05 21:16:35', '2025-03-05 21:16:35');
INSERT INTO `pembayarans` VALUES ('9e5d4078-bb14-4607-94bf-553e68a98cb8', '9e4bc8c7-6734-4bb1-a18d-170a7430727d', '9e37a0c9-2ccc-45ba-8853-c9b92b95c97f', '3c4df27d-f55f-11ef-947b-b8ca3af85f26', 'ed525232-f559-11ef-947b-b8ca3af85f26', 1741579108, 1741233508, 150000, 'SELESAI', '2025-03-06 10:58:28', '2025-03-06 10:58:28');
INSERT INTO `pembayarans` VALUES ('9e5dd25d-3acb-4128-9391-5a510c488d63', '9e4bc8c7-6734-4bb1-a18d-170a7430727d', '9e37a0c9-2ccc-45ba-8853-c9b92b95c97f', '3c490ac4-f55f-11ef-947b-b8ca3af85f26', 'ed525232-f559-11ef-947b-b8ca3af85f26', 1741603584, 1741257984, 150000, 'SELESAI', '2025-03-06 17:46:24', '2025-03-06 17:46:24');
INSERT INTO `pembayarans` VALUES ('9e5ddfa4-2b32-47e8-8952-d263095a32b5', '9e4bc8c7-6734-4bb1-a18d-170a7430727d', '9e37a0c9-2ccc-45ba-8853-c9b92b95c97f', '3c420f9a-f55f-11ef-947b-b8ca3af85f26', '03441136-f55a-11ef-947b-b8ca3af85f26', 1741605812, 1741260212, 200000, 'SELESAI', '2025-03-06 18:23:32', '2025-03-06 18:23:32');
INSERT INTO `pembayarans` VALUES ('9e5e1858-1907-428d-aa38-ca30f8bb8784', '9e4bc8c7-6734-4bb1-a18d-170a7430727d', '9e37a0c9-2ccc-45ba-8853-c9b92b95c97f', '3c46eb62-f55f-11ef-947b-b8ca3af85f26', 'ed525232-f559-11ef-947b-b8ca3af85f26', 1741615325, 1741269725, 150000, 'SELESAI', '2025-03-06 21:02:05', '2025-03-06 21:02:05');
INSERT INTO `pembayarans` VALUES ('9e5e1aa4-1992-4108-9cee-a14c2e745e7e', '9e4bc8c7-6734-4bb1-a18d-170a7430727d', '9e37a0c9-2ccc-45ba-8853-c9b92b95c97f', '3c42b478-f55f-11ef-947b-b8ca3af85f26', 'ed525232-f559-11ef-947b-b8ca3af85f26', 1741615710, 1741270110, 150000, 'SELESAI', '2025-03-06 21:08:30', '2025-03-06 21:08:30');
INSERT INTO `pembayarans` VALUES ('9e5e1ada-d02e-439d-8618-369385f0de11', '9e4bc8c7-6734-4bb1-a18d-170a7430727d', '9e37a0c9-2ccc-45ba-8853-c9b92b95c97f', '9e5e1a52-af00-4671-bcdf-002cfe75cc4d', 'ed525232-f559-11ef-947b-b8ca3af85f26', 1741615746, 1741270146, 150000, 'SELESAI', '2025-03-06 21:09:06', '2025-03-06 21:09:06');
INSERT INTO `pembayarans` VALUES ('9e5f3d5f-f7cf-4ba4-a3d3-2237a9c63a44', '9e4bc8c7-6734-4bb1-a18d-170a7430727d', '9e37a0c9-2ccc-45ba-8853-c9b92b95c97f', '9e5f3d1a-d6fe-4e99-9b86-36311fd022a8', 'ed525232-f559-11ef-947b-b8ca3af85f26', 1741578087, 1741318887, 150000, 'SELESAI', '2025-03-07 10:41:27', '2025-03-07 10:41:27');
INSERT INTO `pembayarans` VALUES ('9e5f5375-751f-4e50-abf4-dbb61043cb44', '9e55e4ec-dfe3-4aec-8fb4-3f38b5b1fa03', '9e37a0c9-2ccc-45ba-8853-c9b92b95c97f', '3c4e3c61-f55f-11ef-947b-b8ca3af85f26', 'ed525232-f559-11ef-947b-b8ca3af85f26', 1741581792, 1741322592, 150000, 'SELESAI', '2025-03-07 11:43:12', '2025-03-07 11:43:12');
INSERT INTO `pembayarans` VALUES ('9e5f5384-a0ab-4c00-983c-e3a7200b7209', '9e55e4ec-dfe3-4aec-8fb4-3f38b5b1fa03', '9e37a0c9-2ccc-45ba-8853-c9b92b95c97f', '3c4a0f93-f55f-11ef-947b-b8ca3af85f26', 'ed525232-f559-11ef-947b-b8ca3af85f26', 1741581802, 1741322602, 150000, 'SELESAI', '2025-03-07 11:43:22', '2025-03-07 11:43:22');
INSERT INTO `pembayarans` VALUES ('9e5f5399-ec24-45ea-8d20-d7ce81cd4968', '9e55e4ec-dfe3-4aec-8fb4-3f38b5b1fa03', '9e37a0c9-2ccc-45ba-8853-c9b92b95c97f', '3c46fed5-f55f-11ef-947b-b8ca3af85f26', 'ed525232-f559-11ef-947b-b8ca3af85f26', 1741581816, 1741322616, 150000, 'SELESAI', '2025-03-07 11:43:36', '2025-03-07 11:43:36');
INSERT INTO `pembayarans` VALUES ('9e5f53ae-0425-4e42-82e4-f7ba7459ac98', '9e55e4ec-dfe3-4aec-8fb4-3f38b5b1fa03', '9e37a0c9-2ccc-45ba-8853-c9b92b95c97f', '3c471dc9-f55f-11ef-947b-b8ca3af85f26', 'ed525232-f559-11ef-947b-b8ca3af85f26', 1741581829, 1741322629, 150000, 'SELESAI', '2025-03-07 11:43:49', '2025-03-07 11:43:49');
INSERT INTO `pembayarans` VALUES ('9e5f53ce-a505-4c40-a818-9b0fddb54f4f', '9e55e4ec-dfe3-4aec-8fb4-3f38b5b1fa03', '9e37a0c9-2ccc-45ba-8853-c9b92b95c97f', '3cb41fb8-f55f-11ef-947b-b8ca3af85f26', '03441136-f55a-11ef-947b-b8ca3af85f26', 1741581851, 1741322651, 200000, 'SELESAI', '2025-03-07 11:44:11', '2025-03-07 11:44:11');
INSERT INTO `pembayarans` VALUES ('9e5f53e5-3fe0-42c3-a62a-3b4c8d8b554d', '9e55e4ec-dfe3-4aec-8fb4-3f38b5b1fa03', '9e37a0c9-2ccc-45ba-8853-c9b92b95c97f', '3c47844a-f55f-11ef-947b-b8ca3af85f26', 'ed525232-f559-11ef-947b-b8ca3af85f26', 1741581866, 1741322666, 150000, 'SELESAI', '2025-03-07 11:44:26', '2025-03-07 11:44:26');
INSERT INTO `pembayarans` VALUES ('9e5f53f7-4fee-4979-aa65-40234bdf4125', '9e55e4ec-dfe3-4aec-8fb4-3f38b5b1fa03', '9e37a0c9-2ccc-45ba-8853-c9b92b95c97f', '3c48ac3b-f55f-11ef-947b-b8ca3af85f26', 'ed525232-f559-11ef-947b-b8ca3af85f26', 1741581877, 1741322677, 150000, 'SELESAI', '2025-03-07 11:44:37', '2025-03-07 11:44:37');
INSERT INTO `pembayarans` VALUES ('9e5f540c-bc43-4c68-870c-81b52aa4f82f', '9e55e4ec-dfe3-4aec-8fb4-3f38b5b1fa03', '9e37a0c9-2ccc-45ba-8853-c9b92b95c97f', '3c47b72b-f55f-11ef-947b-b8ca3af85f26', 'ed525232-f559-11ef-947b-b8ca3af85f26', 1741581892, 1741322692, 150000, 'SELESAI', '2025-03-07 11:44:52', '2025-03-07 11:44:52');
INSERT INTO `pembayarans` VALUES ('9e5f542a-82cd-45d7-90e8-c5edd561cf52', '9e55e4ec-dfe3-4aec-8fb4-3f38b5b1fa03', '9e37a0c9-2ccc-45ba-8853-c9b92b95c97f', '3c4795d4-f55f-11ef-947b-b8ca3af85f26', 'ed525232-f559-11ef-947b-b8ca3af85f26', 1741581911, 1741322711, 150000, 'SELESAI', '2025-03-07 11:45:11', '2025-03-07 11:45:11');
INSERT INTO `pembayarans` VALUES ('9e5f718e-e841-437c-bfbe-94aea5cd05fc', '9e4bc8c7-6734-4bb1-a18d-170a7430727d', '9e37a0c9-2ccc-45ba-8853-c9b92b95c97f', '9e5f7176-42b6-4870-952b-b164d43f2669', 'fa368320-f559-11ef-947b-b8ca3af85f26', 1741586842, 1741327642, 165000, 'SELESAI', '2025-03-07 13:07:22', '2025-03-07 13:07:22');
INSERT INTO `pembayarans` VALUES ('9e5f87a8-67b7-46d0-95e1-c6a9329e0a2c', '9e4bc8c7-6734-4bb1-a18d-170a7430727d', '9e37a0c9-2ccc-45ba-8853-c9b92b95c97f', '3c492a38-f55f-11ef-947b-b8ca3af85f26', 'ed525232-f559-11ef-947b-b8ca3af85f26', 1741590550, 1741331350, 150000, 'SELESAI', '2025-03-07 14:09:10', '2025-03-07 14:09:10');
INSERT INTO `pembayarans` VALUES ('9e5fc314-0192-4f85-bfa3-9b8f61cf4530', '9e4bcb66-7d48-4aec-8f27-716cebd438b7', '9e4bcaa4-c644-46ad-ac4a-3f98829d6a35', '9e5fc2e2-edb4-483f-8cc5-f05cd7667e72', '9e4bcbc0-bc8f-4a67-a282-eb2cad3694c7', 1741773319, 1741341319, 150000, 'SELESAI', '2025-03-07 16:55:19', '2025-03-07 16:55:19');
INSERT INTO `pembayarans` VALUES ('9e61122e-acc7-4898-9cf6-65da48eb4108', '9e4bc8c7-6734-4bb1-a18d-170a7430727d', '9e37a0c9-2ccc-45ba-8853-c9b92b95c97f', '3c4c9895-f55f-11ef-947b-b8ca3af85f26', 'ed525232-f559-11ef-947b-b8ca3af85f26', 1741570340, 1741397540, 150000, 'SELESAI', '2025-03-08 08:32:20', '2025-03-08 08:32:20');
INSERT INTO `pembayarans` VALUES ('9e611991-cb1d-49ae-89d8-39b729e468ab', '9e4bc8c7-6734-4bb1-a18d-170a7430727d', '9e37a0c9-2ccc-45ba-8853-c9b92b95c97f', '3cb8493a-f55f-11ef-947b-b8ca3af85f26', '0951c412-f55a-11ef-947b-b8ca3af85f26', 1741571580, 1741398780, 250000, 'SELESAI', '2025-03-08 08:53:00', '2025-03-08 08:53:00');
INSERT INTO `pembayarans` VALUES ('9e613b8a-b2a3-4289-b002-096c555198f1', '9e4bc8c7-6734-4bb1-a18d-170a7430727d', '9e37a0c9-2ccc-45ba-8853-c9b92b95c97f', '3c4451b6-f55f-11ef-947b-b8ca3af85f26', '9e52a863-cdbc-4e55-9d91-4158a2110057', 1741577279, 1741404479, 222000, 'SELESAI', '2025-03-08 10:27:59', '2025-03-08 10:27:59');
INSERT INTO `pembayarans` VALUES ('9e61e820-0904-4479-b6b9-ee91aa2c60b8', '9e4bc8c7-6734-4bb1-a18d-170a7430727d', '9e37a0c9-2ccc-45ba-8853-c9b92b95c97f', '3c4451b6-f55f-11ef-947b-b8ca3af85f26', '9e52a863-cdbc-4e55-9d91-4158a2110057', 1739187034, 1741433434, 222000, 'SELESAI', '2025-03-08 18:30:34', '2025-03-08 18:30:34');

-- ----------------------------
-- Table structure for permissions
-- ----------------------------
DROP TABLE IF EXISTS `permissions`;
CREATE TABLE `permissions`  (
  `uuid` char(36) CHARACTER SET utf8mb4 COLLATE utf8mb4_unicode_ci NOT NULL,
  `name` varchar(255) CHARACTER SET utf8mb4 COLLATE utf8mb4_unicode_ci NOT NULL,
  `guard_name` varchar(255) CHARACTER SET utf8mb4 COLLATE utf8mb4_unicode_ci NOT NULL,
  `created_at` timestamp NULL DEFAULT NULL,
  `updated_at` timestamp NULL DEFAULT NULL,
  PRIMARY KEY (`uuid`) USING BTREE,
  UNIQUE INDEX `permissions_name_guard_name_unique`(`name`, `guard_name`) USING BTREE
) ENGINE = InnoDB CHARACTER SET = utf8mb4 COLLATE = utf8mb4_unicode_ci ROW_FORMAT = Dynamic;

-- ----------------------------
-- Records of permissions
-- ----------------------------
INSERT INTO `permissions` VALUES ('9e379d7c-22d4-4c64-a4cd-f1577ff6f3d2', 'zona-waktu-index', 'web', '2025-02-15 17:57:05', '2025-02-15 17:57:05');
INSERT INTO `permissions` VALUES ('9e379d7c-3571-405f-8737-602cae2a1976', 'zona-waktu-create', 'web', '2025-02-15 17:57:05', '2025-02-15 17:57:05');
INSERT INTO `permissions` VALUES ('9e379d7c-3a5c-47c8-9297-dd9df1e3a79e', 'zona-waktu-update', 'web', '2025-02-15 17:57:05', '2025-02-15 17:57:05');
INSERT INTO `permissions` VALUES ('9e379d7c-3e2c-441e-a2c1-eb8340415081', 'zona-waktu-delete', 'web', '2025-02-15 17:57:05', '2025-02-15 17:57:05');
INSERT INTO `permissions` VALUES ('9e379d7c-41db-4560-b343-bb1663436790', 'perusahaan-index', 'web', '2025-02-15 17:57:05', '2025-02-15 17:57:05');
INSERT INTO `permissions` VALUES ('9e379d7c-4636-4753-b0a7-a4839ad4cb10', 'perusahaan-create', 'web', '2025-02-15 17:57:05', '2025-02-15 17:57:05');
INSERT INTO `permissions` VALUES ('9e379d7c-4988-4fd4-baa4-b213d5ddbcbd', 'perusahaan-update', 'web', '2025-02-15 17:57:05', '2025-02-15 17:57:05');
INSERT INTO `permissions` VALUES ('9e379d7c-4d58-4bea-a4a7-a5eddd0a1f10', 'perusahaan-delete', 'web', '2025-02-15 17:57:05', '2025-02-15 17:57:05');
INSERT INTO `permissions` VALUES ('9e379d7c-50a2-4793-955c-46c4568a2f8e', 'paket-internet-index', 'web', '2025-02-15 17:57:05', '2025-02-15 17:57:05');
INSERT INTO `permissions` VALUES ('9e379d7c-540d-4cef-adf3-aa705ab8712a', 'paket-internet-create', 'web', '2025-02-15 17:57:05', '2025-02-15 17:57:05');
INSERT INTO `permissions` VALUES ('9e379d7c-5761-41c6-b3f1-4aa4c6c2427b', 'paket-internet-update', 'web', '2025-02-15 17:57:05', '2025-02-15 17:57:05');
INSERT INTO `permissions` VALUES ('9e379d7c-5aff-4042-b691-3640cfad3902', 'paket-internet-delete', 'web', '2025-02-15 17:57:05', '2025-02-15 17:57:05');
INSERT INTO `permissions` VALUES ('9e379d7c-5ef2-49c7-9f53-f24a4d04a8dc', 'odp-index', 'web', '2025-02-15 17:57:05', '2025-02-15 17:57:05');
INSERT INTO `permissions` VALUES ('9e379d7c-62fa-40f2-a826-f4a05252ae32', 'odp-create', 'web', '2025-02-15 17:57:05', '2025-02-15 17:57:05');
INSERT INTO `permissions` VALUES ('9e379d7c-66e0-4b6a-ad56-4f7feb0258a9', 'odp-update', 'web', '2025-02-15 17:57:05', '2025-02-15 17:57:05');
INSERT INTO `permissions` VALUES ('9e379d7c-6ac6-4f74-974a-d661e0faeb5b', 'odp-delete', 'web', '2025-02-15 17:57:05', '2025-02-15 17:57:05');
INSERT INTO `permissions` VALUES ('9e379d7c-6e23-4816-9a1b-77c2b42c0fd4', 'pelanggan-index', 'web', '2025-02-15 17:57:05', '2025-02-15 17:57:05');
INSERT INTO `permissions` VALUES ('9e379d7c-7253-4c1d-a0f6-5a491d68cc1b', 'pelanggan-create', 'web', '2025-02-15 17:57:05', '2025-02-15 17:57:05');
INSERT INTO `permissions` VALUES ('9e379d7c-7686-414a-88ba-509da48dda64', 'pelanggan-update', 'web', '2025-02-15 17:57:05', '2025-02-15 17:57:05');
INSERT INTO `permissions` VALUES ('9e379d7c-7a84-4973-87ee-bc91a56f7adf', 'pelanggan-delete', 'web', '2025-02-15 17:57:05', '2025-02-15 17:57:05');
INSERT INTO `permissions` VALUES ('9e379d7c-7ea0-4902-8755-792e3b6a783a', 'pemilik-index', 'web', '2025-02-15 17:57:05', '2025-02-15 17:57:05');
INSERT INTO `permissions` VALUES ('9e379d7c-8204-4dc8-91f2-a1236664f3bc', 'pemilik-create', 'web', '2025-02-15 17:57:05', '2025-02-15 17:57:05');
INSERT INTO `permissions` VALUES ('9e379d7c-8723-4a53-9360-479c3635ed18', 'pemilik-update', 'web', '2025-02-15 17:57:05', '2025-02-15 17:57:05');
INSERT INTO `permissions` VALUES ('9e379d7c-8c32-431e-bea8-584026657dda', 'pemilik-delete', 'web', '2025-02-15 17:57:05', '2025-02-15 17:57:05');
INSERT INTO `permissions` VALUES ('9e379d7c-9004-4885-9f69-79ec94e495cb', 'pegawai-index', 'web', '2025-02-15 17:57:05', '2025-02-15 17:57:05');
INSERT INTO `permissions` VALUES ('9e379d7c-941b-4fa3-8cee-59ed631c7977', 'pegawai-create', 'web', '2025-02-15 17:57:05', '2025-02-15 17:57:05');
INSERT INTO `permissions` VALUES ('9e379d7c-988c-4cda-8e7a-bc034d170339', 'pegawai-update', 'web', '2025-02-15 17:57:05', '2025-02-15 17:57:05');
INSERT INTO `permissions` VALUES ('9e379d7c-9c61-46d7-be6c-730179613bd0', 'pegawai-delete', 'web', '2025-02-15 17:57:05', '2025-02-15 17:57:05');
INSERT INTO `permissions` VALUES ('9e379d7c-a0f7-43b4-8e96-d0d786247828', 'pembayaran-index', 'web', '2025-02-15 17:57:05', '2025-02-15 17:57:05');
INSERT INTO `permissions` VALUES ('9e379d7c-a560-4c60-ae36-b2a79f687908', 'pembayaran-create', 'web', '2025-02-15 17:57:05', '2025-02-15 17:57:05');
INSERT INTO `permissions` VALUES ('9e379d7c-a95e-45ab-a4fa-2b4e2ae5cabe', 'laporan-pembayaran-index', 'web', '2025-02-15 17:57:05', '2025-02-15 17:57:05');
INSERT INTO `permissions` VALUES ('9e379d7c-ae51-47bb-8aee-69e0ebebcf71', 'laporan-pembayaran-print', 'web', '2025-02-15 17:57:05', '2025-02-15 17:57:05');
INSERT INTO `permissions` VALUES ('9e379d7c-b2c9-4e70-a017-045d43c55475', 'laporan-piutang-index', 'web', '2025-02-15 17:57:05', '2025-02-15 17:57:05');
INSERT INTO `permissions` VALUES ('9e379d7c-b6bb-4c25-922c-77b83d7e94c6', 'laporan-piutang-print', 'web', '2025-02-15 17:57:05', '2025-02-15 17:57:05');
INSERT INTO `permissions` VALUES ('9e379d7c-bb69-4487-bdf3-bc5e3a11eade', 'pengguna-index', 'web', '2025-02-15 17:57:05', '2025-02-15 17:57:05');
INSERT INTO `permissions` VALUES ('9e379d7c-c015-46bd-836d-853f4f8bed0f', 'pengguna-create', 'web', '2025-02-15 17:57:05', '2025-02-15 17:57:05');
INSERT INTO `permissions` VALUES ('9e379d7c-c4db-4311-8392-0ad98cf90ebd', 'pengguna-update', 'web', '2025-02-15 17:57:05', '2025-02-15 17:57:05');
INSERT INTO `permissions` VALUES ('9e379d7c-cd88-422f-92f1-eb672ba71f31', 'pengguna-delete', 'web', '2025-02-15 17:57:05', '2025-02-15 17:57:05');
INSERT INTO `permissions` VALUES ('9e379d7c-d237-4986-a21c-e33923a6831f', 'role-index', 'web', '2025-02-15 17:57:05', '2025-02-15 17:57:05');
INSERT INTO `permissions` VALUES ('9e379d7c-d64a-4b5e-9c0b-3d03afba4461', 'role-create', 'web', '2025-02-15 17:57:05', '2025-02-15 17:57:05');
INSERT INTO `permissions` VALUES ('9e379d7c-dbcb-4217-957e-547626f53e6d', 'role-update', 'web', '2025-02-15 17:57:05', '2025-02-15 17:57:05');
INSERT INTO `permissions` VALUES ('9e379d7c-e067-485e-b882-9f0534fdc64e', 'role-delete', 'web', '2025-02-15 17:57:05', '2025-02-15 17:57:05');
INSERT INTO `permissions` VALUES ('9e379d7c-e4e0-4c50-89f6-c29a91798d6d', 'permission-index', 'web', '2025-02-15 17:57:05', '2025-02-15 17:57:05');
INSERT INTO `permissions` VALUES ('9e379d7c-ea2c-4fa5-b731-c94fd6df0dfa', 'permission-create', 'web', '2025-02-15 17:57:05', '2025-02-15 17:57:05');
INSERT INTO `permissions` VALUES ('9e379d7c-efcc-472b-8624-f769b7b6f900', 'permission-update', 'web', '2025-02-15 17:57:06', '2025-02-15 17:57:06');
INSERT INTO `permissions` VALUES ('9e379d7c-f510-4f2a-a819-c721e88b01a1', 'permission-delete', 'web', '2025-02-15 17:57:06', '2025-02-15 17:57:06');
INSERT INTO `permissions` VALUES ('9e522638-67f9-47a0-83d9-ab9cfba07b73', 'aplikasi-index', 'web', '2025-02-28 22:30:57', '2025-02-28 22:30:57');
INSERT INTO `permissions` VALUES ('9e59d59c-27e7-4a96-935f-e95392e11066', 'pengaturan-perusahaan', 'web', '2025-03-04 18:12:10', '2025-03-04 18:12:10');

-- ----------------------------
-- Table structure for perusahaans
-- ----------------------------
DROP TABLE IF EXISTS `perusahaans`;
CREATE TABLE `perusahaans`  (
  `id` char(36) CHARACTER SET utf8mb4 COLLATE utf8mb4_unicode_ci NOT NULL,
  `nama` varchar(255) CHARACTER SET utf8mb4 COLLATE utf8mb4_unicode_ci NULL DEFAULT NULL,
  `telp` varchar(255) CHARACTER SET utf8mb4 COLLATE utf8mb4_unicode_ci NULL DEFAULT NULL,
  `alamat` varchar(255) CHARACTER SET utf8mb4 COLLATE utf8mb4_unicode_ci NULL DEFAULT NULL,
  `koordinat` varchar(255) CHARACTER SET utf8mb4 COLLATE utf8mb4_unicode_ci NULL DEFAULT NULL,
  `logo` varchar(255) CHARACTER SET utf8mb4 COLLATE utf8mb4_unicode_ci NULL DEFAULT NULL,
  `token_wa` varchar(255) CHARACTER SET utf8mb4 COLLATE utf8mb4_unicode_ci NULL DEFAULT NULL,
  `deleted_at` timestamp NULL DEFAULT NULL,
  `created_at` timestamp NULL DEFAULT NULL,
  `updated_at` timestamp NULL DEFAULT NULL,
  PRIMARY KEY (`id`) USING BTREE
) ENGINE = InnoDB CHARACTER SET = utf8mb4 COLLATE = utf8mb4_unicode_ci ROW_FORMAT = Dynamic;

-- ----------------------------
-- Records of perusahaans
-- ----------------------------
INSERT INTO `perusahaans` VALUES ('9e37a0c9-2ccc-45ba-8853-c9b92b95c97f', 'LJN MITRA SUMUBKIDUL', '6282324624106', 'Sumubkidul, Sragi, Pekalongan', '-6.968510543620823, 109.53814902251267', 'logo/4CC7FFE2-9A98-ABD7-496A-919C887BAA66-1740405994.png', 'Veoy7wo8ZrhCJzTjxXBGkkk', NULL, '2025-02-15 18:06:19', '2025-03-08 10:29:21');
INSERT INTO `perusahaans` VALUES ('9e4bcaa4-c644-46ad-ac4a-3f98829d6a35', 'PT ABATA TECH SOLUTION', '6285201365883', 'Karangrejo, Kesesi, Kebupaten Pekalongan', '-7.018096761394982, 109.52646421141948', 'logo/93B31ADE-5114-C1A0-8766-7D207808466C-1740483595.png', '8nF33GVXjk1g2vofowSC', NULL, '2025-02-25 18:39:55', '2025-03-04 18:12:49');

-- ----------------------------
-- Table structure for role_has_permissions
-- ----------------------------
DROP TABLE IF EXISTS `role_has_permissions`;
CREATE TABLE `role_has_permissions`  (
  `permission_id` char(36) CHARACTER SET utf8mb4 COLLATE utf8mb4_unicode_ci NOT NULL,
  `role_id` char(36) CHARACTER SET utf8mb4 COLLATE utf8mb4_unicode_ci NOT NULL,
  PRIMARY KEY (`permission_id`, `role_id`) USING BTREE,
  INDEX `role_has_permissions_role_id_foreign`(`role_id`) USING BTREE,
  CONSTRAINT `role_has_permissions_permission_id_foreign` FOREIGN KEY (`permission_id`) REFERENCES `permissions` (`uuid`) ON DELETE CASCADE ON UPDATE RESTRICT,
  CONSTRAINT `role_has_permissions_role_id_foreign` FOREIGN KEY (`role_id`) REFERENCES `roles` (`uuid`) ON DELETE CASCADE ON UPDATE RESTRICT
) ENGINE = InnoDB CHARACTER SET = utf8mb4 COLLATE = utf8mb4_unicode_ci ROW_FORMAT = Dynamic;

-- ----------------------------
-- Records of role_has_permissions
-- ----------------------------
INSERT INTO `role_has_permissions` VALUES ('9e379d7c-22d4-4c64-a4cd-f1577ff6f3d2', '9e379d7c-f6ce-4134-9bc5-4f50ac5997da');
INSERT INTO `role_has_permissions` VALUES ('9e379d7c-3571-405f-8737-602cae2a1976', '9e379d7c-f6ce-4134-9bc5-4f50ac5997da');
INSERT INTO `role_has_permissions` VALUES ('9e379d7c-3a5c-47c8-9297-dd9df1e3a79e', '9e379d7c-f6ce-4134-9bc5-4f50ac5997da');
INSERT INTO `role_has_permissions` VALUES ('9e379d7c-3e2c-441e-a2c1-eb8340415081', '9e379d7c-f6ce-4134-9bc5-4f50ac5997da');
INSERT INTO `role_has_permissions` VALUES ('9e379d7c-41db-4560-b343-bb1663436790', '9e379d7c-f6ce-4134-9bc5-4f50ac5997da');
INSERT INTO `role_has_permissions` VALUES ('9e379d7c-4636-4753-b0a7-a4839ad4cb10', '9e379d7c-f6ce-4134-9bc5-4f50ac5997da');
INSERT INTO `role_has_permissions` VALUES ('9e379d7c-4988-4fd4-baa4-b213d5ddbcbd', '9e379d7c-f6ce-4134-9bc5-4f50ac5997da');
INSERT INTO `role_has_permissions` VALUES ('9e379d7c-4d58-4bea-a4a7-a5eddd0a1f10', '9e379d7c-f6ce-4134-9bc5-4f50ac5997da');
INSERT INTO `role_has_permissions` VALUES ('9e379d7c-7ea0-4902-8755-792e3b6a783a', '9e379d7c-f6ce-4134-9bc5-4f50ac5997da');
INSERT INTO `role_has_permissions` VALUES ('9e379d7c-8204-4dc8-91f2-a1236664f3bc', '9e379d7c-f6ce-4134-9bc5-4f50ac5997da');
INSERT INTO `role_has_permissions` VALUES ('9e379d7c-8723-4a53-9360-479c3635ed18', '9e379d7c-f6ce-4134-9bc5-4f50ac5997da');
INSERT INTO `role_has_permissions` VALUES ('9e379d7c-8c32-431e-bea8-584026657dda', '9e379d7c-f6ce-4134-9bc5-4f50ac5997da');
INSERT INTO `role_has_permissions` VALUES ('9e379d7c-bb69-4487-bdf3-bc5e3a11eade', '9e379d7c-f6ce-4134-9bc5-4f50ac5997da');
INSERT INTO `role_has_permissions` VALUES ('9e379d7c-c015-46bd-836d-853f4f8bed0f', '9e379d7c-f6ce-4134-9bc5-4f50ac5997da');
INSERT INTO `role_has_permissions` VALUES ('9e379d7c-c4db-4311-8392-0ad98cf90ebd', '9e379d7c-f6ce-4134-9bc5-4f50ac5997da');
INSERT INTO `role_has_permissions` VALUES ('9e379d7c-cd88-422f-92f1-eb672ba71f31', '9e379d7c-f6ce-4134-9bc5-4f50ac5997da');
INSERT INTO `role_has_permissions` VALUES ('9e379d7c-d237-4986-a21c-e33923a6831f', '9e379d7c-f6ce-4134-9bc5-4f50ac5997da');
INSERT INTO `role_has_permissions` VALUES ('9e379d7c-d64a-4b5e-9c0b-3d03afba4461', '9e379d7c-f6ce-4134-9bc5-4f50ac5997da');
INSERT INTO `role_has_permissions` VALUES ('9e379d7c-dbcb-4217-957e-547626f53e6d', '9e379d7c-f6ce-4134-9bc5-4f50ac5997da');
INSERT INTO `role_has_permissions` VALUES ('9e379d7c-e067-485e-b882-9f0534fdc64e', '9e379d7c-f6ce-4134-9bc5-4f50ac5997da');
INSERT INTO `role_has_permissions` VALUES ('9e379d7c-e4e0-4c50-89f6-c29a91798d6d', '9e379d7c-f6ce-4134-9bc5-4f50ac5997da');
INSERT INTO `role_has_permissions` VALUES ('9e379d7c-ea2c-4fa5-b731-c94fd6df0dfa', '9e379d7c-f6ce-4134-9bc5-4f50ac5997da');
INSERT INTO `role_has_permissions` VALUES ('9e379d7c-efcc-472b-8624-f769b7b6f900', '9e379d7c-f6ce-4134-9bc5-4f50ac5997da');
INSERT INTO `role_has_permissions` VALUES ('9e379d7c-f510-4f2a-a819-c721e88b01a1', '9e379d7c-f6ce-4134-9bc5-4f50ac5997da');
INSERT INTO `role_has_permissions` VALUES ('9e522638-67f9-47a0-83d9-ab9cfba07b73', '9e379d7c-f6ce-4134-9bc5-4f50ac5997da');
INSERT INTO `role_has_permissions` VALUES ('9e379d7c-50a2-4793-955c-46c4568a2f8e', '9e379d80-513c-4b03-943d-f3fcbd1fcc92');
INSERT INTO `role_has_permissions` VALUES ('9e379d7c-540d-4cef-adf3-aa705ab8712a', '9e379d80-513c-4b03-943d-f3fcbd1fcc92');
INSERT INTO `role_has_permissions` VALUES ('9e379d7c-5761-41c6-b3f1-4aa4c6c2427b', '9e379d80-513c-4b03-943d-f3fcbd1fcc92');
INSERT INTO `role_has_permissions` VALUES ('9e379d7c-5aff-4042-b691-3640cfad3902', '9e379d80-513c-4b03-943d-f3fcbd1fcc92');
INSERT INTO `role_has_permissions` VALUES ('9e379d7c-5ef2-49c7-9f53-f24a4d04a8dc', '9e379d80-513c-4b03-943d-f3fcbd1fcc92');
INSERT INTO `role_has_permissions` VALUES ('9e379d7c-62fa-40f2-a826-f4a05252ae32', '9e379d80-513c-4b03-943d-f3fcbd1fcc92');
INSERT INTO `role_has_permissions` VALUES ('9e379d7c-66e0-4b6a-ad56-4f7feb0258a9', '9e379d80-513c-4b03-943d-f3fcbd1fcc92');
INSERT INTO `role_has_permissions` VALUES ('9e379d7c-6ac6-4f74-974a-d661e0faeb5b', '9e379d80-513c-4b03-943d-f3fcbd1fcc92');
INSERT INTO `role_has_permissions` VALUES ('9e379d7c-6e23-4816-9a1b-77c2b42c0fd4', '9e379d80-513c-4b03-943d-f3fcbd1fcc92');
INSERT INTO `role_has_permissions` VALUES ('9e379d7c-7253-4c1d-a0f6-5a491d68cc1b', '9e379d80-513c-4b03-943d-f3fcbd1fcc92');
INSERT INTO `role_has_permissions` VALUES ('9e379d7c-7686-414a-88ba-509da48dda64', '9e379d80-513c-4b03-943d-f3fcbd1fcc92');
INSERT INTO `role_has_permissions` VALUES ('9e379d7c-7a84-4973-87ee-bc91a56f7adf', '9e379d80-513c-4b03-943d-f3fcbd1fcc92');
INSERT INTO `role_has_permissions` VALUES ('9e379d7c-9004-4885-9f69-79ec94e495cb', '9e379d80-513c-4b03-943d-f3fcbd1fcc92');
INSERT INTO `role_has_permissions` VALUES ('9e379d7c-941b-4fa3-8cee-59ed631c7977', '9e379d80-513c-4b03-943d-f3fcbd1fcc92');
INSERT INTO `role_has_permissions` VALUES ('9e379d7c-988c-4cda-8e7a-bc034d170339', '9e379d80-513c-4b03-943d-f3fcbd1fcc92');
INSERT INTO `role_has_permissions` VALUES ('9e379d7c-9c61-46d7-be6c-730179613bd0', '9e379d80-513c-4b03-943d-f3fcbd1fcc92');
INSERT INTO `role_has_permissions` VALUES ('9e379d7c-a0f7-43b4-8e96-d0d786247828', '9e379d80-513c-4b03-943d-f3fcbd1fcc92');
INSERT INTO `role_has_permissions` VALUES ('9e379d7c-a560-4c60-ae36-b2a79f687908', '9e379d80-513c-4b03-943d-f3fcbd1fcc92');
INSERT INTO `role_has_permissions` VALUES ('9e379d7c-a95e-45ab-a4fa-2b4e2ae5cabe', '9e379d80-513c-4b03-943d-f3fcbd1fcc92');
INSERT INTO `role_has_permissions` VALUES ('9e379d7c-ae51-47bb-8aee-69e0ebebcf71', '9e379d80-513c-4b03-943d-f3fcbd1fcc92');
INSERT INTO `role_has_permissions` VALUES ('9e379d7c-b2c9-4e70-a017-045d43c55475', '9e379d80-513c-4b03-943d-f3fcbd1fcc92');
INSERT INTO `role_has_permissions` VALUES ('9e379d7c-b6bb-4c25-922c-77b83d7e94c6', '9e379d80-513c-4b03-943d-f3fcbd1fcc92');
INSERT INTO `role_has_permissions` VALUES ('9e59d59c-27e7-4a96-935f-e95392e11066', '9e379d80-513c-4b03-943d-f3fcbd1fcc92');
INSERT INTO `role_has_permissions` VALUES ('9e379d7c-a0f7-43b4-8e96-d0d786247828', '9e379d80-599c-4f6e-a337-aa3ba3b0446d');
INSERT INTO `role_has_permissions` VALUES ('9e379d7c-a560-4c60-ae36-b2a79f687908', '9e379d80-599c-4f6e-a337-aa3ba3b0446d');

-- ----------------------------
-- Table structure for roles
-- ----------------------------
DROP TABLE IF EXISTS `roles`;
CREATE TABLE `roles`  (
  `uuid` char(36) CHARACTER SET utf8mb4 COLLATE utf8mb4_unicode_ci NOT NULL,
  `name` varchar(255) CHARACTER SET utf8mb4 COLLATE utf8mb4_unicode_ci NOT NULL,
  `guard_name` varchar(255) CHARACTER SET utf8mb4 COLLATE utf8mb4_unicode_ci NOT NULL,
  `created_at` timestamp NULL DEFAULT NULL,
  `updated_at` timestamp NULL DEFAULT NULL,
  PRIMARY KEY (`uuid`) USING BTREE,
  UNIQUE INDEX `roles_name_guard_name_unique`(`name`, `guard_name`) USING BTREE
) ENGINE = InnoDB CHARACTER SET = utf8mb4 COLLATE = utf8mb4_unicode_ci ROW_FORMAT = Dynamic;

-- ----------------------------
-- Records of roles
-- ----------------------------
INSERT INTO `roles` VALUES ('9e379d7c-f6ce-4134-9bc5-4f50ac5997da', 'DEVELOPER', 'web', '2025-02-15 17:57:06', '2025-02-15 17:57:06');
INSERT INTO `roles` VALUES ('9e379d80-513c-4b03-943d-f3fcbd1fcc92', 'PEMILIK', 'web', '2025-02-15 17:57:08', '2025-02-15 17:57:08');
INSERT INTO `roles` VALUES ('9e379d80-599c-4f6e-a337-aa3ba3b0446d', 'PEGAWAI', 'web', '2025-02-15 17:57:08', '2025-02-15 17:57:08');

-- ----------------------------
-- Table structure for sessions
-- ----------------------------
DROP TABLE IF EXISTS `sessions`;
CREATE TABLE `sessions`  (
  `id` varchar(255) CHARACTER SET utf8mb4 COLLATE utf8mb4_unicode_ci NOT NULL,
  `user_id` char(36) CHARACTER SET utf8mb4 COLLATE utf8mb4_unicode_ci NULL DEFAULT NULL,
  `ip_address` varchar(45) CHARACTER SET utf8mb4 COLLATE utf8mb4_unicode_ci NULL DEFAULT NULL,
  `user_agent` text CHARACTER SET utf8mb4 COLLATE utf8mb4_unicode_ci NULL DEFAULT NULL,
  `payload` longtext CHARACTER SET utf8mb4 COLLATE utf8mb4_unicode_ci NOT NULL,
  `last_activity` int(11) NOT NULL,
  PRIMARY KEY (`id`) USING BTREE,
  INDEX `sessions_user_id_index`(`user_id`) USING BTREE,
  INDEX `sessions_last_activity_index`(`last_activity`) USING BTREE
) ENGINE = InnoDB CHARACTER SET = utf8mb4 COLLATE = utf8mb4_unicode_ci ROW_FORMAT = Dynamic;

-- ----------------------------
-- Records of sessions
-- ----------------------------
INSERT INTO `sessions` VALUES ('dXO5VO7S7UsbeiQ4hL3K5KqzifeR9A4elb6RmCKd', '9e4bc8c7-6734-4bb1-a18d-170a7430727d', '127.0.0.1', 'Mozilla/5.0 (Windows NT 10.0; Win64; x64) AppleWebKit/537.36 (KHTML, like Gecko) Chrome/136.0.0.0 Safari/537.36', 'ZXlKcGRpSTZJa0V6VG5OSE1GRlplbUZHY1ZobE16UjNWalpZYUdjOVBTSXNJblpoYkhWbElqb2lNR0ZDVEhJemRteHNZMFY0WVM5dFptWkxNVW80ZWpKRWJHbGpjMGR3VjFWM2VUVlRPRWhOWkdOa1ZtUm9PVXRtTDBzNVNVOUdiVEo1ZVRaRFFpdHdWR3h6T1dORk9WcFBlblkwYm5OV2JtNHJLMnB2YkZsS1dqaHJZMUpEYWtkR1dsQXZibk5EV0dWRll6bHZaVkpWTldaaVZtOWlRMGxOTVdOTFNISTNWbWxsYVZCbVdVaERTVkp0TDB4RFVVNURiRWMxVjFWc2MzbDVkRXB3UjFacmFISk9kVE5xVUVWSlNEUnBjRkV3Y1dSUU1VOXlNV1Z0VGxaRlMwcDJTalpPUWk5UmFVeFpRa0Y2VUhOalpHa3JZMnhGYW1KbGJteEJNRGxLZWtSS2IwUkpRWGxNWnk5emVWbHRMekJGVGtaQlFuSkdaM2hIYlVvNFVqZE9Rbk5yZUc1clUxY3ZOeXM1VDNKQk56WjVSbVJEUlZwcWRHRnVNRXQwVFZSWVpWVkRUbmhtWlZCRVpqbFlVbXRXU0dWMFkwTkVRbTQxZEZjclpFazVVVzVPYlc1UGNrNHZVbWd3TjJwaU1WaFRhbk5DTmpselRrMU5WRUV5ZDJoNE5raHpOVkZLYmxGc1ZFUmplRXhLTURGdmRtNU9XV1ZhTkZZNWRsVXpWMU5HVkZKblNrTjZTbTUyWVVKbWRWbHFjRVkwVTJGcFRFSjNNbFZNU0RrNGJEWXdVVGRPVG1Fd1JEWlFablpTUlQwaUxDSnRZV01pT2lJd04yRTJaVFl6WTJJM05HTTRPVEZpTWpreE9UUXhNemRoWmpSbE5EQTJPR1F4TmpVMVpXUmxOalppWmpsalpEVTBOVEpsTWpCak1EWTVPRFUwWVRBeUlpd2lkR0ZuSWpvaUluMD0=', 1747398582);

-- ----------------------------
-- Table structure for user_perusahaans
-- ----------------------------
DROP TABLE IF EXISTS `user_perusahaans`;
CREATE TABLE `user_perusahaans`  (
  `user_id` char(36) CHARACTER SET utf8mb4 COLLATE utf8mb4_unicode_ci NULL DEFAULT NULL COMMENT 'id user',
  `perusahaan_id` char(36) CHARACTER SET utf8mb4 COLLATE utf8mb4_unicode_ci NULL DEFAULT NULL COMMENT 'id perusahaan'
) ENGINE = InnoDB CHARACTER SET = utf8mb4 COLLATE = utf8mb4_unicode_ci ROW_FORMAT = Dynamic;

-- ----------------------------
-- Records of user_perusahaans
-- ----------------------------
INSERT INTO `user_perusahaans` VALUES ('9e4bc8c7-6734-4bb1-a18d-170a7430727d', '9e37a0c9-2ccc-45ba-8853-c9b92b95c97f');
INSERT INTO `user_perusahaans` VALUES ('9e4bcb66-7d48-4aec-8f27-716cebd438b7', '9e4bcaa4-c644-46ad-ac4a-3f98829d6a35');
INSERT INTO `user_perusahaans` VALUES ('9e55e4ec-dfe3-4aec-8fb4-3f38b5b1fa03', '9e37a0c9-2ccc-45ba-8853-c9b92b95c97f');

-- ----------------------------
-- Table structure for users
-- ----------------------------
DROP TABLE IF EXISTS `users`;
CREATE TABLE `users`  (
  `id` char(36) CHARACTER SET utf8mb4 COLLATE utf8mb4_unicode_ci NOT NULL,
  `zona_waktu_id` char(36) CHARACTER SET utf8mb4 COLLATE utf8mb4_unicode_ci NULL DEFAULT NULL COMMENT 'id zona waktu',
  `name` varchar(255) CHARACTER SET utf8mb4 COLLATE utf8mb4_unicode_ci NOT NULL,
  `email` varchar(255) CHARACTER SET utf8mb4 COLLATE utf8mb4_unicode_ci NOT NULL,
  `email_verified_at` timestamp NULL DEFAULT NULL,
  `password` varchar(255) CHARACTER SET utf8mb4 COLLATE utf8mb4_unicode_ci NOT NULL,
  `remember_token` varchar(100) CHARACTER SET utf8mb4 COLLATE utf8mb4_unicode_ci NULL DEFAULT NULL,
  `deleted_at` timestamp NULL DEFAULT NULL,
  `created_at` timestamp NULL DEFAULT NULL,
  `updated_at` timestamp NULL DEFAULT NULL,
  PRIMARY KEY (`id`) USING BTREE,
  UNIQUE INDEX `users_email_unique`(`email`) USING BTREE
) ENGINE = InnoDB CHARACTER SET = utf8mb4 COLLATE = utf8mb4_unicode_ci ROW_FORMAT = Dynamic;

-- ----------------------------
-- Records of users
-- ----------------------------
INSERT INTO `users` VALUES ('9e379d80-4ec0-4314-b6ba-358a259ec70f', '9e379fe9-42f7-4c54-95f2-e6765aae4a09', 'Developer', 'dev@abata.web.id', '2025-02-15 17:57:07', '$2y$12$81yHzpncpgHemy0xXkR4YeeR5dvxhNosdzS8wsITpHgmeXh7tk/wa', 'OlgZR0HJbYpthjKEdHQMWFXTJqxIeJ3XRTlSbwuporUgbZ41womfjUHf6Z7B', NULL, '2025-02-15 17:57:08', '2025-02-15 18:17:05');
INSERT INTO `users` VALUES ('9e4bc8c7-6734-4bb1-a18d-170a7430727d', '9e379fe9-42f7-4c54-95f2-e6765aae4a09', 'GUN', 'wahyuhandayani1987@gmail.com', '2025-02-25 18:38:08', '$2y$12$81yHzpncpgHemy0xXkR4YeeR5dvxhNosdzS8wsITpHgmeXh7tk/wa', 'dSI6JwteZtQZsRTPa5k5vBbTWqzUTjWuyIy4yHu9PzAHlOmn4r3Vct77oFiQ', NULL, '2025-02-25 18:34:42', '2025-03-01 19:12:58');
INSERT INTO `users` VALUES ('9e4bcb66-7d48-4aec-8f27-716cebd438b7', '9e379fe9-42f7-4c54-95f2-e6765aae4a09', 'GUNTUR', 'goentursumkid@gmail.com', '2025-02-25 18:42:40', '$2y$12$APHmDvQCBHkIYlWP8uIrpOwi8/YGN4gIE7Jzps6AR3dPKZgVk7Nri', 'OWX8o7kKGQNCjdMFjnQPXorm8eOHNgaYuegwQTXe0gnkHSyHOOauqDrx8xRZ', NULL, '2025-02-25 18:42:02', '2025-02-25 18:42:40');
INSERT INTO `users` VALUES ('9e55e4ec-dfe3-4aec-8fb4-3f38b5b1fa03', '9e379fe9-42f7-4c54-95f2-e6765aae4a09', 'Raning', 'raningutami25@gmail.com', '2025-03-02 19:13:51', '$2y$12$nZAEAw4hLb0oiqKGKZTJves36c3ac.6mRUsFCDWu9sT1fVg7FdKym', NULL, NULL, '2025-03-02 19:11:41', '2025-03-02 19:13:51');

-- ----------------------------
-- Table structure for zona_waktus
-- ----------------------------
DROP TABLE IF EXISTS `zona_waktus`;
CREATE TABLE `zona_waktus`  (
  `id` char(36) CHARACTER SET utf8mb4 COLLATE utf8mb4_unicode_ci NOT NULL,
  `nama` varchar(255) CHARACTER SET utf8mb4 COLLATE utf8mb4_unicode_ci NULL DEFAULT NULL,
  `singkatan` varchar(255) CHARACTER SET utf8mb4 COLLATE utf8mb4_unicode_ci NULL DEFAULT NULL,
  `deleted_at` timestamp NULL DEFAULT NULL,
  `created_at` timestamp NULL DEFAULT NULL,
  `updated_at` timestamp NULL DEFAULT NULL,
  PRIMARY KEY (`id`) USING BTREE
) ENGINE = InnoDB CHARACTER SET = utf8mb4 COLLATE = utf8mb4_unicode_ci ROW_FORMAT = Dynamic;

-- ----------------------------
-- Records of zona_waktus
-- ----------------------------
INSERT INTO `zona_waktus` VALUES ('9e379fe9-42f7-4c54-95f2-e6765aae4a09', 'Asia/Jakarta', 'WIB', NULL, '2025-02-15 18:03:52', '2025-02-15 18:03:52');
INSERT INTO `zona_waktus` VALUES ('9e41ce73-013c-4fee-a77e-30edb75dacd0', 'Asia/Makasar', 'WITA', NULL, '2025-02-20 19:32:17', '2025-02-20 19:32:17');
INSERT INTO `zona_waktus` VALUES ('9e41cef4-bccb-41f8-bf1f-82e283b76e00', 'Asia/Jayapura', 'WIT', NULL, '2025-02-20 19:33:42', '2025-02-20 19:33:54');

SET FOREIGN_KEY_CHECKS = 1;
